customerID,gender,SeniorCitizen,Partner,Dependents,tenure,PhoneService,MultipleLines,InternetService,OnlineSecurity,TechSupport,StreamingTV,Contract,PaperlessBilling,PaymentMethod,MonthlyCharges,TotalCharges,Churn
CUST-00000,Male,0,No,No,27,Yes,No,Fiber optic,No,No internet service,No,Month-to-month,Yes,Electronic check,86.27,2303.51,Yes
CUST-00001,Female,0,No,No,21,Yes,No,Fiber optic,No,No,Yes,Two year,Yes,Credit card,25.92,518.09,Yes
CUST-00002,Male,0,No,Yes,15,Yes,Yes,Fiber optic,Yes,No,No internet service,Month-to-month,No,Credit card,101.3,1471.13,Yes
CUST-00003,Male,1,Yes,No,12,Yes,Yes,DSL,Yes,No internet service,No internet service,Month-to-month,No,Electronic check,90.04,1102.01,Yes
CUST-00004,Male,0,Yes,No,61,Yes,No,No,No internet service,No,No internet service,Month-to-month,No,Credit card,44.63,2770.14,Yes
CUST-00005,Female,0,Yes,No,42,Yes,No,DSL,No,No internet service,No internet service,One year,Yes,Electronic check,57.96,2412.96,Yes
CUST-00006,Male,1,Yes,Yes,31,Yes,No,Fiber optic,No internet service,No,No internet service,Month-to-month,No,Mailed check,81.25,,Yes
CUST-00007,Male,0,No,No,66,Yes,No phone service,No,No,No internet service,No,Two year,Yes,Mailed check,114.54,7601.47,No
CUST-00008,Male,1,No,No,56,Yes,No phone service,Fiber optic,No,No,No,One year,Yes,Bank transfer,82.18,4572.7,No
CUST-00009,Female,1,No,No,64,Yes,Yes,No,Yes,No internet service,Yes,Month-to-month,No,Electronic check,43.81,2754.56,No
CUST-00010,Male,0,No,No,68,Yes,Yes,Fiber optic,Yes,No,No,One year,Yes,Bank transfer,67.21,4542.69,No
CUST-00011,Male,1,Yes,No,48,Yes,Yes,DSL,No,No,No,Month-to-month,No,Credit card,63.86,3025.68,No
CUST-00012,Male,0,No,No,32,Yes,No,Fiber optic,No,No,No internet service,Month-to-month,Yes,Mailed check,72.33,2337.16,Yes
CUST-00013,Male,0,Yes,No,18,Yes,No,No,No,No,No,Month-to-month,Yes,Electronic check,70.94,1227.08,No
CUST-00014,Female,0,No,No,35,Yes,No,No,No,No,No internet service,Two year,Yes,Bank transfer,55.13,1923.69,No
CUST-00015,Male,1,No,Yes,69,Yes,Yes,Fiber optic,No,No internet service,No,Month-to-month,Yes,Credit card,106.93,7377.37,Yes
CUST-00016,Female,0,No,Yes,14,Yes,No,DSL,No internet service,No,Yes,One year,Yes,Credit card,51.67,751.8,No
CUST-00017,Female,0,Yes,Yes,23,Yes,No,DSL,Yes,No internet service,Yes,Two year,Yes,Electronic check,72.06,1659.62,No
CUST-00018,Female,0,Yes,Yes,26,Yes,No phone service,Fiber optic,Yes,No,No internet service,One year,No,Credit card,44.61,1122.33,Yes
CUST-00019,Male,0,No,Yes,48,Yes,No,Fiber optic,No internet service,Yes,No,Month-to-month,Yes,Bank transfer,62.35,2985.45,Yes
CUST-00020,Female,0,No,Yes,22,Yes,No,Fiber optic,No,Yes,Yes,One year,No,Electronic check,87.5,1968.46,Yes
CUST-00021,Male,0,No,Yes,32,Yes,Yes,No,No,Yes,No,Month-to-month,Yes,Bank transfer,95.3,3023.28,No
CUST-00022,Female,0,Yes,No,40,Yes,No,Fiber optic,Yes,Yes,Yes,One year,Yes,Electronic check,100.23,3989.15,Yes
CUST-00023,Female,0,Yes,Yes,55,Yes,Yes,DSL,No internet service,No,No internet service,Month-to-month,Yes,Bank transfer,93.16,5161.13,Yes
CUST-00024,Female,0,Yes,No,28,Yes,No,Fiber optic,No,No,Yes,Month-to-month,Yes,Credit card,65.61,1865.68,No
CUST-00025,Female,0,No,Yes,30,No,Yes,No,No,No,Yes,One year,Yes,Mailed check,21.82,634.15,No
CUST-00026,Female,0,Yes,No,64,No,Yes,Fiber optic,No internet service,No,No,Month-to-month,No,Credit card,71.5,4596.84,No
CUST-00027,Female,1,No,No,17,No,Yes,DSL,No,No,No internet service,Month-to-month,Yes,Credit card,23.63,360.22,Yes
CUST-00028,Female,0,Yes,No,5,Yes,Yes,DSL,No,Yes,No internet service,Two year,Yes,Bank transfer,116.58,587.2,No
CUST-00029,Female,1,No,No,51,Yes,Yes,No,No,Yes,Yes,Two year,No,Bank transfer,56.55,2921.15,No
CUST-00030,Male,0,No,Yes,39,Yes,No phone service,DSL,No,No,No internet service,One year,Yes,Mailed check,69.37,2739.68,Yes
CUST-00031,Male,0,Yes,No,64,Yes,Yes,Fiber optic,No,Yes,No,Two year,No,Mailed check,31.21,1967.72,No
CUST-00032,Female,0,No,No,41,Yes,No,Fiber optic,No,No,Yes,Two year,No,Bank transfer,119.56,4905.28,No
CUST-00033,Female,0,No,No,67,Yes,Yes,DSL,Yes,Yes,No,Two year,Yes,Credit card,68.2,4559.25,No
CUST-00034,Female,0,No,No,31,Yes,No,Fiber optic,No internet service,No,No internet service,Month-to-month,No,Electronic check,48.43,1507.42,Yes
CUST-00035,Male,0,Yes,No,9,Yes,Yes,DSL,No,No,No,Month-to-month,Yes,Mailed check,37.69,296.72,No
CUST-00036,Female,0,No,No,68,Yes,Yes,Fiber optic,Yes,No,No internet service,Month-to-month,No,Credit card,84.29,5779.86,Yes
CUST-00037,Male,0,Yes,Yes,8,Yes,Yes,DSL,No,Yes,No,Two year,Yes,Electronic check,62.5,506.35,No
CUST-00038,Male,0,Yes,No,68,Yes,No,Fiber optic,No internet service,Yes,No,Two year,Yes,Credit card,50.37,3387.09,Yes
CUST-00039,Male,0,No,Yes,60,No,Yes,No,No,No,Yes,One year,No,Mailed check,18.98,1153.03,No
CUST-00040,Male,0,Yes,No,10,No,No phone service,DSL,Yes,No internet service,No internet service,Month-to-month,No,Bank transfer,21.71,167.87,Yes
CUST-00041,Male,0,No,Yes,67,Yes,No,No,Yes,Yes,No,Month-to-month,No,Bank transfer,88.75,5896.9,Yes
CUST-00042,Female,1,Yes,Yes,7,Yes,No,DSL,Yes,Yes,No,Month-to-month,Yes,Mailed check,67.02,437.05,Yes
CUST-00043,Female,0,No,No,48,Yes,No phone service,Fiber optic,Yes,Yes,No,One year,No,Bank transfer,104.59,4997.41,Yes
CUST-00044,Female,0,Yes,No,23,Yes,No,Fiber optic,No internet service,No,No,Two year,No,Electronic check,94.86,2158.1,Yes
CUST-00045,Female,0,No,No,32,Yes,No phone service,Fiber optic,Yes,No internet service,No,Month-to-month,No,Credit card,76.49,2442.0,Yes
CUST-00046,Female,0,No,Yes,18,Yes,Yes,DSL,No internet service,Yes,No,One year,No,Bank transfer,75.22,1355.28,No
CUST-00047,Male,0,No,Yes,1,Yes,No,DSL,Yes,No,No,Two year,No,Bank transfer,94.03,86.25,No
CUST-00048,Female,0,No,No,54,Yes,Yes,Fiber optic,No internet service,No,Yes,Month-to-month,No,Bank transfer,93.6,5041.79,Yes
CUST-00049,Female,0,Yes,No,10,No,No,DSL,Yes,No internet service,No,Two year,Yes,Mailed check,52.12,538.21,No
CUST-00050,Male,0,Yes,No,16,Yes,No,No,No,No,No,One year,Yes,Mailed check,28.74,434.67,No
CUST-00051,Female,0,No,No,41,Yes,No phone service,DSL,Yes,Yes,No,One year,Yes,Bank transfer,96.73,3978.71,Yes
CUST-00052,Male,0,Yes,No,60,Yes,No phone service,Fiber optic,No,No,No,One year,Yes,Mailed check,40.76,2491.27,No
CUST-00053,Female,1,No,No,2,Yes,Yes,Fiber optic,Yes,No internet service,Yes,Month-to-month,No,Credit card,98.71,194.6,Yes
CUST-00054,Male,0,No,No,34,Yes,Yes,Fiber optic,No,No internet service,Yes,One year,No,Electronic check,81.05,2756.82,Yes
CUST-00055,Female,1,Yes,No,65,Yes,No,No,No,No,No,Month-to-month,No,Credit card,54.51,3565.98,No
CUST-00056,Female,0,Yes,No,0,Yes,No,Fiber optic,No internet service,Yes,No,Month-to-month,Yes,Credit card,104.93,0.74,No
CUST-00057,Male,0,No,No,6,Yes,Yes,DSL,Yes,No,Yes,One year,No,Electronic check,88.5,495.39,Yes
CUST-00058,Male,0,Yes,No,19,Yes,No,Fiber optic,Yes,No internet service,No,Month-to-month,No,Electronic check,73.6,1409.47,Yes
CUST-00059,Male,0,No,No,42,Yes,No,DSL,Yes,No,Yes,One year,Yes,Credit card,48.69,2045.86,No
CUST-00060,Male,0,Yes,Yes,5,Yes,No,Fiber optic,No,No,Yes,Month-to-month,No,Electronic check,118.6,638.15,Yes
CUST-00061,Male,0,Yes,Yes,54,Yes,Yes,No,Yes,Yes,Yes,One year,No,Credit card,103.53,5549.92,No
CUST-00062,Male,0,Yes,No,20,Yes,No,DSL,Yes,Yes,Yes,Two year,No,Bank transfer,31.93,642.25,No
CUST-00063,Male,0,Yes,Yes,50,Yes,No,Fiber optic,No,No,Yes,Month-to-month,Yes,Mailed check,100.24,5023.69,Yes
CUST-00064,Male,0,Yes,Yes,45,Yes,No phone service,DSL,Yes,No,No,Month-to-month,Yes,Electronic check,30.26,1373.69,Yes
CUST-00065,Female,0,No,No,34,No,No,No,No,No,No,Month-to-month,No,Bank transfer,43.27,1427.15,No
CUST-00066,Female,0,Yes,No,7,Yes,Yes,Fiber optic,Yes,No,No,One year,Yes,Electronic check,115.67,792.47,No
CUST-00067,Male,0,Yes,No,67,Yes,No,DSL,No,Yes,No,Two year,Yes,Mailed check,106.73,7127.16,No
CUST-00068,Female,0,No,No,15,Yes,Yes,Fiber optic,No internet service,No internet service,Yes,Month-to-month,Yes,Mailed check,79.81,1215.15,Yes
CUST-00069,Female,1,No,No,66,Yes,No phone service,Fiber optic,Yes,Yes,No,Two year,Yes,Mailed check,89.31,5918.0,No
CUST-00070,Female,0,No,No,70,Yes,No,Fiber optic,Yes,No,No,Month-to-month,Yes,Electronic check,27.14,1870.73,Yes
CUST-00071,Female,1,Yes,No,63,Yes,No phone service,DSL,No internet service,No,No internet service,One year,No,Credit card,51.9,3302.31,No
CUST-00072,Male,0,Yes,No,1,Yes,Yes,Fiber optic,No,Yes,No internet service,Month-to-month,No,Electronic check,50.89,49.39,No
CUST-00073,Female,0,No,No,0,Yes,No,Fiber optic,No,No internet service,No internet service,Month-to-month,Yes,Electronic check,21.33,0.0,Yes
CUST-00074,Male,0,No,No,57,Yes,No,DSL,No,No,No,Month-to-month,No,Bank transfer,89.82,5099.72,Yes
CUST-00075,Female,0,No,Yes,0,Yes,No,DSL,No,Yes,No internet service,Month-to-month,No,Bank transfer,49.37,0.0,No
CUST-00076,Female,1,No,Yes,6,Yes,Yes,No,No internet service,Yes,Yes,Two year,No,Credit card,82.58,505.92,No
CUST-00077,Female,0,Yes,No,68,Yes,Yes,DSL,No,No internet service,No,Month-to-month,Yes,Mailed check,20.78,1415.75,No
CUST-00078,Male,0,Yes,Yes,17,Yes,No,Fiber optic,No,No,No,Month-to-month,No,Mailed check,18.17,352.76,Yes
CUST-00079,Female,0,Yes,No,31,No,No,Fiber optic,No internet service,No,Yes,Two year,Yes,Electronic check,35.34,1072.91,Yes
CUST-00080,Male,0,Yes,No,44,Yes,No,DSL,No,Yes,Yes,Month-to-month,Yes,Mailed check,89.69,3928.28,Yes
CUST-00081,Female,1,Yes,No,32,Yes,Yes,Fiber optic,No,No internet service,No,Month-to-month,No,Credit card,79.63,2498.81,Yes
CUST-00082,Male,0,No,No,72,Yes,No,Fiber optic,No internet service,Yes,Yes,One year,No,Mailed check,38.49,2751.11,No
CUST-00083,Female,0,Yes,No,48,Yes,No,Fiber optic,Yes,No,Yes,Month-to-month,Yes,Bank transfer,71.38,3401.33,Yes
CUST-00084,Male,0,No,Yes,32,Yes,Yes,Fiber optic,Yes,No,Yes,Two year,No,Mailed check,81.16,2587.32,No
CUST-00085,Male,0,No,No,70,Yes,Yes,No,Yes,No internet service,No,Month-to-month,Yes,Electronic check,113.77,7963.46,No
CUST-00086,Female,0,No,No,67,No,No,Fiber optic,No internet service,No,Yes,Two year,Yes,Bank transfer,95.77,6433.62,No
CUST-00087,Male,0,Yes,No,27,Yes,No,DSL,No,No,No,Month-to-month,Yes,Credit card,31.86,829.41,Yes
CUST-00088,Female,0,No,No,52,Yes,No,DSL,No,No,No internet service,Month-to-month,No,Electronic check,45.56,2374.76,Yes
CUST-00089,Female,0,Yes,Yes,43,Yes,No,DSL,Yes,No,No,One year,Yes,Electronic check,59.16,2566.74,No
CUST-00090,Female,0,No,Yes,54,Yes,Yes,No,Yes,No internet service,Yes,Month-to-month,Yes,Bank transfer,28.74,1526.08,No
CUST-00091,Female,0,Yes,Yes,9,No,No phone service,No,Yes,No internet service,Yes,Month-to-month,Yes,Electronic check,74.65,656.97,Yes
CUST-00092,Female,0,No,No,13,Yes,No phone service,DSL,No internet service,Yes,No,Two year,Yes,Mailed check,110.52,1407.27,No
CUST-00093,Female,0,Yes,No,35,Yes,Yes,Fiber optic,No,No,No internet service,Month-to-month,Yes,Mailed check,49.25,1684.85,Yes
CUST-00094,Female,0,No,No,33,Yes,No,DSL,No internet service,No internet service,Yes,Month-to-month,No,Bank transfer,118.43,3933.81,Yes
CUST-00095,Female,0,No,No,17,Yes,No,No,No,No,No,One year,Yes,Mailed check,43.43,712.32,No
CUST-00096,Female,0,No,No,15,Yes,No,DSL,No,No,No,Month-to-month,No,Electronic check,66.17,979.31,Yes
CUST-00097,Female,0,No,No,36,Yes,No,Fiber optic,No,Yes,No internet service,Month-to-month,Yes,Bank transfer,52.99,1882.41,No
CUST-00098,Female,0,Yes,Yes,40,Yes,No,DSL,No internet service,Yes,Yes,Month-to-month,Yes,Bank transfer,49.43,1931.58,No
CUST-00099,Male,0,Yes,Yes,24,Yes,No phone service,DSL,No internet service,Yes,No,Month-to-month,No,Credit card,56.54,1379.86,No
CUST-00100,Male,0,Yes,No,7,Yes,No,DSL,No internet service,No,No,Month-to-month,No,Electronic check,21.31,163.5,Yes
CUST-00101,Female,0,No,No,17,No,Yes,Fiber optic,No,No internet service,Yes,Two year,Yes,Electronic check,72.27,1226.2,No
CUST-00102,Female,0,No,No,67,Yes,No,Fiber optic,Yes,No internet service,Yes,One year,No,Credit card,93.62,6289.97,Yes
CUST-00103,Female,0,No,No,47,Yes,Yes,DSL,No,Yes,Yes,Two year,No,Credit card,106.11,5021.82,No
CUST-00104,Female,0,No,No,69,Yes,No,DSL,Yes,No,No,Two year,Yes,Electronic check,51.08,3536.37,No
CUST-00105,Female,0,No,Yes,66,Yes,No,Fiber optic,Yes,No internet service,No,Month-to-month,Yes,Credit card,74.14,4933.92,No
CUST-00106,Female,0,No,Yes,17,Yes,Yes,No,Yes,No,Yes,Month-to-month,Yes,Bank transfer,109.07,1824.34,No
CUST-00107,Female,0,Yes,No,17,Yes,Yes,Fiber optic,No,No,Yes,Month-to-month,Yes,Bank transfer,99.59,1731.37,Yes
CUST-00108,Female,0,Yes,No,55,No,No,Fiber optic,No,No,Yes,Two year,No,Electronic check,65.34,3597.85,No
CUST-00109,Male,0,Yes,Yes,22,Yes,Yes,Fiber optic,No,No,Yes,One year,No,Bank transfer,34.81,799.98,No
CUST-00110,Female,0,Yes,Yes,34,Yes,Yes,Fiber optic,No,Yes,Yes,Month-to-month,Yes,Electronic check,74.95,2572.68,Yes
CUST-00111,Male,0,Yes,Yes,5,Yes,No,Fiber optic,Yes,No,Yes,Two year,No,Credit card,118.95,550.51,Yes
CUST-00112,Female,0,Yes,No,25,No,No phone service,DSL,No,No,Yes,One year,No,Mailed check,95.27,2415.53,No
CUST-00113,Female,0,Yes,No,60,Yes,No,Fiber optic,No,No,No,One year,No,Bank transfer,104.5,6253.73,Yes
CUST-00114,Male,0,Yes,Yes,14,Yes,No,DSL,Yes,No,No,Month-to-month,Yes,Bank transfer,37.25,513.81,Yes
CUST-00115,Female,0,No,Yes,31,Yes,No,DSL,No internet service,No internet service,Yes,Month-to-month,No,Credit card,110.2,3367.31,Yes
CUST-00116,Male,0,No,Yes,11,Yes,Yes,DSL,No,Yes,Yes,One year,No,Bank transfer,19.44,239.71,No
CUST-00117,Female,0,No,No,4,Yes,No,DSL,No,No,No internet service,One year,No,Electronic check,105.95,420.5,No
CUST-00118,Female,1,No,Yes,63,Yes,No,DSL,No,No,Yes,One year,Yes,Bank transfer,42.39,2714.53,Yes
CUST-00119,Male,0,No,No,70,Yes,No phone service,Fiber optic,No,No,Yes,Two year,Yes,Credit card,81.52,5684.5,No
CUST-00120,Female,0,No,Yes,26,Yes,No phone service,Fiber optic,Yes,No internet service,Yes,Month-to-month,Yes,Electronic check,47.89,1244.75,Yes
CUST-00121,Male,1,No,Yes,44,Yes,Yes,No,No,No,No,Month-to-month,Yes,Bank transfer,31.8,1390.31,Yes
CUST-00122,Female,0,Yes,No,34,Yes,No phone service,DSL,No,No,Yes,One year,Yes,Bank transfer,43.2,1498.01,No
CUST-00123,Male,1,Yes,No,25,Yes,No phone service,DSL,Yes,No,No internet service,Month-to-month,Yes,Bank transfer,66.24,1659.56,Yes
CUST-00124,Male,0,No,Yes,22,Yes,No,No,No,Yes,Yes,Month-to-month,No,Bank transfer,111.81,2455.81,No
CUST-00125,Female,1,Yes,No,12,Yes,Yes,Fiber optic,No,No,Yes,Two year,No,Mailed check,57.68,736.84,No
CUST-00126,Female,0,Yes,No,2,Yes,No,No,Yes,No,No,One year,Yes,Mailed check,23.7,35.19,Yes
CUST-00127,Male,0,Yes,No,28,No,Yes,Fiber optic,No internet service,No,Yes,One year,Yes,Credit card,20.42,570.76,Yes
CUST-00128,Female,0,Yes,No,65,Yes,No,Fiber optic,No,Yes,No,Month-to-month,No,Mailed check,39.41,2567.06,Yes
CUST-00129,Female,0,Yes,No,63,Yes,Yes,DSL,Yes,No internet service,No,Month-to-month,Yes,Credit card,23.31,1423.92,Yes
CUST-00130,Female,0,No,No,27,Yes,No,No,No,No internet service,Yes,Two year,Yes,Electronic check,55.86,1510.87,No
CUST-00131,Male,0,Yes,Yes,35,Yes,No phone service,DSL,No,Yes,No internet service,One year,Yes,Mailed check,57.19,1985.23,Yes
CUST-00132,Male,0,No,No,5,Yes,Yes,DSL,Yes,No,No,Two year,No,Electronic check,117.16,600.82,No
CUST-00133,Male,0,No,No,10,Yes,No,Fiber optic,No internet service,No internet service,Yes,Month-to-month,No,Mailed check,49.24,506.76,Yes
CUST-00134,Male,0,No,Yes,37,Yes,Yes,Fiber optic,No internet service,No,No,Month-to-month,Yes,Credit card,79.09,2947.46,Yes
CUST-00135,Male,0,Yes,Yes,33,Yes,No,No,No internet service,No internet service,Yes,Month-to-month,Yes,Electronic check,101.52,3340.08,Yes
CUST-00136,Male,1,No,Yes,66,Yes,No,DSL,No,Yes,No,Month-to-month,Yes,Bank transfer,70.33,4602.26,No
CUST-00137,Male,0,No,No,45,Yes,Yes,Fiber optic,No internet service,Yes,No,One year,No,Bank transfer,89.05,4001.17,Yes
CUST-00138,Male,1,No,No,28,No,No,Fiber optic,No internet service,No,No internet service,Month-to-month,No,Mailed check,117.39,3292.14,Yes
CUST-00139,Male,0,No,No,59,Yes,No,DSL,No internet service,No internet service,No,Month-to-month,Yes,Electronic check,51.06,2965.03,No
CUST-00140,Female,0,Yes,Yes,53,Yes,Yes,Fiber optic,No internet service,No internet service,No internet service,Month-to-month,No,Credit card,25.57,1359.95,No
CUST-00141,Male,0,No,No,68,No,No,Fiber optic,No,No internet service,Yes,Month-to-month,No,Credit card,61.89,4198.45,Yes
CUST-00142,Female,0,No,No,8,Yes,No,Fiber optic,Yes,No,Yes,Two year,Yes,Bank transfer,73.14,582.97,No
CUST-00143,Female,0,No,No,9,Yes,Yes,No,No,No,No internet service,Month-to-month,Yes,Bank transfer,77.16,674.77,Yes
CUST-00144,Female,0,No,No,67,Yes,No phone service,Fiber optic,No,No,Yes,Month-to-month,Yes,Mailed check,93.33,6252.32,No
CUST-00145,Male,0,Yes,No,57,Yes,No,No,No internet service,No,No internet service,One year,Yes,Credit card,109.6,6285.38,No
CUST-00146,Male,1,No,No,51,Yes,Yes,Fiber optic,No,No internet service,Yes,One year,No,Electronic check,69.02,3548.8,Yes
CUST-00147,Male,0,No,No,33,Yes,Yes,Fiber optic,No internet service,Yes,Yes,Month-to-month,Yes,Bank transfer,32.63,1088.39,Yes
CUST-00148,Male,0,No,No,34,Yes,No,No,No,Yes,No,Month-to-month,Yes,Electronic check,59.15,2023.76,Yes
CUST-00149,Female,0,No,No,32,Yes,No,DSL,Yes,No,No,Two year,Yes,Credit card,33.85,1122.74,No
CUST-00150,Male,0,No,No,71,Yes,No,No,Yes,Yes,No internet service,Two year,No,Electronic check,36.59,2595.86,Yes
CUST-00151,Male,0,No,Yes,31,Yes,No,Fiber optic,No,Yes,No internet service,One year,Yes,Credit card,18.17,567.2,No
CUST-00152,Male,0,Yes,Yes,54,Yes,No,No,No internet service,No,No,Month-to-month,No,Credit card,112.83,6128.84,No
CUST-00153,Male,0,No,Yes,7,Yes,No,Fiber optic,No internet service,Yes,No,Month-to-month,No,Electronic check,94.02,683.61,Yes
CUST-00154,Male,0,Yes,No,45,Yes,No,No,No,No internet service,No,Month-to-month,Yes,Electronic check,28.23,1263.66,Yes
CUST-00155,Female,0,Yes,No,13,Yes,No phone service,No,No internet service,No,No,Month-to-month,Yes,Electronic check,111.85,1434.58,Yes
CUST-00156,Male,0,No,Yes,7,Yes,No phone service,Fiber optic,Yes,No,No internet service,Month-to-month,Yes,Credit card,106.78,749.24,Yes
CUST-00157,Female,1,Yes,Yes,70,Yes,Yes,Fiber optic,No,Yes,Yes,Two year,Yes,Mailed check,110.81,7718.76,No
CUST-00158,Male,0,No,No,53,Yes,No,No,Yes,No,Yes,Two year,Yes,Credit card,27.93,1498.33,No
CUST-00159,Female,0,Yes,No,20,Yes,Yes,DSL,Yes,No,No,Two year,Yes,Credit card,26.15,519.44,No
CUST-00160,Male,0,No,No,13,Yes,Yes,DSL,No internet service,Yes,Yes,One year,No,Mailed check,24.91,333.33,No
CUST-00161,Male,1,Yes,No,1,Yes,No,Fiber optic,No internet service,No,Yes,One year,Yes,Bank transfer,116.63,151.25,Yes
CUST-00162,Female,0,Yes,No,60,Yes,No,Fiber optic,Yes,No,No,Month-to-month,No,Electronic check,85.37,5107.83,Yes
CUST-00163,Female,0,No,No,16,Yes,Yes,DSL,Yes,Yes,No internet service,Two year,Yes,Electronic check,36.15,578.12,No
CUST-00164,Female,0,Yes,No,47,Yes,No,Fiber optic,Yes,No,Yes,Month-to-month,Yes,Bank transfer,112.77,5305.76,Yes
CUST-00165,Male,0,Yes,Yes,7,Yes,No phone service,DSL,Yes,No,Yes,Month-to-month,Yes,Electronic check,63.2,420.42,Yes
CUST-00166,Female,0,Yes,No,55,No,No phone service,DSL,No,No internet service,No internet service,One year,Yes,Credit card,98.12,5374.08,No
CUST-00167,Male,0,Yes,No,16,No,No,DSL,No,No,No internet service,Month-to-month,Yes,Bank transfer,82.89,1328.86,Yes
CUST-00168,Male,0,Yes,No,68,Yes,No,DSL,No,No internet service,Yes,Month-to-month,No,Mailed check,84.26,5705.4,Yes
CUST-00169,Female,0,No,No,11,Yes,Yes,DSL,Yes,No,No,Month-to-month,Yes,Credit card,62.85,727.47,Yes
CUST-00170,Female,0,Yes,No,37,Yes,No,Fiber optic,Yes,No internet service,No,Month-to-month,No,Credit card,58.28,2205.85,No
CUST-00171,Male,0,Yes,Yes,17,Yes,No phone service,DSL,No,No internet service,No internet service,Month-to-month,Yes,Credit card,34.52,557.93,Yes
CUST-00172,Male,0,No,No,25,Yes,No,No,No internet service,Yes,No,Month-to-month,No,Credit card,25.22,638.03,Yes
CUST-00173,Female,0,No,Yes,36,Yes,No,Fiber optic,No internet service,Yes,No,Month-to-month,Yes,Electronic check,112.66,4020.3,Yes
CUST-00174,Female,1,No,Yes,69,Yes,Yes,DSL,Yes,Yes,No internet service,Month-to-month,No,Credit card,113.54,7802.82,No
CUST-00175,Female,0,Yes,Yes,40,Yes,Yes,DSL,No,Yes,No internet service,Month-to-month,Yes,Electronic check,83.41,3363.0,Yes
CUST-00176,Male,0,Yes,No,41,Yes,Yes,Fiber optic,Yes,No,No,Two year,Yes,Electronic check,57.58,2330.75,No
CUST-00177,Male,0,Yes,No,40,No,No,DSL,Yes,No,Yes,Two year,Yes,Electronic check,20.56,847.3,No
CUST-00178,Male,0,Yes,No,46,Yes,Yes,No,Yes,No internet service,No,Month-to-month,Yes,Electronic check,63.66,2918.76,No
CUST-00179,Male,0,No,No,13,Yes,No,Fiber optic,No internet service,No,No,Month-to-month,No,Mailed check,85.22,1105.81,Yes
CUST-00180,Male,0,No,No,0,Yes,Yes,Fiber optic,No internet service,No,No,One year,Yes,Electronic check,48.63,0.0,No
CUST-00181,Male,0,Yes,No,16,Yes,No,No,Yes,No,No,Two year,Yes,Electronic check,52.93,851.78,No
CUST-00182,Female,0,Yes,No,54,Yes,No,Fiber optic,No,No,Yes,Month-to-month,Yes,Bank transfer,66.18,3556.88,No
CUST-00183,Male,0,Yes,No,52,Yes,No,No,No,No,No internet service,Month-to-month,Yes,Mailed check,68.48,3528.42,No
CUST-00184,Male,0,Yes,No,30,Yes,No,No,Yes,No,No internet service,Month-to-month,Yes,Credit card,93.77,2777.01,Yes
CUST-00185,Male,0,No,No,61,Yes,No,No,No,No,No internet service,One year,No,Electronic check,68.98,4257.75,No
CUST-00186,Female,0,No,No,7,Yes,Yes,No,No,Yes,No,Month-to-month,Yes,Electronic check,104.22,714.1,Yes
CUST-00187,Male,0,Yes,No,29,Yes,Yes,DSL,No,No,Yes,Month-to-month,Yes,Mailed check,67.24,1980.45,Yes
CUST-00188,Male,0,No,Yes,65,Yes,No phone service,Fiber optic,No internet service,No,No,Month-to-month,No,Bank transfer,21.26,1366.04,No
CUST-00189,Female,0,Yes,Yes,44,Yes,Yes,Fiber optic,No,Yes,Yes,Month-to-month,Yes,Credit card,32.42,1438.78,Yes
CUST-00190,Male,0,Yes,No,17,Yes,Yes,No,Yes,No,No,Two year,Yes,Credit card,91.25,1585.37,No
CUST-00191,Male,0,No,No,44,Yes,Yes,Fiber optic,No,Yes,No internet service,One year,No,Mailed check,64.09,2839.56,Yes
CUST-00192,Male,0,Yes,Yes,18,Yes,Yes,DSL,Yes,No,Yes,One year,No,Mailed check,65.04,1127.63,Yes
CUST-00193,Male,0,No,No,67,Yes,No,Fiber optic,No,Yes,No,Month-to-month,No,Bank transfer,117.76,7859.2,Yes
CUST-00194,Male,1,Yes,Yes,49,Yes,No,Fiber optic,No,Yes,Yes,Month-to-month,No,Mailed check,76.29,3775.57,No
CUST-00195,Female,0,No,No,24,Yes,No phone service,Fiber optic,No internet service,Yes,No internet service,Two year,No,Bank transfer,29.93,715.44,No
CUST-00196,Female,0,Yes,No,37,Yes,No,No,No internet service,No internet service,Yes,Month-to-month,Yes,Bank transfer,62.24,2312.73,Yes
CUST-00197,Female,0,No,No,35,Yes,Yes,Fiber optic,No internet service,Yes,No,One year,Yes,Electronic check,75.26,2586.55,No
CUST-00198,Male,0,Yes,Yes,67,Yes,No,Fiber optic,No,Yes,Yes,One year,No,Credit card,21.82,1460.67,No
CUST-00199,Male,0,Yes,Yes,55,Yes,No,Fiber optic,No,No,No,Two year,No,Credit card,55.19,3028.54,No
CUST-00200,Male,0,No,No,38,Yes,No,Fiber optic,No,No,No,Month-to-month,Yes,Electronic check,116.72,4453.98,Yes
CUST-00201,Female,1,Yes,Yes,62,Yes,No,DSL,Yes,Yes,Yes,One year,Yes,Credit card,94.63,5844.5,No
CUST-00202,Male,0,No,No,6,Yes,Yes,Fiber optic,No,No,No,Month-to-month,No,Mailed check,55.96,360.15,Yes
CUST-00203,Male,0,No,No,57,Yes,No,DSL,Yes,Yes,No internet service,Month-to-month,No,Electronic check,44.74,2567.27,Yes
CUST-00204,Female,0,Yes,Yes,58,Yes,No,Fiber optic,No,No,No,Two year,No,Bank transfer,46.88,2720.01,No
CUST-00205,Male,0,Yes,Yes,47,Yes,No,Fiber optic,No internet service,No,Yes,Two year,No,Bank transfer,102.5,4805.07,No
CUST-00206,Female,0,Yes,No,4,Yes,Yes,DSL,Yes,Yes,No,Month-to-month,Yes,Mailed check,58.97,216.08,Yes
CUST-00207,Female,0,Yes,Yes,35,Yes,No,Fiber optic,No,No internet service,Yes,One year,Yes,Credit card,104.0,3643.51,No
CUST-00208,Female,0,No,Yes,24,Yes,Yes,Fiber optic,No,Yes,No,Month-to-month,Yes,Mailed check,110.69,2664.24,No
CUST-00209,Male,0,Yes,No,44,Yes,Yes,DSL,No internet service,No internet service,Yes,One year,No,Electronic check,65.35,2870.21,No
CUST-00210,Male,0,Yes,No,18,No,Yes,DSL,No,No,Yes,One year,No,Mailed check,114.42,2041.62,Yes
CUST-00211,Male,0,Yes,No,6,Yes,Yes,Fiber optic,No internet service,Yes,Yes,One year,No,Mailed check,48.6,329.59,No
CUST-00212,Male,0,No,Yes,57,Yes,No,Fiber optic,Yes,Yes,No internet service,Month-to-month,Yes,Mailed check,44.52,2518.66,Yes
CUST-00213,Male,0,Yes,No,65,Yes,Yes,Fiber optic,No internet service,No internet service,No internet service,One year,No,Bank transfer,28.94,1898.32,Yes
CUST-00214,Male,0,No,No,38,Yes,Yes,Fiber optic,No,No,No internet service,Month-to-month,No,Electronic check,43.07,1677.14,Yes
CUST-00215,Male,0,Yes,No,17,No,Yes,Fiber optic,No,No,No,One year,No,Credit card,96.81,1660.45,No
CUST-00216,Female,0,No,No,0,Yes,Yes,No,Yes,Yes,No internet service,Month-to-month,No,Bank transfer,59.19,0.0,Yes
CUST-00217,Male,1,Yes,No,62,Yes,No,DSL,No,No internet service,No,One year,Yes,Bank transfer,33.11,2032.54,Yes
CUST-00218,Female,1,Yes,No,2,Yes,Yes,No,No internet service,No,No,Two year,No,Mailed check,28.92,93.18,No
CUST-00219,Male,0,No,Yes,20,Yes,Yes,Fiber optic,No internet service,Yes,No internet service,Month-to-month,Yes,Bank transfer,68.0,1359.0,Yes
CUST-00220,Male,1,Yes,No,29,Yes,No,Fiber optic,No,No internet service,No,One year,Yes,Electronic check,73.01,2126.63,Yes
CUST-00221,Male,0,Yes,No,10,No,Yes,Fiber optic,No,No,No,Month-to-month,No,Electronic check,99.04,1000.03,Yes
CUST-00222,Female,0,Yes,No,21,Yes,Yes,Fiber optic,No,No,No internet service,Two year,Yes,Credit card,90.91,1912.49,Yes
CUST-00223,Female,0,No,Yes,56,Yes,No,Fiber optic,No,No,No internet service,One year,No,Electronic check,35.05,2005.93,Yes
CUST-00224,Female,0,Yes,Yes,2,Yes,No,DSL,No,No internet service,No,Month-to-month,Yes,Bank transfer,46.24,135.58,No
CUST-00225,Female,0,No,No,29,No,No,Fiber optic,No internet service,Yes,Yes,Month-to-month,Yes,Credit card,88.76,2528.08,Yes
CUST-00226,Male,0,No,No,44,Yes,No,Fiber optic,No internet service,No internet service,No,Two year,Yes,Bank transfer,36.42,1603.05,No
CUST-00227,Female,0,No,No,35,Yes,No phone service,Fiber optic,No internet service,No internet service,Yes,Two year,Yes,Bank transfer,99.93,3504.11,No
CUST-00228,Male,0,Yes,Yes,71,Yes,Yes,DSL,No,Yes,No internet service,One year,No,Electronic check,85.05,6081.11,Yes
CUST-00229,Male,0,No,Yes,63,Yes,No,No,No,No,No internet service,Month-to-month,Yes,Electronic check,72.71,4537.7,No
CUST-00230,Female,0,No,No,53,Yes,No,No,No,No internet service,No,Month-to-month,No,Credit card,83.71,4465.54,Yes
CUST-00231,Female,0,Yes,No,67,Yes,No phone service,Fiber optic,No,No,No,One year,Yes,Electronic check,28.17,,Yes
CUST-00232,Female,0,No,No,49,Yes,Yes,No,Yes,No,Yes,Month-to-month,No,Bank transfer,73.9,3644.35,Yes
CUST-00233,Female,1,No,No,30,Yes,No,No,No internet service,No,No internet service,Two year,Yes,Credit card,64.03,1900.07,No
CUST-00234,Female,1,Yes,No,28,Yes,No,Fiber optic,Yes,No,No internet service,Month-to-month,Yes,Credit card,70.32,1993.62,Yes
CUST-00235,Female,0,Yes,No,58,Yes,No,No,No,No,Yes,One year,No,Credit card,52.44,3019.79,No
CUST-00236,Female,1,No,No,35,No,No,Fiber optic,No internet service,No,Yes,Month-to-month,No,Electronic check,65.75,2318.82,Yes
CUST-00237,Female,0,Yes,No,72,Yes,No phone service,Fiber optic,No internet service,No,Yes,One year,Yes,Credit card,108.09,7811.18,No
CUST-00238,Male,1,Yes,No,66,Yes,No,DSL,No internet service,No,No,Month-to-month,No,Electronic check,53.18,3538.21,No
CUST-00239,Female,0,Yes,Yes,10,Yes,Yes,No,Yes,Yes,Yes,Month-to-month,Yes,Mailed check,22.58,230.24,Yes
CUST-00240,Female,0,No,No,10,No,Yes,No,No,No,Yes,Month-to-month,No,Credit card,44.16,432.96,Yes
CUST-00241,Male,0,No,Yes,25,Yes,Yes,Fiber optic,Yes,Yes,No,Month-to-month,Yes,Bank transfer,64.35,1583.11,Yes
CUST-00242,Female,0,Yes,No,52,Yes,Yes,Fiber optic,No internet service,No,No,Two year,Yes,Bank transfer,72.42,3719.19,No
CUST-00243,Male,0,No,No,13,Yes,Yes,No,Yes,Yes,No internet service,Two year,No,Credit card,61.57,755.3,No
CUST-00244,Male,0,Yes,Yes,63,Yes,No,No,No internet service,No,No internet service,Month-to-month,No,Electronic check,102.31,6437.38,No
CUST-00245,Female,0,Yes,No,9,Yes,No,DSL,No internet service,No,No,Month-to-month,Yes,Mailed check,111.35,961.64,No
CUST-00246,Male,0,Yes,Yes,30,No,Yes,No,No internet service,No,Yes,One year,Yes,Mailed check,67.65,1990.7,No
CUST-00247,Male,0,Yes,No,35,Yes,No,DSL,Yes,Yes,No,One year,No,Electronic check,25.74,870.37,Yes
CUST-00248,Male,0,Yes,No,9,Yes,Yes,Fiber optic,Yes,Yes,Yes,Two year,Yes,Credit card,60.94,546.59,No
CUST-00249,Male,0,No,Yes,25,Yes,No,DSL,No internet service,No internet service,Yes,Month-to-month,No,Mailed check,36.49,921.43,No
CUST-00250,Female,0,No,No,19,Yes,Yes,DSL,No internet service,No internet service,Yes,One year,No,Electronic check,46.92,910.91,No
CUST-00251,Male,0,No,Yes,43,Yes,No,DSL,No internet service,Yes,Yes,Month-to-month,No,Bank transfer,102.96,4425.9,No
CUST-00252,Female,0,No,Yes,61,Yes,No phone service,Fiber optic,Yes,No internet service,Yes,One year,No,Credit card,72.6,4445.07,Yes
CUST-00253,Male,0,Yes,No,72,Yes,Yes,Fiber optic,No,Yes,No,Month-to-month,Yes,Mailed check,102.52,7417.65,No
CUST-00254,Male,1,Yes,No,8,No,No,DSL,No,No,Yes,One year,No,Credit card,118.53,935.66,No
CUST-00255,Male,0,No,Yes,70,Yes,No,No,No,No,No,Month-to-month,No,Credit card,73.61,5171.52,No
CUST-00256,Male,0,No,No,23,Yes,Yes,No,No,Yes,No,Month-to-month,Yes,Credit card,111.05,2570.0,No
CUST-00257,Female,1,Yes,No,11,Yes,No phone service,No,No,No,No,Month-to-month,Yes,Credit card,87.71,978.46,Yes
CUST-00258,Female,0,Yes,No,59,Yes,No,Fiber optic,No,No,No internet service,Two year,No,Mailed check,28.39,1683.36,No
CUST-00259,Male,0,Yes,Yes,15,Yes,Yes,Fiber optic,Yes,No,No internet service,One year,Yes,Mailed check,60.63,932.07,Yes
CUST-00260,Male,0,No,No,28,Yes,Yes,DSL,No,No,Yes,One year,Yes,Electronic check,85.21,2417.73,No
CUST-00261,Female,0,Yes,No,31,No,No,DSL,No,No,No,One year,No,Bank transfer,89.94,2777.35,No
CUST-00262,Male,0,Yes,No,34,Yes,No,No,No,Yes,Yes,One year,Yes,Mailed check,105.79,3612.34,No
CUST-00263,Male,0,No,No,42,Yes,Yes,DSL,Yes,No internet service,No,Month-to-month,No,Bank transfer,83.0,3460.85,No
CUST-00264,Male,0,No,No,52,Yes,No,No,No internet service,Yes,Yes,Month-to-month,Yes,Bank transfer,27.19,1439.48,No
CUST-00265,Female,1,No,Yes,19,Yes,Yes,DSL,No internet service,Yes,Yes,Month-to-month,Yes,Mailed check,32.53,656.11,No
CUST-00266,Female,0,Yes,No,7,Yes,No,DSL,No internet service,No,No internet service,Month-to-month,Yes,Bank transfer,51.49,386.58,Yes
CUST-00267,Female,0,Yes,No,41,Yes,No,DSL,Yes,No internet service,Yes,Month-to-month,Yes,Electronic check,47.99,1966.7,No
CUST-00268,Male,0,No,No,69,Yes,No,No,Yes,No,No,One year,No,Electronic check,40.6,2764.74,Yes
CUST-00269,Male,0,Yes,No,15,Yes,No,Fiber optic,No internet service,Yes,No,Month-to-month,No,Electronic check,80.96,1251.71,Yes
CUST-00270,Female,0,Yes,No,68,Yes,No,DSL,Yes,No internet service,No internet service,Month-to-month,No,Bank transfer,61.83,4235.9,No
CUST-00271,Female,0,Yes,No,52,Yes,Yes,Fiber optic,No,No,No,Two year,No,Credit card,87.87,4589.04,No
CUST-00272,Female,0,No,No,44,Yes,No,No,Yes,No,Yes,Two year,No,Credit card,57.47,2563.83,No
CUST-00273,Female,0,No,Yes,50,Yes,Yes,Fiber optic,No,No internet service,No,Month-to-month,Yes,Electronic check,45.96,2301.3,Yes
CUST-00274,Male,0,Yes,No,5,Yes,No,DSL,No internet service,Yes,No,One year,Yes,Mailed check,74.15,419.83,Yes
CUST-00275,Female,0,Yes,No,32,Yes,No,DSL,No internet service,No,No internet service,Month-to-month,No,Bank transfer,27.87,925.55,No
CUST-00276,Male,0,Yes,No,14,Yes,No,No,No internet service,No internet service,No,Month-to-month,Yes,Electronic check,118.84,1630.12,Yes
CUST-00277,Female,0,Yes,No,13,Yes,No,Fiber optic,No internet service,Yes,No,Two year,No,Credit card,84.87,1093.53,No
CUST-00278,Male,0,No,No,38,Yes,No,No,No,No,No,Two year,No,Electronic check,30.46,1124.49,Yes
CUST-00279,Female,0,No,No,62,Yes,No phone service,Fiber optic,No,Yes,No,Month-to-month,Yes,Electronic check,81.49,5024.81,No
CUST-00280,Female,0,Yes,No,4,Yes,Yes,DSL,Yes,No internet service,No,Month-to-month,Yes,Electronic check,25.59,102.46,Yes
CUST-00281,Female,1,Yes,No,51,Yes,Yes,Fiber optic,No,No,No,One year,Yes,Credit card,69.64,3537.78,No
CUST-00282,Female,1,No,No,15,Yes,No,Fiber optic,Yes,Yes,Yes,One year,No,Credit card,47.67,756.02,No
CUST-00283,Male,0,Yes,No,37,Yes,No,Fiber optic,No internet service,No,No,Two year,No,Mailed check,89.48,3260.77,Yes
CUST-00284,Female,1,No,Yes,52,Yes,No,No,No,No,Yes,One year,No,Credit card,67.68,3470.4,No
CUST-00285,Male,0,Yes,Yes,52,Yes,No phone service,Fiber optic,No,No,No internet service,Month-to-month,No,Electronic check,98.16,5146.36,Yes
CUST-00286,Male,1,No,No,45,Yes,No,Fiber optic,No,No,No internet service,Month-to-month,Yes,Credit card,41.44,1838.7,Yes
CUST-00287,Male,0,Yes,Yes,14,Yes,No phone service,DSL,No,Yes,No internet service,Month-to-month,No,Mailed check,84.93,1139.27,Yes
CUST-00288,Male,1,Yes,No,58,Yes,No,DSL,No,No,No,Month-to-month,Yes,Bank transfer,88.16,5107.04,No
CUST-00289,Female,1,No,Yes,49,Yes,Yes,Fiber optic,No internet service,Yes,No internet service,Month-to-month,No,Mailed check,66.71,3238.35,No
CUST-00290,Male,0,No,No,8,Yes,No,Fiber optic,No,No internet service,Yes,Month-to-month,No,Electronic check,105.55,799.73,Yes
CUST-00291,Male,1,Yes,Yes,25,Yes,No phone service,DSL,No,No,Yes,Month-to-month,No,Electronic check,32.96,827.05,Yes
CUST-00292,Male,0,Yes,No,2,Yes,Yes,DSL,No,No,No,Two year,Yes,Bank transfer,95.36,154.74,Yes
CUST-00293,Female,0,No,No,46,No,No phone service,Fiber optic,No internet service,No,Yes,Month-to-month,Yes,Mailed check,31.46,1480.85,Yes
CUST-00294,Female,0,No,No,4,Yes,No,No,No,No,No internet service,Two year,Yes,Electronic check,34.0,116.22,Yes
CUST-00295,Female,0,Yes,No,61,Yes,No,DSL,No internet service,No internet service,Yes,Month-to-month,No,Mailed check,38.55,2323.72,No
CUST-00296,Female,0,Yes,No,4,Yes,No,Fiber optic,No internet service,No,No,Two year,Yes,Credit card,85.43,365.7,No
CUST-00297,Male,0,No,No,9,Yes,No,DSL,Yes,No,Yes,Month-to-month,No,Credit card,83.18,783.48,No
CUST-00298,Male,1,No,Yes,62,No,No,Fiber optic,No internet service,No,Yes,Month-to-month,Yes,Electronic check,63.48,3895.07,Yes
CUST-00299,Female,0,No,No,24,No,Yes,Fiber optic,No internet service,No,Yes,Month-to-month,No,Bank transfer,50.08,1167.08,Yes
CUST-00300,Male,0,No,No,43,Yes,No phone service,DSL,No,Yes,Yes,Month-to-month,No,Credit card,80.5,3458.96,Yes
CUST-00301,Male,1,No,No,24,No,No,Fiber optic,No internet service,No internet service,Yes,Month-to-month,No,Mailed check,32.71,794.06,Yes
CUST-00302,Male,1,Yes,Yes,29,No,No phone service,DSL,No internet service,No,No internet service,One year,Yes,Electronic check,82.12,2339.81,No
CUST-00303,Female,1,Yes,No,13,Yes,No,DSL,Yes,No,Yes,Month-to-month,Yes,Bank transfer,19.22,237.36,Yes
CUST-00304,Female,0,No,Yes,42,No,No,Fiber optic,No internet service,Yes,Yes,Two year,Yes,Electronic check,32.74,1414.84,Yes
CUST-00305,Male,1,Yes,No,27,Yes,No,Fiber optic,No,No,No,Two year,Yes,Electronic check,90.21,2473.28,No
CUST-00306,Female,0,Yes,No,18,Yes,No,Fiber optic,No internet service,Yes,No,One year,No,Bank transfer,107.14,1909.64,No
CUST-00307,Female,0,No,Yes,41,Yes,Yes,DSL,No,No internet service,No internet service,Two year,Yes,Mailed check,25.71,1026.85,No
CUST-00308,Female,0,Yes,No,19,Yes,No phone service,No,No,No internet service,No internet service,Month-to-month,Yes,Credit card,83.15,1588.13,Yes
CUST-00309,Female,0,Yes,No,10,Yes,No,DSL,No internet service,No,No internet service,Month-to-month,No,Mailed check,24.31,202.71,Yes
CUST-00310,Female,0,Yes,No,53,Yes,No phone service,DSL,No,Yes,No internet service,Month-to-month,Yes,Bank transfer,107.65,5678.79,Yes
CUST-00311,Male,0,No,Yes,23,Yes,No,Fiber optic,No,Yes,Yes,Month-to-month,Yes,Bank transfer,57.95,1299.53,Yes
CUST-00312,Female,0,No,No,69,Yes,No,Fiber optic,No,No,No,One year,No,Credit card,93.6,6429.17,No
CUST-00313,Male,0,Yes,Yes,16,Yes,No,No,No,Yes,No,Two year,No,Credit card,35.62,541.4,No
CUST-00314,Male,0,Yes,No,27,Yes,No,Fiber optic,No,No internet service,No,Month-to-month,No,Bank transfer,105.86,2870.97,Yes
CUST-00315,Female,0,Yes,No,49,Yes,No,DSL,Yes,No,Yes,Month-to-month,Yes,Bank transfer,61.78,3026.03,No
CUST-00316,Male,0,Yes,No,54,Yes,No,No,No,No,Yes,Month-to-month,Yes,Credit card,39.3,2158.43,No
CUST-00317,Male,0,Yes,Yes,72,Yes,No,DSL,Yes,Yes,No,Month-to-month,No,Credit card,76.39,5523.64,No
CUST-00318,Male,0,Yes,No,9,Yes,No,DSL,No,No internet service,Yes,Month-to-month,Yes,Mailed check,47.39,426.4,Yes
CUST-00319,Female,0,No,Yes,20,Yes,No,Fiber optic,No,No internet service,Yes,Month-to-month,Yes,Bank transfer,47.28,926.34,Yes
CUST-00320,Female,1,Yes,No,57,Yes,No,No,No,No,No,Month-to-month,No,Bank transfer,29.68,1724.96,Yes
CUST-00321,Male,0,Yes,Yes,33,Yes,Yes,Fiber optic,Yes,Yes,No,Two year,Yes,Mailed check,39.82,1272.01,No
CUST-00322,Female,0,No,No,42,No,Yes,Fiber optic,Yes,No internet service,No internet service,Month-to-month,No,Electronic check,99.38,4192.06,Yes
CUST-00323,Female,0,Yes,Yes,10,Yes,No phone service,Fiber optic,No,No,No,Month-to-month,Yes,Credit card,71.41,675.4,Yes
CUST-00324,Female,0,Yes,Yes,32,Yes,No,Fiber optic,No,No,No internet service,Two year,Yes,Credit card,54.2,1737.68,No
CUST-00325,Female,1,Yes,Yes,57,Yes,Yes,Fiber optic,No,No,Yes,One year,Yes,Electronic check,112.8,6469.76,No
CUST-00326,Male,0,Yes,No,45,Yes,No,DSL,Yes,No internet service,No,One year,No,Mailed check,99.33,4443.66,No
CUST-00327,Male,0,No,Yes,60,Yes,Yes,DSL,No,No,Yes,Two year,Yes,Mailed check,49.65,2936.85,No
CUST-00328,Female,0,Yes,No,61,Yes,No,Fiber optic,No internet service,No internet service,No,Month-to-month,No,Mailed check,29.29,1770.64,Yes
CUST-00329,Female,0,No,No,0,Yes,Yes,No,No,No internet service,No internet service,Month-to-month,Yes,Mailed check,36.8,0.0,Yes
CUST-00330,Male,0,Yes,No,20,Yes,No phone service,Fiber optic,Yes,Yes,Yes,Month-to-month,Yes,Bank transfer,86.87,1759.88,Yes
CUST-00331,Male,0,Yes,No,61,Yes,No phone service,Fiber optic,No,No,No,One year,No,Bank transfer,75.43,4554.2,Yes
CUST-00332,Female,0,No,Yes,63,Yes,No,DSL,No internet service,Yes,No internet service,Month-to-month,No,Mailed check,118.04,7399.61,No
CUST-00333,Male,0,Yes,No,72,Yes,Yes,DSL,No,No internet service,No,Month-to-month,Yes,Credit card,19.38,1386.43,Yes
CUST-00334,Female,0,No,Yes,55,No,No,No,Yes,Yes,Yes,Two year,Yes,Electronic check,107.43,5868.15,No
CUST-00335,Female,1,No,No,0,Yes,No,DSL,No internet service,Yes,Yes,Month-to-month,Yes,Electronic check,19.46,45.59,Yes
CUST-00336,Male,1,No,Yes,20,Yes,Yes,Fiber optic,No,No,Yes,Month-to-month,No,Credit card,61.33,1227.7,No
CUST-00337,Male,0,Yes,No,21,Yes,No,DSL,No,No,Yes,Month-to-month,Yes,Mailed check,111.49,2328.98,Yes
CUST-00338,Female,0,Yes,No,53,Yes,No,Fiber optic,Yes,Yes,No,Month-to-month,No,Mailed check,85.16,4561.45,Yes
CUST-00339,Female,0,Yes,No,3,Yes,Yes,Fiber optic,Yes,No,No,Month-to-month,Yes,Electronic check,77.5,247.11,Yes
CUST-00340,Male,0,Yes,Yes,64,Yes,Yes,Fiber optic,No,No internet service,No,Month-to-month,Yes,Electronic check,49.98,3200.3,No
CUST-00341,Female,0,No,No,50,Yes,No,Fiber optic,Yes,No,Yes,Two year,Yes,Bank transfer,116.55,5801.61,No
CUST-00342,Male,1,Yes,Yes,62,Yes,No,Fiber optic,Yes,No,Yes,Month-to-month,No,Electronic check,35.16,2155.23,Yes
CUST-00343,Female,1,Yes,No,14,Yes,No phone service,Fiber optic,No internet service,Yes,No,Month-to-month,No,Electronic check,45.53,623.65,Yes
CUST-00344,Male,0,No,No,35,Yes,Yes,No,Yes,Yes,No,Month-to-month,No,Electronic check,64.2,2272.07,Yes
CUST-00345,Male,0,No,No,28,Yes,No,Fiber optic,No,No,Yes,Month-to-month,Yes,Electronic check,30.88,896.24,Yes
CUST-00346,Male,0,Yes,No,51,Yes,No,DSL,No,No,No internet service,Month-to-month,No,Bank transfer,61.2,3090.41,No
CUST-00347,Female,0,No,No,45,Yes,Yes,Fiber optic,No internet service,No,Yes,Month-to-month,No,Bank transfer,22.01,1022.19,Yes
CUST-00348,Female,0,No,No,68,Yes,No,Fiber optic,No internet service,No,No,Two year,No,Bank transfer,112.26,7616.77,No
CUST-00349,Male,0,No,No,28,Yes,Yes,No,No,No,Yes,Month-to-month,No,Credit card,50.86,1394.11,Yes
CUST-00350,Female,0,No,No,46,Yes,Yes,DSL,No,No,No,Two year,No,Electronic check,82.65,3771.38,Yes
CUST-00351,Male,0,No,No,24,Yes,No,DSL,No,Yes,No internet service,Two year,No,Bank transfer,106.79,2559.3,Yes
CUST-00352,Male,0,Yes,Yes,15,Yes,No,No,Yes,No internet service,No internet service,One year,No,Credit card,101.47,1548.76,No
CUST-00353,Female,1,Yes,No,40,Yes,No phone service,No,No,Yes,Yes,Two year,No,Credit card,107.09,4290.67,No
CUST-00354,Female,0,Yes,No,64,Yes,Yes,Fiber optic,No internet service,No,No internet service,Two year,Yes,Mailed check,91.47,5850.54,No
CUST-00355,Male,0,Yes,Yes,68,Yes,No,DSL,Yes,Yes,Yes,One year,No,Bank transfer,37.76,2519.48,No
CUST-00356,Female,0,Yes,No,19,Yes,Yes,DSL,No internet service,No,No internet service,Month-to-month,No,Electronic check,55.39,1058.77,Yes
CUST-00357,Female,0,Yes,No,68,Yes,Yes,DSL,Yes,No,No,Two year,No,Electronic check,70.23,,No
CUST-00358,Male,0,Yes,Yes,35,No,No phone service,Fiber optic,No,No,Yes,Two year,Yes,Mailed check,52.37,1792.76,Yes
CUST-00359,Male,0,No,No,57,Yes,No,DSL,No,No,No internet service,Month-to-month,No,Credit card,115.43,6625.13,Yes
CUST-00360,Female,1,Yes,No,47,Yes,Yes,No,No,No,No,Month-to-month,Yes,Bank transfer,100.3,4673.25,Yes
CUST-00361,Male,0,Yes,No,1,Yes,No,DSL,No,No internet service,Yes,Month-to-month,No,Mailed check,99.49,118.56,Yes
CUST-00362,Male,1,Yes,No,28,Yes,No phone service,Fiber optic,Yes,Yes,Yes,Month-to-month,No,Electronic check,54.83,1537.7,Yes
CUST-00363,Female,0,No,No,15,Yes,Yes,Fiber optic,No,No internet service,No internet service,Month-to-month,No,Credit card,94.99,1463.27,No
CUST-00364,Male,0,Yes,Yes,34,Yes,Yes,Fiber optic,Yes,No,No,Month-to-month,Yes,Credit card,80.63,2732.83,Yes
CUST-00365,Male,0,Yes,No,61,Yes,Yes,Fiber optic,No,No,Yes,Month-to-month,Yes,Bank transfer,56.27,3433.32,No
CUST-00366,Female,0,No,No,3,Yes,No,Fiber optic,Yes,No internet service,Yes,One year,No,Bank transfer,49.44,153.61,No
CUST-00367,Female,0,Yes,No,67,Yes,Yes,No,Yes,Yes,Yes,Month-to-month,Yes,Bank transfer,98.46,6634.3,Yes
CUST-00368,Male,0,Yes,No,50,Yes,Yes,No,No,No,Yes,One year,No,Mailed check,78.87,3973.46,Yes
CUST-00369,Male,0,No,No,32,Yes,No,DSL,Yes,No,Yes,One year,Yes,Electronic check,21.77,674.65,Yes
CUST-00370,Female,1,Yes,No,23,Yes,No,DSL,No internet service,No,No,Month-to-month,Yes,Bank transfer,20.21,510.36,No
CUST-00371,Female,1,No,No,24,Yes,No,No,No,No internet service,Yes,Month-to-month,Yes,Mailed check,103.88,2518.43,Yes
CUST-00372,Female,1,Yes,No,27,Yes,Yes,Fiber optic,No internet service,No,Yes,One year,Yes,Mailed check,27.16,684.52,No
CUST-00373,Female,0,Yes,No,6,Yes,No,No,Yes,No internet service,No,Month-to-month,Yes,Bank transfer,70.97,394.19,Yes
CUST-00374,Male,0,Yes,No,35,Yes,No phone service,Fiber optic,No,No internet service,Yes,One year,Yes,Mailed check,80.08,2838.38,No
CUST-00375,Female,0,No,No,9,Yes,Yes,DSL,No,No,No internet service,Two year,Yes,Electronic check,111.43,1017.46,No
CUST-00376,Female,0,No,Yes,35,Yes,Yes,Fiber optic,Yes,No,Yes,Month-to-month,Yes,Bank transfer,70.48,2442.61,Yes
CUST-00377,Male,0,No,No,17,Yes,No,Fiber optic,No,Yes,No,Month-to-month,Yes,Mailed check,37.79,609.57,Yes
CUST-00378,Female,0,Yes,No,5,No,No,Fiber optic,No,No,No,Month-to-month,Yes,Mailed check,44.59,187.63,Yes
CUST-00379,Male,0,Yes,No,6,Yes,Yes,No,Yes,Yes,Yes,One year,No,Bank transfer,22.98,119.69,Yes
CUST-00380,Female,0,No,No,11,Yes,Yes,Fiber optic,No internet service,No,No internet service,Month-to-month,Yes,Mailed check,40.65,487.0,Yes
CUST-00381,Female,1,No,No,40,Yes,No,DSL,No,No internet service,No,Month-to-month,No,Electronic check,101.14,4030.8,Yes
CUST-00382,Female,0,Yes,Yes,62,Yes,No,Fiber optic,No,No,Yes,Month-to-month,Yes,Mailed check,95.2,5918.47,Yes
CUST-00383,Male,0,Yes,No,24,Yes,No,Fiber optic,Yes,No,No internet service,One year,No,Credit card,26.36,593.8,Yes
CUST-00384,Male,0,Yes,No,52,Yes,No,Fiber optic,No,No internet service,No internet service,Two year,Yes,Electronic check,66.92,3482.98,No
CUST-00385,Female,1,Yes,Yes,32,Yes,Yes,Fiber optic,No,No,No,Two year,No,Bank transfer,48.79,1545.57,No
CUST-00386,Male,0,No,Yes,72,Yes,No,Fiber optic,Yes,No,Yes,One year,Yes,Bank transfer,84.29,6034.93,No
CUST-00387,Male,0,Yes,No,5,No,Yes,Fiber optic,No,No,No,Month-to-month,Yes,Mailed check,116.06,610.08,No
CUST-00388,Male,0,Yes,No,61,Yes,No,Fiber optic,Yes,Yes,No,Month-to-month,No,Credit card,82.33,5053.68,No
CUST-00389,Male,0,Yes,No,65,Yes,No,Fiber optic,No,No,Yes,Two year,No,Electronic check,94.06,6094.53,No
CUST-00390,Male,0,Yes,No,8,Yes,No,DSL,Yes,No,No,Month-to-month,Yes,Mailed check,58.61,484.26,Yes
CUST-00391,Male,0,Yes,No,66,Yes,No,Fiber optic,Yes,No,No,One year,Yes,Electronic check,21.33,1397.19,No
CUST-00392,Female,0,Yes,No,15,Yes,Yes,Fiber optic,Yes,No,No,Month-to-month,Yes,Bank transfer,60.65,864.2,Yes
CUST-00393,Female,0,Yes,No,54,Yes,Yes,DSL,No,Yes,No,Month-to-month,Yes,Bank transfer,70.1,3778.18,Yes
CUST-00394,Male,0,No,Yes,39,Yes,Yes,No,No,No internet service,No internet service,Month-to-month,No,Credit card,68.25,2669.34,Yes
CUST-00395,Female,1,No,No,25,Yes,No,Fiber optic,No,No,No internet service,Two year,No,Bank transfer,41.82,1025.4,No
CUST-00396,Female,0,No,No,37,Yes,No,DSL,No internet service,No internet service,No,Month-to-month,Yes,Credit card,66.45,2503.54,No
CUST-00397,Female,0,Yes,No,34,Yes,Yes,Fiber optic,Yes,No,Yes,One year,Yes,Bank transfer,91.24,3107.96,Yes
CUST-00398,Female,0,No,No,67,Yes,No,DSL,Yes,Yes,No internet service,Month-to-month,Yes,Electronic check,49.77,3321.74,Yes
CUST-00399,Male,0,Yes,No,58,Yes,Yes,Fiber optic,No,No,Yes,Two year,No,Electronic check,82.67,4818.36,No
CUST-00400,Female,0,Yes,Yes,13,Yes,No,Fiber optic,Yes,No,Yes,Two year,No,Mailed check,33.63,421.28,No
CUST-00401,Female,0,Yes,Yes,46,Yes,No,DSL,Yes,No,No,Month-to-month,Yes,Mailed check,46.36,2085.03,No
CUST-00402,Male,0,Yes,Yes,70,Yes,No,No,Yes,No internet service,No,Month-to-month,Yes,Mailed check,108.16,7522.03,No
CUST-00403,Male,0,No,Yes,71,Yes,Yes,DSL,No,Yes,No,Month-to-month,Yes,Mailed check,81.92,5796.52,No
CUST-00404,Female,0,Yes,No,41,Yes,No phone service,Fiber optic,No,No,No,Month-to-month,Yes,Mailed check,26.76,1062.76,Yes
CUST-00405,Female,0,Yes,Yes,50,Yes,Yes,No,No internet service,Yes,No internet service,One year,No,Mailed check,44.99,2234.75,No
CUST-00406,Female,1,No,Yes,18,Yes,Yes,Fiber optic,No,No internet service,No internet service,One year,No,Credit card,119.38,2175.81,Yes
CUST-00407,Female,0,No,No,65,Yes,No,No,No,Yes,No,Month-to-month,No,Credit card,45.55,2941.66,No
CUST-00408,Female,0,No,No,46,Yes,No,No,No,Yes,No,Month-to-month,No,Bank transfer,77.21,3557.62,No
CUST-00409,Female,0,Yes,Yes,64,Yes,Yes,No,Yes,Yes,No,Month-to-month,Yes,Credit card,74.14,4786.92,Yes
CUST-00410,Male,0,No,No,41,Yes,No,Fiber optic,Yes,No,Yes,Two year,Yes,Electronic check,59.04,2440.47,No
CUST-00411,Female,0,Yes,No,37,Yes,No,Fiber optic,No internet service,No,No,Month-to-month,Yes,Credit card,21.45,799.83,Yes
CUST-00412,Female,0,Yes,Yes,12,Yes,No,No,Yes,No,No internet service,One year,Yes,Mailed check,47.0,600.71,No
CUST-00413,Male,1,No,Yes,43,Yes,No,No,Yes,Yes,No internet service,Month-to-month,Yes,Credit card,115.24,4938.38,No
CUST-00414,Male,0,No,No,23,Yes,Yes,No,Yes,No,No,Month-to-month,Yes,Electronic check,19.96,428.86,Yes
CUST-00415,Male,0,No,No,29,Yes,Yes,No,Yes,No,No internet service,Month-to-month,No,Bank transfer,91.0,2663.72,No
CUST-00416,Male,0,Yes,No,69,Yes,No,Fiber optic,Yes,No,No internet service,Month-to-month,Yes,Credit card,109.06,7481.02,No
CUST-00417,Female,1,Yes,Yes,37,Yes,Yes,DSL,No,No,No internet service,Month-to-month,No,Electronic check,95.76,3535.54,Yes
CUST-00418,Female,0,Yes,No,22,No,No,DSL,Yes,No,No internet service,Month-to-month,No,Credit card,50.97,1100.05,No
CUST-00419,Female,0,Yes,No,56,Yes,Yes,DSL,No,No internet service,No internet service,Month-to-month,Yes,Bank transfer,71.09,4028.17,No
CUST-00420,Female,0,Yes,Yes,22,Yes,No,DSL,No internet service,Yes,Yes,Month-to-month,Yes,Credit card,106.49,2330.49,Yes
CUST-00421,Female,0,Yes,No,35,Yes,No,DSL,No,No,No internet service,Month-to-month,Yes,Electronic check,117.5,4128.84,No
CUST-00422,Female,0,No,No,56,Yes,No,DSL,No,No,Yes,Month-to-month,No,Bank transfer,27.9,1539.25,No
CUST-00423,Male,0,Yes,No,0,Yes,No,DSL,No,No,No,Month-to-month,Yes,Bank transfer,30.68,48.32,No
CUST-00424,Female,0,No,No,71,Yes,Yes,No,Yes,No,No internet service,One year,Yes,Bank transfer,115.49,8167.83,No
CUST-00425,Male,1,No,No,2,Yes,Yes,DSL,No,No,Yes,Two year,Yes,Bank transfer,107.01,254.69,Yes
CUST-00426,Male,0,No,No,13,Yes,No,DSL,No,No internet service,Yes,Month-to-month,Yes,Mailed check,39.53,508.43,Yes
CUST-00427,Female,1,No,No,33,Yes,No,Fiber optic,No,No,No,Two year,No,Mailed check,116.95,3852.08,No
CUST-00428,Male,0,No,Yes,69,Yes,No,No,No,No,No internet service,Month-to-month,Yes,Credit card,39.32,2733.21,Yes
CUST-00429,Female,0,Yes,No,68,Yes,No,DSL,No,No internet service,No internet service,Month-to-month,Yes,Credit card,27.03,1797.37,Yes
CUST-00430,Male,0,Yes,Yes,50,Yes,No,DSL,No,No,No internet service,Two year,No,Bank transfer,87.55,4382.17,Yes
CUST-00431,Female,0,Yes,Yes,28,Yes,No phone service,DSL,No,No,No internet service,Month-to-month,No,Electronic check,73.06,2017.68,Yes
CUST-00432,Male,0,Yes,No,47,Yes,Yes,Fiber optic,No,No internet service,No internet service,Month-to-month,Yes,Electronic check,42.45,1960.86,Yes
CUST-00433,Female,0,No,No,15,Yes,No,DSL,No,No internet service,Yes,Two year,Yes,Mailed check,112.68,1727.95,No
CUST-00434,Female,0,No,No,56,Yes,Yes,Fiber optic,No,No internet service,Yes,One year,Yes,Electronic check,59.23,3366.61,No
CUST-00435,Female,0,No,No,9,No,No,No,Yes,No,Yes,Two year,No,Bank transfer,59.1,579.02,No
CUST-00436,Female,0,Yes,Yes,18,Yes,No,Fiber optic,No,No,Yes,Month-to-month,Yes,Credit card,82.45,1516.22,Yes
CUST-00437,Female,0,Yes,No,66,Yes,No,Fiber optic,No internet service,No internet service,No internet service,Two year,Yes,Credit card,41.54,2783.64,No
CUST-00438,Male,1,Yes,No,35,Yes,Yes,DSL,Yes,Yes,No,One year,No,Bank transfer,77.86,2767.52,Yes
CUST-00439,Male,0,Yes,No,3,Yes,No,Fiber optic,No internet service,No internet service,No internet service,One year,Yes,Electronic check,55.13,133.03,Yes
CUST-00440,Male,0,No,No,32,Yes,Yes,Fiber optic,No,No internet service,No,Month-to-month,Yes,Mailed check,88.89,2803.05,Yes
CUST-00441,Female,0,No,No,27,Yes,Yes,Fiber optic,No,No internet service,No,Month-to-month,No,Mailed check,43.27,1130.97,Yes
CUST-00442,Male,0,Yes,No,8,No,Yes,No,No internet service,Yes,No,Month-to-month,Yes,Credit card,36.92,261.62,Yes
CUST-00443,Female,0,Yes,No,5,Yes,No,DSL,No,No internet service,No internet service,One year,Yes,Electronic check,43.48,249.64,Yes
CUST-00444,Female,0,No,Yes,48,Yes,Yes,No,No internet service,No,No,One year,Yes,Mailed check,113.47,5490.69,No
CUST-00445,Male,0,No,No,21,Yes,Yes,No,Yes,No,Yes,Month-to-month,No,Electronic check,104.62,2182.2,No
CUST-00446,Male,0,No,No,47,Yes,Yes,DSL,Yes,No internet service,No internet service,One year,Yes,Electronic check,102.55,4773.29,No
CUST-00447,Female,0,No,No,20,Yes,Yes,DSL,No,No,No,One year,Yes,Mailed check,97.63,1933.35,Yes
CUST-00448,Male,0,Yes,No,32,Yes,Yes,DSL,No internet service,Yes,Yes,One year,No,Credit card,82.97,2675.65,Yes
CUST-00449,Female,1,No,No,55,Yes,Yes,Fiber optic,No internet service,No,No,Month-to-month,Yes,Electronic check,28.04,1586.49,Yes
CUST-00450,Female,0,No,No,28,Yes,No,DSL,Yes,Yes,Yes,Month-to-month,No,Mailed check,51.11,1426.05,Yes
CUST-00451,Female,0,No,No,52,Yes,No,DSL,Yes,No,No internet service,One year,No,Bank transfer,75.31,3899.73,No
CUST-00452,Female,0,No,No,39,Yes,Yes,No,No internet service,No,No,Two year,Yes,Bank transfer,28.79,1138.13,No
CUST-00453,Female,0,Yes,No,17,Yes,No,DSL,No,No,No internet service,Month-to-month,Yes,Credit card,21.07,329.3,Yes
CUST-00454,Male,1,Yes,No,46,Yes,Yes,Fiber optic,No,Yes,Yes,Two year,No,Mailed check,27.53,1292.96,No
CUST-00455,Male,0,Yes,No,12,Yes,Yes,Fiber optic,No internet service,Yes,No internet service,Month-to-month,No,Electronic check,29.02,339.64,Yes
CUST-00456,Female,0,Yes,Yes,26,No,No,No,Yes,No,No,Month-to-month,No,Bank transfer,29.17,806.15,Yes
CUST-00457,Female,1,Yes,No,61,Yes,No,DSL,Yes,No,Yes,Month-to-month,No,Electronic check,37.4,2324.81,Yes
CUST-00458,Male,0,Yes,Yes,44,Yes,No phone service,DSL,No internet service,No,Yes,Month-to-month,Yes,Bank transfer,68.91,3048.58,Yes
CUST-00459,Male,0,No,No,2,Yes,Yes,Fiber optic,Yes,No,Yes,Month-to-month,Yes,Mailed check,47.12,109.04,Yes
CUST-00460,Female,0,No,No,21,Yes,No,Fiber optic,Yes,No,No,Month-to-month,Yes,Electronic check,105.73,2182.65,Yes
CUST-00461,Male,0,No,No,26,Yes,No,No,Yes,No internet service,Yes,Month-to-month,No,Credit card,107.37,2769.71,Yes
CUST-00462,Female,0,No,No,54,Yes,No,DSL,No,Yes,No,Month-to-month,No,Mailed check,111.87,6077.17,No
CUST-00463,Male,1,Yes,No,66,Yes,No phone service,Fiber optic,Yes,Yes,No,Month-to-month,Yes,Electronic check,66.06,4346.26,Yes
CUST-00464,Female,1,No,Yes,32,Yes,Yes,Fiber optic,No,Yes,No,Two year,Yes,Bank transfer,96.95,3094.81,No
CUST-00465,Male,0,Yes,No,1,Yes,Yes,No,No internet service,Yes,No internet service,Two year,No,Mailed check,78.28,112.26,No
CUST-00466,Female,0,No,No,45,Yes,No,Fiber optic,Yes,No internet service,No,Two year,No,Credit card,32.73,1465.54,No
CUST-00467,Male,0,No,No,32,Yes,Yes,Fiber optic,No internet service,No internet service,Yes,Month-to-month,No,Bank transfer,82.84,2685.88,Yes
CUST-00468,Male,1,No,No,57,Yes,No,DSL,Yes,No internet service,No,Month-to-month,Yes,Electronic check,103.38,5849.6,No
CUST-00469,Female,0,Yes,No,6,Yes,Yes,DSL,Yes,No,Yes,Two year,Yes,Electronic check,53.49,340.05,Yes
CUST-00470,Male,0,No,No,14,Yes,No,Fiber optic,No,No,No,Two year,Yes,Mailed check,94.16,1274.54,No
CUST-00471,Female,0,Yes,No,25,No,Yes,DSL,No internet service,No,No,Two year,Yes,Credit card,97.0,2454.0,No
CUST-00472,Male,0,Yes,No,10,No,Yes,Fiber optic,No internet service,No,Yes,One year,Yes,Bank transfer,83.65,841.72,Yes
CUST-00473,Female,0,No,Yes,37,Yes,No phone service,DSL,Yes,No internet service,No,Month-to-month,Yes,Mailed check,108.09,4004.92,No
CUST-00474,Male,0,Yes,No,26,Yes,Yes,No,Yes,Yes,Yes,One year,Yes,Credit card,32.77,839.69,No
CUST-00475,Female,0,Yes,No,6,Yes,Yes,DSL,No internet service,No,No,One year,Yes,Bank transfer,104.03,664.51,No
CUST-00476,Male,0,No,Yes,0,Yes,Yes,Fiber optic,Yes,No internet service,No internet service,Two year,No,Credit card,80.29,0.91,Yes
CUST-00477,Female,0,No,Yes,20,Yes,No,Fiber optic,No,No internet service,Yes,Month-to-month,Yes,Credit card,105.28,2081.64,No
CUST-00478,Male,0,No,No,29,Yes,No,DSL,Yes,No internet service,No internet service,Month-to-month,Yes,Bank transfer,72.33,2129.98,Yes
CUST-00479,Female,1,No,No,7,Yes,No,DSL,No,No,No internet service,Month-to-month,Yes,Electronic check,51.45,404.96,Yes
CUST-00480,Female,0,No,Yes,2,Yes,No,No,No,No internet service,Yes,Month-to-month,Yes,Electronic check,109.51,193.25,Yes
CUST-00481,Female,0,No,No,54,Yes,Yes,DSL,No,Yes,Yes,One year,No,Credit card,107.5,5815.53,Yes
CUST-00482,Male,0,Yes,No,14,Yes,Yes,DSL,No internet service,Yes,Yes,Two year,No,Credit card,45.3,643.06,No
CUST-00483,Female,0,No,Yes,35,Yes,Yes,Fiber optic,Yes,No,Yes,Month-to-month,No,Mailed check,93.9,3297.46,Yes
CUST-00484,Male,0,No,Yes,5,Yes,No,Fiber optic,No,No internet service,No,Month-to-month,No,Electronic check,27.31,142.97,Yes
CUST-00485,Female,1,Yes,No,41,Yes,No,DSL,No,Yes,No,Month-to-month,No,Electronic check,26.77,1057.59,Yes
CUST-00486,Male,0,No,Yes,49,Yes,Yes,No,Yes,No,Yes,Month-to-month,No,Credit card,70.16,3429.09,No
CUST-00487,Female,0,Yes,No,17,No,Yes,No,Yes,No,Yes,One year,Yes,Mailed check,21.65,416.62,Yes
CUST-00488,Male,0,No,No,49,Yes,Yes,No,Yes,No,No,Month-to-month,Yes,Mailed check,62.24,3008.58,No
CUST-00489,Male,1,No,No,29,Yes,Yes,Fiber optic,Yes,Yes,No,Month-to-month,No,Mailed check,98.66,2878.1,Yes
CUST-00490,Female,0,Yes,Yes,38,Yes,Yes,No,No internet service,Yes,Yes,Two year,Yes,Bank transfer,108.73,4171.17,No
CUST-00491,Male,0,No,Yes,11,Yes,Yes,Fiber optic,No,No internet service,No,Month-to-month,No,Bank transfer,43.99,453.96,Yes
CUST-00492,Male,0,Yes,Yes,58,No,Yes,No,No,No,No,Month-to-month,No,Bank transfer,25.85,1529.54,No
CUST-00493,Female,0,No,Yes,43,Yes,No,Fiber optic,No,No,No,Two year,No,Mailed check,82.33,3514.37,No
CUST-00494,Male,0,No,No,3,Yes,Yes,DSL,No,No,Yes,Two year,No,Electronic check,45.01,88.07,No
CUST-00495,Male,1,Yes,Yes,35,Yes,No,No,No,Yes,No internet service,Two year,No,Bank transfer,20.39,715.76,No
CUST-00496,Male,0,No,No,47,Yes,No,Fiber optic,No,Yes,No,Month-to-month,No,Credit card,31.38,1495.95,Yes
CUST-00497,Female,0,No,No,13,No,No,No,No,Yes,No,Two year,Yes,Credit card,113.71,1447.92,Yes
CUST-00498,Male,0,Yes,Yes,48,Yes,Yes,DSL,Yes,Yes,No internet service,Month-to-month,Yes,Credit card,107.26,5105.52,Yes
CUST-00499,Female,1,No,Yes,66,Yes,No,No,No internet service,Yes,Yes,Month-to-month,No,Electronic check,102.62,6778.27,No
CUST-00500,Male,0,Yes,Yes,8,Yes,Yes,DSL,No,No,No,Two year,No,Bank transfer,52.63,385.81,No
CUST-00501,Male,0,No,Yes,20,Yes,Yes,Fiber optic,No,No internet service,No,Month-to-month,Yes,Electronic check,90.88,1786.03,Yes
CUST-00502,Male,0,Yes,No,71,Yes,No phone service,Fiber optic,No,No internet service,Yes,Two year,Yes,Bank transfer,115.62,8229.37,Yes
CUST-00503,Female,0,No,No,15,Yes,No,Fiber optic,No,No internet service,No,Month-to-month,Yes,Credit card,75.89,1149.56,Yes
CUST-00504,Male,0,Yes,No,15,Yes,Yes,Fiber optic,No,No,Yes,Month-to-month,Yes,Credit card,51.98,824.4,No
CUST-00505,Male,0,Yes,No,27,Yes,Yes,Fiber optic,Yes,Yes,No,Month-to-month,No,Electronic check,99.53,2669.65,Yes
CUST-00506,Female,1,No,No,50,Yes,Yes,DSL,No,No,Yes,Two year,Yes,Bank transfer,61.89,3065.94,No
CUST-00507,Male,0,No,No,55,Yes,No,Fiber optic,No internet service,Yes,No,Month-to-month,No,Credit card,76.89,4244.52,No
CUST-00508,Female,0,Yes,No,56,Yes,No,DSL,No,No,No internet service,One year,No,Bank transfer,73.2,4146.4,No
CUST-00509,Female,0,No,Yes,51,Yes,Yes,Fiber optic,Yes,Yes,No internet service,One year,No,Bank transfer,40.18,2054.53,No
CUST-00510,Male,0,Yes,Yes,45,Yes,Yes,DSL,No,Yes,No,One year,No,Mailed check,18.07,792.53,No
CUST-00511,Female,0,No,No,37,Yes,No,Fiber optic,No,Yes,Yes,One year,Yes,Bank transfer,119.88,4476.61,No
CUST-00512,Male,0,No,No,47,Yes,No,No,No,No internet service,No internet service,Month-to-month,No,Electronic check,60.52,2855.48,Yes
CUST-00513,Female,0,Yes,No,40,No,No,DSL,No,No internet service,No,Month-to-month,Yes,Credit card,46.95,1849.27,No
CUST-00514,Female,0,Yes,No,58,Yes,No,Fiber optic,No,No,No,Month-to-month,No,Electronic check,96.12,5619.92,Yes
CUST-00515,Male,0,No,No,66,Yes,No,DSL,No internet service,No,No,Two year,Yes,Bank transfer,78.44,5154.34,No
CUST-00516,Female,0,No,No,65,Yes,Yes,DSL,No internet service,Yes,Yes,One year,No,Electronic check,107.81,7047.5,No
CUST-00517,Female,0,No,No,26,Yes,No,Fiber optic,No internet service,Yes,No,One year,Yes,Credit card,97.67,2550.88,No
CUST-00518,Female,0,No,No,31,Yes,Yes,Fiber optic,No,No,Yes,Month-to-month,Yes,Bank transfer,46.74,1449.2,No
CUST-00519,Female,0,No,No,55,No,No,Fiber optic,No,No,Yes,Two year,Yes,Electronic check,78.41,4295.81,No
CUST-00520,Female,0,Yes,No,9,Yes,No phone service,No,No,No,No,Month-to-month,Yes,Bank transfer,69.28,585.41,Yes
CUST-00521,Male,0,No,No,39,Yes,No,No,No,No,No internet service,Month-to-month,No,Bank transfer,115.42,4475.86,No
CUST-00522,Female,0,No,No,16,Yes,No,No,No internet service,No internet service,No,One year,No,Electronic check,42.44,662.14,Yes
CUST-00523,Male,0,Yes,No,57,Yes,Yes,Fiber optic,Yes,No,Yes,Month-to-month,No,Bank transfer,46.95,2655.02,Yes
CUST-00524,Female,0,Yes,No,5,Yes,No,Fiber optic,No internet service,No internet service,Yes,Month-to-month,No,Electronic check,111.88,516.73,Yes
CUST-00525,Male,0,Yes,No,38,Yes,Yes,Fiber optic,No,No,No,Month-to-month,No,Credit card,64.7,2466.58,No
CUST-00526,Male,1,No,No,17,Yes,No,Fiber optic,Yes,No internet service,No,Month-to-month,Yes,Bank transfer,64.64,1096.4,No
CUST-00527,Female,0,Yes,Yes,72,Yes,Yes,Fiber optic,No,No,Yes,Month-to-month,No,Electronic check,106.56,7632.97,Yes
CUST-00528,Female,0,Yes,No,71,Yes,Yes,DSL,Yes,No,No,Month-to-month,Yes,Credit card,48.2,3418.59,Yes
CUST-00529,Female,0,Yes,Yes,41,Yes,Yes,DSL,Yes,No,Yes,Month-to-month,Yes,Mailed check,89.08,3610.18,Yes
CUST-00530,Male,0,Yes,No,3,Yes,Yes,Fiber optic,No internet service,No,No,Two year,Yes,Bank transfer,91.6,317.95,Yes
CUST-00531,Female,0,No,No,19,Yes,No,DSL,No,No,No internet service,Month-to-month,No,Credit card,63.12,1175.19,Yes
CUST-00532,Male,0,No,No,27,No,No,DSL,Yes,Yes,Yes,Two year,Yes,Bank transfer,52.06,1428.1,No
CUST-00533,Male,0,No,Yes,39,Yes,No,Fiber optic,No internet service,No,Yes,Month-to-month,Yes,Bank transfer,94.16,3647.36,Yes
CUST-00534,Male,0,Yes,No,64,Yes,Yes,DSL,Yes,Yes,Yes,Month-to-month,Yes,Mailed check,44.1,2819.85,No
CUST-00535,Female,0,Yes,No,43,Yes,Yes,Fiber optic,No,No,Yes,Month-to-month,Yes,Credit card,101.57,4410.84,No
CUST-00536,Female,0,Yes,No,22,Yes,No,Fiber optic,Yes,No internet service,No internet service,Month-to-month,No,Bank transfer,60.47,1367.51,Yes
CUST-00537,Male,1,Yes,Yes,56,Yes,Yes,DSL,Yes,No internet service,No internet service,Month-to-month,No,Credit card,19.87,1140.61,No
CUST-00538,Male,0,Yes,No,46,No,No,DSL,Yes,No,No,Two year,Yes,Mailed check,76.07,3528.24,No
CUST-00539,Female,0,Yes,No,12,Yes,Yes,DSL,No internet service,Yes,No internet service,Month-to-month,No,Credit card,37.83,486.31,No
CUST-00540,Male,0,No,Yes,15,Yes,No,Fiber optic,No internet service,Yes,Yes,Month-to-month,Yes,Mailed check,65.59,1008.11,Yes
CUST-00541,Female,1,No,No,54,Yes,No,Fiber optic,No internet service,Yes,Yes,Month-to-month,Yes,Credit card,100.45,5463.99,Yes
CUST-00542,Male,0,Yes,No,64,Yes,No,Fiber optic,No,No,Yes,Month-to-month,Yes,Mailed check,37.38,2377.34,Yes
CUST-00543,Female,0,No,No,15,Yes,No,Fiber optic,No,No internet service,No,One year,Yes,Credit card,39.23,591.06,No
CUST-00544,Male,0,Yes,No,36,No,No,Fiber optic,No,Yes,No,Month-to-month,Yes,Electronic check,66.33,2402.52,Yes
CUST-00545,Female,0,Yes,No,51,Yes,No,No,No,No,No internet service,Month-to-month,Yes,Electronic check,66.6,3366.38,No
CUST-00546,Male,0,No,No,9,Yes,No,DSL,No,No,No,Two year,Yes,Bank transfer,64.27,578.76,No
CUST-00547,Female,0,Yes,No,37,Yes,Yes,No,No internet service,Yes,Yes,One year,No,Mailed check,88.84,3249.49,No
CUST-00548,Female,0,No,Yes,43,Yes,No,Fiber optic,Yes,No internet service,No internet service,Month-to-month,Yes,Bank transfer,45.45,1965.51,No
CUST-00549,Male,0,Yes,Yes,53,Yes,No,DSL,No,No,No,Month-to-month,Yes,Electronic check,44.57,2321.97,Yes
CUST-00550,Male,0,Yes,No,50,No,No,Fiber optic,No,No internet service,No internet service,Month-to-month,No,Bank transfer,20.28,1014.34,No
CUST-00551,Female,0,No,No,51,Yes,No,DSL,No,No,No,Two year,No,Credit card,56.94,2900.1,No
CUST-00552,Male,0,Yes,No,69,Yes,Yes,Fiber optic,No,Yes,Yes,One year,Yes,Mailed check,37.97,2581.11,No
CUST-00553,Female,0,Yes,No,58,Yes,No phone service,DSL,No,No,No internet service,One year,No,Mailed check,78.34,4537.65,No
CUST-00554,Male,0,Yes,No,12,Yes,Yes,DSL,Yes,Yes,No internet service,Month-to-month,No,Credit card,36.48,455.54,No
CUST-00555,Female,1,No,No,40,Yes,No phone service,Fiber optic,No,No,No,Two year,Yes,Mailed check,109.24,4379.07,Yes
CUST-00556,Female,0,Yes,Yes,11,Yes,Yes,Fiber optic,No,No internet service,Yes,Month-to-month,No,Mailed check,104.6,1146.4,Yes
CUST-00557,Female,0,Yes,No,49,Yes,Yes,No,No,No,Yes,Month-to-month,Yes,Bank transfer,96.05,4692.94,Yes
CUST-00558,Female,0,Yes,No,56,Yes,No,Fiber optic,No internet service,No,Yes,One year,No,Mailed check,100.47,5582.06,No
CUST-00559,Female,1,No,No,49,Yes,No phone service,Fiber optic,No,No,No,Month-to-month,No,Electronic check,115.88,5723.71,No
CUST-00560,Female,0,No,Yes,56,Yes,No,No,Yes,No,Yes,Two year,No,Credit card,50.62,2824.99,No
CUST-00561,Male,0,No,No,53,Yes,No,DSL,Yes,Yes,Yes,Two year,Yes,Mailed check,117.95,6243.0,No
CUST-00562,Male,0,No,Yes,65,Yes,Yes,DSL,Yes,Yes,No internet service,Month-to-month,No,Electronic check,108.83,7036.78,Yes
CUST-00563,Male,0,No,Yes,7,Yes,Yes,Fiber optic,Yes,Yes,No internet service,One year,No,Credit card,54.91,387.64,Yes
CUST-00564,Female,0,Yes,Yes,62,Yes,No,Fiber optic,No,No,Yes,Month-to-month,Yes,Bank transfer,106.14,6628.6,Yes
CUST-00565,Female,0,No,No,8,Yes,Yes,Fiber optic,No,No,Yes,One year,No,Bank transfer,109.53,851.54,No
CUST-00566,Female,0,No,No,59,Yes,No,Fiber optic,No,Yes,Yes,One year,No,Bank transfer,21.68,1260.45,No
CUST-00567,Female,1,Yes,No,62,No,No,DSL,No internet service,No internet service,No internet service,Month-to-month,Yes,Bank transfer,107.35,6629.32,No
CUST-00568,Male,0,No,No,71,Yes,No,Fiber optic,No,Yes,No,One year,Yes,Electronic check,62.19,4452.15,No
CUST-00569,Male,0,Yes,No,2,Yes,No,Fiber optic,Yes,Yes,No,One year,No,Electronic check,100.76,199.04,Yes
CUST-00570,Female,0,No,No,72,Yes,No,No,Yes,No,Yes,Month-to-month,Yes,Mailed check,29.34,2144.83,No
CUST-00571,Male,0,Yes,No,12,Yes,No phone service,No,No internet service,No,Yes,Month-to-month,No,Mailed check,35.56,461.73,No
CUST-00572,Male,0,Yes,Yes,8,Yes,No,Fiber optic,No,No internet service,Yes,Month-to-month,Yes,Bank transfer,117.84,967.63,Yes
CUST-00573,Female,0,No,No,51,No,No,DSL,No,No,No,Month-to-month,Yes,Credit card,60.45,3059.05,Yes
CUST-00574,Male,0,No,No,61,Yes,No,Fiber optic,Yes,Yes,No,Month-to-month,No,Credit card,99.44,6019.37,Yes
CUST-00575,Female,1,Yes,No,7,Yes,Yes,DSL,No,No internet service,Yes,One year,No,Bank transfer,94.52,625.97,No
CUST-00576,Male,1,Yes,No,44,Yes,Yes,No,No,No internet service,No internet service,One year,Yes,Electronic check,98.18,4339.61,No
CUST-00577,Female,0,Yes,No,52,No,Yes,No,No,No internet service,No,Month-to-month,No,Electronic check,95.99,5015.54,No
CUST-00578,Female,0,Yes,Yes,62,Yes,Yes,Fiber optic,No,No internet service,No,Month-to-month,Yes,Bank transfer,111.22,6922.28,Yes
CUST-00579,Female,1,Yes,No,56,Yes,Yes,No,No,Yes,No,Month-to-month,No,Bank transfer,78.44,4367.04,No
CUST-00580,Female,0,Yes,No,53,Yes,No,Fiber optic,Yes,No internet service,Yes,Month-to-month,Yes,Electronic check,61.4,3219.5,No
CUST-00581,Male,1,Yes,No,18,Yes,No,DSL,No,No internet service,Yes,Two year,Yes,Electronic check,112.37,2064.97,Yes
CUST-00582,Female,0,No,No,66,Yes,Yes,Fiber optic,No internet service,No,Yes,Month-to-month,Yes,Electronic check,54.41,3607.48,Yes
CUST-00583,Female,0,Yes,No,45,Yes,Yes,Fiber optic,No,No,Yes,Month-to-month,Yes,Bank transfer,82.33,3729.05,Yes
CUST-00584,Female,0,No,No,9,No,No,No,Yes,No,Yes,Month-to-month,Yes,Electronic check,105.23,906.46,Yes
CUST-00585,Male,0,No,No,17,No,Yes,DSL,Yes,Yes,No,Month-to-month,No,Credit card,111.43,1885.56,No
CUST-00586,Female,0,Yes,Yes,11,Yes,Yes,No,No internet service,No,No internet service,One year,No,Electronic check,114.84,1219.57,No
CUST-00587,Male,0,Yes,No,48,Yes,No,Fiber optic,No,No internet service,No,One year,No,Mailed check,85.31,4110.66,Yes
CUST-00588,Female,0,No,No,22,Yes,No,No,No,No,No,Month-to-month,No,Electronic check,91.46,2011.06,Yes
CUST-00589,Male,0,Yes,Yes,61,Yes,No,DSL,No,No,No internet service,One year,Yes,Mailed check,68.75,4188.9,No
CUST-00590,Male,0,Yes,No,10,Yes,No,Fiber optic,No,No,No,One year,Yes,Credit card,47.06,510.89,Yes
CUST-00591,Female,1,No,No,72,Yes,Yes,No,Yes,Yes,Yes,Month-to-month,Yes,Mailed check,19.65,1438.81,Yes
CUST-00592,Male,0,No,No,55,Yes,No,Fiber optic,Yes,No,No,Month-to-month,No,Bank transfer,40.65,2282.18,No
CUST-00593,Female,0,No,Yes,54,Yes,No,Fiber optic,No,No,Yes,Month-to-month,No,Bank transfer,117.96,6324.47,Yes
CUST-00594,Female,0,Yes,No,24,Yes,No,Fiber optic,No internet service,Yes,No,Month-to-month,No,Bank transfer,100.25,2417.57,Yes
CUST-00595,Female,0,Yes,No,8,No,Yes,No,Yes,No internet service,No,One year,Yes,Credit card,66.86,547.9,Yes
CUST-00596,Male,1,No,No,11,Yes,No,Fiber optic,No,No internet service,Yes,Month-to-month,Yes,Bank transfer,53.05,536.2,Yes
CUST-00597,Male,0,Yes,No,10,Yes,Yes,Fiber optic,No,Yes,Yes,One year,Yes,Electronic check,24.56,274.31,No
CUST-00598,Female,0,No,Yes,37,Yes,No,No,No,No,No,One year,No,Credit card,19.03,669.47,No
CUST-00599,Female,0,Yes,No,27,Yes,No,Fiber optic,No,No,No,Month-to-month,Yes,Credit card,95.02,2585.67,Yes
CUST-00600,Male,0,No,Yes,7,Yes,No,No,No,No,No,Month-to-month,Yes,Electronic check,118.53,783.49,Yes
CUST-00601,Female,0,Yes,Yes,46,Yes,No,Fiber optic,No internet service,No,Yes,Month-to-month,No,Electronic check,43.89,2030.31,Yes
CUST-00602,Female,1,No,No,35,Yes,Yes,DSL,No,No,No internet service,One year,Yes,Mailed check,46.0,1612.08,No
CUST-00603,Female,0,Yes,No,49,Yes,No,DSL,No internet service,No,Yes,Month-to-month,No,Bank transfer,113.34,5551.99,Yes
CUST-00604,Male,0,Yes,No,8,Yes,Yes,Fiber optic,No,Yes,No internet service,One year,Yes,Electronic check,79.41,621.95,No
CUST-00605,Male,0,No,Yes,59,No,Yes,Fiber optic,No,No,No,Month-to-month,Yes,Credit card,35.73,2100.09,No
CUST-00606,Male,0,Yes,No,71,Yes,Yes,Fiber optic,Yes,No,Yes,Month-to-month,Yes,Credit card,22.66,1606.55,Yes
CUST-00607,Female,0,Yes,No,66,Yes,No,No,No,Yes,Yes,Two year,No,Electronic check,75.48,4961.45,No
CUST-00608,Female,0,No,No,52,No,Yes,No,Yes,No,Yes,Two year,Yes,Bank transfer,64.16,3379.85,No
CUST-00609,Female,0,Yes,No,16,Yes,Yes,DSL,No,Yes,No internet service,Month-to-month,Yes,Mailed check,62.07,1039.62,No
CUST-00610,Male,0,Yes,No,52,Yes,No,Fiber optic,Yes,No,No internet service,Month-to-month,Yes,Mailed check,116.86,6056.71,No
CUST-00611,Female,0,Yes,No,27,Yes,No phone service,Fiber optic,No internet service,Yes,Yes,Month-to-month,No,Bank transfer,44.81,1237.74,Yes
CUST-00612,Female,0,No,Yes,62,Yes,No,DSL,No,No,No,Two year,No,Bank transfer,67.78,4227.52,No
CUST-00613,Female,0,No,No,14,Yes,No phone service,Fiber optic,No internet service,No internet service,Yes,Month-to-month,No,Credit card,39.76,594.2,No
CUST-00614,Female,0,No,No,18,Yes,No,DSL,No,No,Yes,Two year,Yes,Electronic check,50.82,865.14,No
CUST-00615,Male,1,No,No,69,Yes,Yes,DSL,No internet service,No,No internet service,Month-to-month,Yes,Mailed check,96.12,6616.09,Yes
CUST-00616,Male,0,No,No,46,Yes,No,DSL,No internet service,No,No internet service,Month-to-month,No,Bank transfer,38.12,1718.02,No
CUST-00617,Female,0,Yes,No,70,Yes,Yes,Fiber optic,No,No internet service,No,Two year,No,Credit card,87.0,6079.09,No
CUST-00618,Male,0,Yes,Yes,47,Yes,Yes,Fiber optic,No,No,Yes,Two year,Yes,Mailed check,31.22,1474.9,Yes
CUST-00619,Male,0,No,Yes,72,Yes,Yes,Fiber optic,No,Yes,No,One year,No,Credit card,37.44,2736.56,No
CUST-00620,Female,0,Yes,No,19,Yes,Yes,Fiber optic,Yes,No internet service,Yes,Month-to-month,No,Credit card,20.36,420.8,Yes
CUST-00621,Female,0,Yes,Yes,36,Yes,No,DSL,No internet service,Yes,No internet service,One year,Yes,Mailed check,82.31,2963.06,No
CUST-00622,Male,0,Yes,No,1,Yes,No,DSL,No,No internet service,No internet service,One year,Yes,Credit card,119.01,71.36,No
CUST-00623,Female,0,Yes,No,63,Yes,Yes,DSL,No,No,Yes,One year,No,Electronic check,84.96,5332.57,Yes
CUST-00624,Male,0,No,No,35,Yes,No phone service,Fiber optic,No,Yes,Yes,One year,No,Credit card,112.18,3886.96,Yes
CUST-00625,Female,0,No,No,4,Yes,No,No,No,No internet service,No internet service,Month-to-month,Yes,Electronic check,71.69,301.82,Yes
CUST-00626,Male,0,Yes,No,63,Yes,No,Fiber optic,Yes,Yes,No,Month-to-month,Yes,Bank transfer,87.39,5525.11,No
CUST-00627,Female,0,Yes,No,6,Yes,No phone service,DSL,Yes,Yes,No,Month-to-month,No,Mailed check,112.4,689.28,Yes
CUST-00628,Male,1,No,Yes,69,No,Yes,DSL,No,No,Yes,Month-to-month,No,Credit card,26.79,1825.98,Yes
CUST-00629,Male,0,Yes,No,21,Yes,No,Fiber optic,Yes,No,Yes,One year,No,Electronic check,78.94,1699.69,No
CUST-00630,Male,0,Yes,No,45,No,Yes,Fiber optic,No,Yes,Yes,Month-to-month,No,Credit card,76.7,3460.35,Yes
CUST-00631,Female,0,Yes,No,39,Yes,No,Fiber optic,No,No,Yes,Month-to-month,Yes,Credit card,21.38,843.54,No
CUST-00632,Male,1,No,Yes,60,Yes,No phone service,DSL,No,No internet service,No,Month-to-month,No,Electronic check,33.93,2067.36,Yes
CUST-00633,Male,0,No,No,45,Yes,No,Fiber optic,Yes,Yes,No,Month-to-month,No,Credit card,74.34,3302.22,No
CUST-00634,Female,0,Yes,No,27,Yes,Yes,Fiber optic,Yes,No,No,Two year,No,Mailed check,68.76,1827.48,No
CUST-00635,Female,0,Yes,No,34,Yes,Yes,No,No,No internet service,Yes,Two year,No,Mailed check,53.07,1813.34,No
CUST-00636,Male,0,Yes,No,0,Yes,Yes,DSL,Yes,No internet service,Yes,Two year,No,Mailed check,89.17,11.04,No
CUST-00637,Male,0,Yes,No,28,Yes,No,DSL,No internet service,Yes,No,One year,Yes,Mailed check,54.74,1529.4,No
CUST-00638,Female,0,Yes,No,8,Yes,Yes,Fiber optic,Yes,No,No,Month-to-month,No,Electronic check,96.42,799.35,Yes
CUST-00639,Female,0,Yes,Yes,8,Yes,Yes,DSL,No,No internet service,No internet service,Two year,Yes,Credit card,100.54,788.88,Yes
CUST-00640,Female,0,No,No,21,Yes,No,Fiber optic,No,No internet service,No,Month-to-month,No,Electronic check,83.75,1709.87,Yes
CUST-00641,Female,1,No,No,62,Yes,Yes,DSL,No,No,No,Two year,No,Credit card,46.46,2864.52,No
CUST-00642,Female,0,Yes,No,65,Yes,No,DSL,No internet service,Yes,No,Month-to-month,No,Bank transfer,99.87,6538.14,Yes
CUST-00643,Male,0,No,No,57,Yes,Yes,No,No,Yes,No internet service,One year,Yes,Credit card,43.68,2517.66,Yes
CUST-00644,Female,0,Yes,Yes,69,Yes,Yes,DSL,No internet service,No,Yes,One year,Yes,Credit card,48.91,3356.62,No
CUST-00645,Male,0,Yes,Yes,54,Yes,Yes,DSL,Yes,Yes,No internet service,One year,No,Mailed check,80.1,4297.64,No
CUST-00646,Male,1,No,No,12,Yes,No phone service,DSL,No,No internet service,No,Two year,No,Credit card,88.28,1090.39,No
CUST-00647,Male,0,No,No,18,Yes,No,No,Yes,Yes,No internet service,Month-to-month,No,Bank transfer,55.87,975.65,Yes
CUST-00648,Female,0,Yes,No,32,Yes,Yes,Fiber optic,No,No internet service,No internet service,Month-to-month,No,Electronic check,78.32,2514.26,Yes
CUST-00649,Male,0,Yes,No,64,Yes,No,No,No,Yes,Yes,Month-to-month,Yes,Mailed check,43.29,2771.36,No
CUST-00650,Male,0,No,No,59,No,No,No,No,No,No,One year,No,Bank transfer,99.07,5837.4,No
CUST-00651,Female,0,No,No,11,Yes,Yes,Fiber optic,No,No,No,Month-to-month,Yes,Bank transfer,119.2,1303.8,Yes
CUST-00652,Male,0,Yes,No,42,Yes,No,Fiber optic,No internet service,No,No,Two year,Yes,Bank transfer,89.23,3767.9,No
CUST-00653,Male,0,Yes,No,16,Yes,Yes,No,No,No,Yes,Month-to-month,Yes,Electronic check,50.58,769.56,Yes
CUST-00654,Female,0,Yes,No,67,Yes,Yes,Fiber optic,Yes,No,No internet service,Month-to-month,No,Electronic check,53.57,3578.71,Yes
CUST-00655,Male,0,No,No,28,Yes,No,No,No,Yes,No internet service,Month-to-month,No,Bank transfer,21.11,637.92,Yes
CUST-00656,Male,1,Yes,No,54,Yes,Yes,Fiber optic,No,Yes,No,One year,No,Electronic check,83.99,4563.28,No
CUST-00657,Male,0,No,No,6,Yes,No phone service,Fiber optic,Yes,No,Yes,Month-to-month,Yes,Credit card,79.2,427.3,Yes
CUST-00658,Female,0,Yes,No,43,Yes,Yes,DSL,No,Yes,No internet service,Two year,Yes,Credit card,115.37,4955.62,Yes
CUST-00659,Female,0,No,No,4,Yes,No,Fiber optic,Yes,Yes,No,Month-to-month,Yes,Electronic check,59.02,197.8,Yes
CUST-00660,Female,0,No,No,59,Yes,Yes,Fiber optic,No internet service,Yes,No,Month-to-month,Yes,Bank transfer,113.16,6674.91,No
CUST-00661,Male,0,No,Yes,5,No,No,Fiber optic,No internet service,No,Yes,Month-to-month,Yes,Bank transfer,95.55,438.11,Yes
CUST-00662,Male,0,No,No,6,Yes,Yes,No,No internet service,No,Yes,One year,Yes,Mailed check,47.38,273.2,Yes
CUST-00663,Female,0,Yes,No,45,Yes,No phone service,Fiber optic,No internet service,Yes,No,One year,No,Bank transfer,19.68,890.1,Yes
CUST-00664,Male,0,No,No,56,Yes,Yes,DSL,No,Yes,Yes,Two year,No,Mailed check,92.12,5145.45,No
CUST-00665,Male,0,No,Yes,53,No,No,Fiber optic,Yes,No,No,Month-to-month,No,Mailed check,68.63,3645.25,Yes
CUST-00666,Female,1,No,Yes,45,No,No,Fiber optic,No,No,Yes,One year,Yes,Bank transfer,116.11,5273.45,No
CUST-00667,Female,0,Yes,Yes,9,Yes,No,No,Yes,No,No internet service,Two year,Yes,Electronic check,20.25,156.83,No
CUST-00668,Male,0,Yes,No,3,Yes,Yes,Fiber optic,Yes,No internet service,No internet service,Two year,No,Mailed check,71.23,220.14,Yes
CUST-00669,Male,0,Yes,Yes,66,Yes,No,DSL,Yes,No,Yes,Month-to-month,No,Mailed check,98.46,6495.49,Yes
CUST-00670,Male,0,Yes,No,24,Yes,Yes,DSL,Yes,No,Yes,Month-to-month,No,Mailed check,98.56,2396.37,Yes
CUST-00671,Female,0,Yes,Yes,60,Yes,No,DSL,No,No,No,Two year,Yes,Electronic check,86.55,5174.49,No
CUST-00672,Female,0,Yes,Yes,37,Yes,No,DSL,No internet service,No,No,Two year,Yes,Electronic check,58.23,2168.31,Yes
CUST-00673,Female,0,No,Yes,31,No,No phone service,No,Yes,Yes,Yes,Month-to-month,Yes,Mailed check,24.86,789.96,Yes
CUST-00674,Female,0,No,Yes,22,Yes,No,DSL,Yes,No,No,One year,Yes,Electronic check,48.78,1120.73,No
CUST-00675,Male,0,No,No,36,Yes,Yes,DSL,Yes,No,No internet service,Month-to-month,Yes,Mailed check,84.42,3004.25,No
CUST-00676,Female,0,Yes,No,2,Yes,Yes,Fiber optic,No,No,Yes,One year,Yes,Mailed check,96.65,243.13,Yes
CUST-00677,Female,1,No,No,12,Yes,Yes,Fiber optic,No,Yes,Yes,Month-to-month,Yes,Credit card,101.37,1238.56,No
CUST-00678,Female,0,No,Yes,33,Yes,Yes,DSL,No internet service,No,No,Month-to-month,No,Electronic check,96.96,3195.31,No
CUST-00679,Female,0,Yes,Yes,64,Yes,Yes,Fiber optic,Yes,No internet service,No internet service,Two year,Yes,Credit card,51.03,3242.28,No
CUST-00680,Female,0,No,No,7,Yes,No,DSL,No internet service,No,Yes,Month-to-month,No,Credit card,88.8,634.47,Yes
CUST-00681,Male,0,Yes,No,8,Yes,No,Fiber optic,Yes,Yes,No,Month-to-month,Yes,Bank transfer,116.85,898.98,Yes
CUST-00682,Male,0,No,Yes,27,Yes,Yes,Fiber optic,No,No,Yes,Month-to-month,No,Mailed check,31.92,906.52,Yes
CUST-00683,Female,0,Yes,No,17,Yes,No,No,Yes,No internet service,No internet service,Month-to-month,Yes,Mailed check,92.6,1542.64,Yes
CUST-00684,Male,0,Yes,No,41,Yes,Yes,DSL,No,No,No,Month-to-month,Yes,Mailed check,59.82,2480.05,Yes
CUST-00685,Female,0,Yes,Yes,40,Yes,Yes,DSL,Yes,Yes,No,One year,Yes,Mailed check,40.95,1622.51,No
CUST-00686,Female,0,No,No,69,Yes,Yes,Fiber optic,No internet service,No,No internet service,Month-to-month,No,Credit card,50.64,3465.74,No
CUST-00687,Male,0,No,Yes,32,Yes,No,DSL,Yes,No internet service,No,Month-to-month,Yes,Credit card,34.98,1150.23,No
CUST-00688,Male,0,Yes,No,53,Yes,No phone service,Fiber optic,No,No,No,Two year,No,Credit card,101.16,5400.26,Yes
CUST-00689,Female,0,Yes,Yes,35,Yes,Yes,DSL,Yes,Yes,Yes,Month-to-month,No,Credit card,57.52,1963.76,Yes
CUST-00690,Female,0,No,No,55,No,Yes,Fiber optic,No,No,No,Two year,No,Mailed check,113.64,6297.62,No
CUST-00691,Female,1,No,Yes,16,Yes,Yes,No,Yes,No,Yes,Month-to-month,Yes,Electronic check,116.57,1857.31,Yes
CUST-00692,Male,1,Yes,No,9,Yes,No phone service,No,No internet service,No,No internet service,Two year,Yes,Electronic check,116.51,1008.2,No
CUST-00693,Female,0,No,Yes,43,Yes,Yes,No,Yes,No,No,Month-to-month,No,Mailed check,33.88,1452.16,Yes
CUST-00694,Female,0,No,No,1,Yes,No,DSL,No,No,No internet service,Month-to-month,No,Electronic check,53.33,15.19,Yes
CUST-00695,Female,0,No,No,13,Yes,No,Fiber optic,No,Yes,Yes,One year,Yes,Bank transfer,49.66,621.46,No
CUST-00696,Male,1,Yes,No,40,Yes,Yes,Fiber optic,No,No,Yes,Month-to-month,No,Bank transfer,112.11,4490.15,Yes
CUST-00697,Female,1,Yes,No,1,Yes,No,No,Yes,No,No,Month-to-month,Yes,Electronic check,26.82,12.74,Yes
CUST-00698,Female,0,No,No,18,Yes,Yes,No,No internet service,No,Yes,One year,No,Electronic check,78.04,1377.5,Yes
CUST-00699,Male,0,Yes,No,0,No,No,No,No,Yes,Yes,Month-to-month,No,Credit card,67.51,0.0,No
CUST-00700,Female,0,No,Yes,1,No,Yes,No,No,No,No internet service,Month-to-month,Yes,Mailed check,117.58,131.24,No
CUST-00701,Female,0,No,No,26,Yes,No phone service,Fiber optic,Yes,Yes,Yes,Month-to-month,No,Mailed check,116.26,3063.73,Yes
CUST-00702,Male,0,Yes,Yes,1,Yes,No phone service,Fiber optic,No,No,Yes,Two year,No,Bank transfer,61.25,16.89,No
CUST-00703,Female,1,Yes,No,50,Yes,No,No,No,Yes,No internet service,Month-to-month,Yes,Electronic check,63.02,3125.42,No
CUST-00704,Male,0,Yes,Yes,9,Yes,No,Fiber optic,Yes,Yes,Yes,Month-to-month,Yes,Electronic check,57.22,531.52,Yes
CUST-00705,Male,0,No,No,18,Yes,No,No,Yes,No,No,Month-to-month,No,Bank transfer,98.5,1821.73,Yes
CUST-00706,Female,1,No,No,12,No,Yes,No,No,No internet service,No internet service,Month-to-month,Yes,Bank transfer,28.22,356.77,Yes
CUST-00707,Female,0,Yes,No,47,Yes,Yes,Fiber optic,Yes,No internet service,No internet service,Month-to-month,Yes,Credit card,29.85,1358.21,Yes
CUST-00708,Female,0,Yes,No,55,Yes,Yes,DSL,Yes,No,No,Month-to-month,Yes,Credit card,89.88,4911.29,Yes
CUST-00709,Female,0,Yes,Yes,71,Yes,No,DSL,No,No,No internet service,Two year,Yes,Electronic check,19.7,1383.47,No
CUST-00710,Male,0,No,No,55,Yes,No,DSL,Yes,Yes,Yes,Month-to-month,Yes,Bank transfer,86.45,4720.49,Yes
CUST-00711,Female,0,No,Yes,49,Yes,No phone service,Fiber optic,No,Yes,Yes,Month-to-month,Yes,Electronic check,31.13,1493.6,Yes
CUST-00712,Male,0,No,No,44,Yes,No,Fiber optic,No,No,No,One year,Yes,Bank transfer,98.19,4297.73,Yes
CUST-00713,Female,0,Yes,No,58,Yes,No,Fiber optic,Yes,No internet service,No,Month-to-month,Yes,Bank transfer,93.44,5406.8,Yes
CUST-00714,Female,0,Yes,No,38,Yes,No,Fiber optic,No,No internet service,No,Month-to-month,Yes,Bank transfer,36.59,1379.6,No
CUST-00715,Female,0,No,Yes,20,Yes,No phone service,No,Yes,No internet service,No,Month-to-month,No,Mailed check,95.21,1904.14,No
CUST-00716,Male,0,Yes,Yes,54,Yes,No,DSL,No,No internet service,No internet service,Two year,No,Mailed check,98.6,5367.22,Yes
CUST-00717,Female,0,Yes,Yes,56,Yes,Yes,No,No internet service,Yes,No,One year,No,Mailed check,112.41,6344.29,No
CUST-00718,Female,0,Yes,Yes,40,No,No,DSL,No,No internet service,No internet service,Month-to-month,Yes,Credit card,91.89,3627.57,Yes
CUST-00719,Female,0,Yes,Yes,69,Yes,No,Fiber optic,No,No,No,Two year,No,Credit card,106.5,7347.88,No
CUST-00720,Female,0,No,No,48,Yes,No,Fiber optic,No,No internet service,No,Two year,Yes,Bank transfer,83.02,4010.17,No
CUST-00721,Male,0,Yes,Yes,43,Yes,No phone service,Fiber optic,No internet service,No,No,Month-to-month,Yes,Mailed check,81.8,3474.73,No
CUST-00722,Female,0,No,No,34,No,No phone service,Fiber optic,No,No,No,Month-to-month,Yes,Bank transfer,86.89,2998.38,Yes
CUST-00723,Male,0,No,No,4,Yes,Yes,DSL,Yes,Yes,No,Month-to-month,Yes,Mailed check,59.45,281.57,Yes
CUST-00724,Male,0,Yes,No,70,Yes,Yes,Fiber optic,No,Yes,No internet service,Month-to-month,No,Credit card,41.31,2862.54,Yes
CUST-00725,Male,1,No,No,50,Yes,Yes,DSL,No internet service,No,No internet service,One year,Yes,Credit card,60.16,3036.57,No
CUST-00726,Male,0,No,No,56,Yes,Yes,Fiber optic,No,No internet service,No,One year,No,Electronic check,78.53,4405.83,Yes
CUST-00727,Male,0,Yes,No,57,No,Yes,Fiber optic,Yes,Yes,No internet service,Month-to-month,No,Bank transfer,88.38,4991.05,Yes
CUST-00728,Male,0,No,Yes,35,Yes,No,Fiber optic,Yes,Yes,No,Month-to-month,No,Credit card,64.58,2240.03,No
CUST-00729,Female,0,No,No,9,Yes,No,No,Yes,Yes,Yes,One year,Yes,Mailed check,51.67,441.37,Yes
CUST-00730,Male,0,No,No,49,No,No,No,No internet service,Yes,No,Month-to-month,Yes,Credit card,43.18,2153.79,No
CUST-00731,Male,0,No,No,36,Yes,Yes,Fiber optic,No,No,Yes,Month-to-month,Yes,Mailed check,36.69,1360.59,Yes
CUST-00732,Male,0,No,No,19,Yes,No,DSL,No,Yes,No,Month-to-month,Yes,Bank transfer,66.59,1218.66,Yes
CUST-00733,Female,0,No,No,12,Yes,No,No,No,Yes,No internet service,One year,No,Bank transfer,90.05,1104.74,No
CUST-00734,Female,0,No,No,18,Yes,No,Fiber optic,Yes,No internet service,No internet service,Month-to-month,Yes,Bank transfer,102.64,1809.51,Yes
CUST-00735,Male,0,No,Yes,55,Yes,Yes,Fiber optic,Yes,No internet service,No,Month-to-month,Yes,Credit card,53.22,2956.19,No
CUST-00736,Female,0,Yes,No,44,Yes,No,Fiber optic,No,No,No internet service,Month-to-month,Yes,Credit card,80.34,3569.52,Yes
CUST-00737,Male,1,Yes,No,59,No,Yes,Fiber optic,Yes,No internet service,No,Two year,Yes,Bank transfer,66.73,3892.99,No
CUST-00738,Male,0,Yes,Yes,67,No,No,No,Yes,No,No,Month-to-month,No,Credit card,116.56,7792.15,No
CUST-00739,Female,0,No,Yes,56,Yes,Yes,No,Yes,No,No internet service,Month-to-month,Yes,Bank transfer,108.0,6035.97,Yes
CUST-00740,Male,0,No,Yes,53,Yes,No,No,No,No,No,One year,Yes,Bank transfer,107.99,5768.98,Yes
CUST-00741,Female,0,No,No,36,Yes,Yes,No,Yes,Yes,Yes,Month-to-month,Yes,Bank transfer,77.08,2761.97,Yes
CUST-00742,Female,0,Yes,Yes,36,Yes,No,No,No,No,No internet service,One year,Yes,Electronic check,62.56,2227.76,No
CUST-00743,Male,0,Yes,No,13,No,No,DSL,No internet service,No internet service,Yes,Month-to-month,Yes,Mailed check,84.49,1110.34,Yes
CUST-00744,Male,0,Yes,No,43,Yes,Yes,No,Yes,Yes,No internet service,Month-to-month,No,Electronic check,34.28,1439.93,Yes
CUST-00745,Female,0,No,No,41,No,No phone service,DSL,No,Yes,Yes,Month-to-month,Yes,Bank transfer,108.06,4442.97,Yes
CUST-00746,Male,0,Yes,No,0,No,Yes,Fiber optic,No internet service,No internet service,No,Month-to-month,Yes,Credit card,45.67,0.0,Yes
CUST-00747,Male,0,Yes,No,22,Yes,No,DSL,No,Yes,No,One year,No,Credit card,102.34,2274.62,No
CUST-00748,Male,1,No,No,63,Yes,Yes,Fiber optic,No internet service,No,Yes,One year,Yes,Electronic check,48.45,3060.23,No
CUST-00749,Female,0,Yes,Yes,27,No,No,DSL,Yes,No internet service,No internet service,One year,No,Bank transfer,71.25,1891.41,No
CUST-00750,Female,0,No,No,3,Yes,No,Fiber optic,No internet service,No internet service,No,One year,No,Mailed check,96.77,334.05,No
CUST-00751,Male,0,Yes,No,40,Yes,Yes,Fiber optic,Yes,No internet service,Yes,Month-to-month,Yes,Mailed check,58.16,2321.28,No
CUST-00752,Female,0,No,No,59,Yes,Yes,DSL,No internet service,No,No internet service,Two year,Yes,Credit card,54.52,3241.14,No
CUST-00753,Female,0,No,No,17,Yes,No,No,No internet service,Yes,No,One year,Yes,Mailed check,108.56,1848.71,No
CUST-00754,Female,0,No,Yes,62,Yes,No,No,No,No,No internet service,One year,Yes,Electronic check,25.03,1588.39,No
CUST-00755,Female,0,No,No,60,Yes,No phone service,No,No,No,No internet service,Month-to-month,Yes,Credit card,103.84,6214.1,No
CUST-00756,Female,0,No,Yes,48,Yes,Yes,No,No,No,Yes,Month-to-month,Yes,Mailed check,112.68,5422.53,Yes
CUST-00757,Male,0,Yes,No,46,Yes,Yes,Fiber optic,No,No internet service,No,Two year,Yes,Bank transfer,75.44,3428.18,Yes
CUST-00758,Male,0,No,No,38,Yes,No,No,No,No internet service,No,Month-to-month,Yes,Mailed check,88.99,3339.39,Yes
CUST-00759,Male,1,No,No,5,Yes,No,Fiber optic,No internet service,No,No internet service,One year,Yes,Electronic check,105.87,563.7,No
CUST-00760,Female,0,No,Yes,52,Yes,No phone service,Fiber optic,Yes,Yes,No,Month-to-month,Yes,Mailed check,62.42,3277.68,No
CUST-00761,Female,0,No,No,24,No,Yes,No,No internet service,Yes,No internet service,Month-to-month,Yes,Mailed check,107.64,2569.29,No
CUST-00762,Male,0,Yes,No,64,Yes,No,Fiber optic,No,No,No,Two year,No,Electronic check,55.97,3599.68,No
CUST-00763,Female,0,No,Yes,4,Yes,No,DSL,No,No,Yes,Two year,No,Electronic check,49.26,229.94,Yes
CUST-00764,Male,0,Yes,No,64,No,Yes,Fiber optic,Yes,Yes,Yes,One year,Yes,Electronic check,118.29,7534.95,Yes
CUST-00765,Male,0,No,No,7,Yes,No,DSL,Yes,No,No,Month-to-month,Yes,Bank transfer,21.18,196.73,Yes
CUST-00766,Male,0,No,No,38,Yes,Yes,Fiber optic,No internet service,No,No internet service,Two year,No,Mailed check,50.6,1961.39,No
CUST-00767,Female,0,Yes,No,42,Yes,No,DSL,Yes,No,No,Two year,No,Bank transfer,64.77,2739.43,No
CUST-00768,Female,0,Yes,No,72,No,No,No,No,Yes,No internet service,Two year,No,Bank transfer,49.71,3583.44,No
CUST-00769,Male,0,Yes,No,4,Yes,Yes,No,No internet service,No,No,Two year,No,Electronic check,46.78,226.61,No
CUST-00770,Male,0,No,No,3,Yes,Yes,DSL,Yes,Yes,Yes,Month-to-month,No,Credit card,55.81,191.36,Yes
CUST-00771,Male,0,Yes,No,0,Yes,No phone service,DSL,No,No,No internet service,Month-to-month,No,Bank transfer,58.6,8.47,Yes
CUST-00772,Male,0,No,No,55,Yes,No phone service,DSL,Yes,No,No,Month-to-month,Yes,Mailed check,25.3,1430.66,No
CUST-00773,Female,0,Yes,Yes,44,Yes,No phone service,Fiber optic,No,No,No,One year,Yes,Electronic check,97.07,4242.14,Yes
CUST-00774,Female,0,Yes,Yes,64,Yes,No phone service,Fiber optic,No,No,Yes,One year,No,Bank transfer,35.16,2224.68,No
CUST-00775,Male,0,No,Yes,2,Yes,Yes,Fiber optic,No,Yes,Yes,Month-to-month,Yes,Mailed check,22.18,87.37,No
CUST-00776,Male,1,Yes,No,21,Yes,Yes,DSL,No internet service,No internet service,No,Month-to-month,No,Mailed check,78.22,1599.33,No
CUST-00777,Female,0,Yes,No,71,Yes,Yes,Fiber optic,Yes,Yes,No internet service,Month-to-month,Yes,Mailed check,86.2,6074.82,No
CUST-00778,Female,0,No,No,55,Yes,No,DSL,No,No,Yes,One year,Yes,Bank transfer,95.55,5284.44,No
CUST-00779,Male,0,No,Yes,17,Yes,No,Fiber optic,No,Yes,No internet service,Month-to-month,Yes,Electronic check,26.95,449.55,No
CUST-00780,Male,0,No,No,24,Yes,No,DSL,No,Yes,No,Month-to-month,Yes,Electronic check,35.52,894.11,Yes
CUST-00781,Male,0,Yes,No,47,No,No phone service,Fiber optic,No,Yes,No,Two year,Yes,Credit card,36.6,1700.27,No
CUST-00782,Female,1,Yes,No,30,Yes,No,Fiber optic,No internet service,No internet service,No internet service,Two year,Yes,Mailed check,78.55,2335.22,No
CUST-00783,Female,1,Yes,No,29,Yes,Yes,Fiber optic,No internet service,Yes,Yes,Month-to-month,No,Electronic check,108.75,3199.47,Yes
CUST-00784,Female,0,Yes,No,65,Yes,Yes,DSL,Yes,No internet service,No internet service,Month-to-month,Yes,Credit card,90.06,5859.28,Yes
CUST-00785,Male,0,Yes,Yes,9,Yes,Yes,Fiber optic,No,No internet service,No internet service,Two year,Yes,Credit card,50.1,462.27,No
CUST-00786,Male,0,No,Yes,70,Yes,Yes,Fiber optic,No,No,Yes,Two year,Yes,Electronic check,105.02,7391.21,No
CUST-00787,Female,0,Yes,Yes,58,No,Yes,No,No internet service,No,No,Month-to-month,No,Electronic check,86.32,4994.64,No
CUST-00788,Female,1,No,No,50,Yes,No,DSL,Yes,No internet service,Yes,Month-to-month,No,Electronic check,88.22,4385.79,Yes
CUST-00789,Male,0,Yes,No,8,Yes,Yes,DSL,No internet service,No,No,Month-to-month,Yes,Bank transfer,115.65,932.31,Yes
CUST-00790,Female,0,No,No,53,Yes,No,DSL,No internet service,No,No,Month-to-month,Yes,Electronic check,114.94,6082.82,Yes
CUST-00791,Female,1,Yes,No,61,Yes,No,Fiber optic,No internet service,No,No internet service,Two year,No,Electronic check,57.34,3464.1,Yes
CUST-00792,Male,0,Yes,No,8,Yes,No phone service,DSL,No,Yes,No,Month-to-month,Yes,Bank transfer,82.86,624.74,Yes
CUST-00793,Female,0,No,Yes,8,Yes,No,DSL,No,Yes,No,Month-to-month,Yes,Electronic check,38.61,331.43,Yes
CUST-00794,Male,1,Yes,Yes,23,Yes,No phone service,Fiber optic,No,No internet service,No,Month-to-month,No,Electronic check,60.02,1333.88,Yes
CUST-00795,Male,0,No,No,38,Yes,Yes,Fiber optic,No,No internet service,No,Month-to-month,Yes,Electronic check,45.89,1746.57,Yes
CUST-00796,Male,0,Yes,No,7,Yes,Yes,Fiber optic,No,No,Yes,One year,No,Mailed check,55.47,371.25,Yes
CUST-00797,Male,0,Yes,No,24,Yes,No,Fiber optic,No,No,Yes,One year,Yes,Bank transfer,86.89,2050.45,No
CUST-00798,Male,0,No,No,65,Yes,Yes,Fiber optic,No,No internet service,Yes,Month-to-month,Yes,Electronic check,39.45,2603.32,Yes
CUST-00799,Male,0,Yes,Yes,9,Yes,No,Fiber optic,No,No,Yes,Month-to-month,No,Bank transfer,36.39,351.56,Yes
CUST-00800,Male,0,No,No,23,Yes,Yes,Fiber optic,Yes,No,Yes,Two year,Yes,Credit card,56.69,1331.18,No
CUST-00801,Female,1,Yes,No,58,Yes,No,No,No,No,No,Month-to-month,No,Credit card,28.01,1618.17,No
CUST-00802,Male,0,Yes,Yes,30,Yes,No phone service,No,No,Yes,Yes,Month-to-month,No,Bank transfer,101.02,3045.43,Yes
CUST-00803,Male,0,Yes,No,10,Yes,Yes,No,Yes,Yes,No internet service,Month-to-month,No,Electronic check,115.77,1116.75,Yes
CUST-00804,Female,0,Yes,No,5,Yes,No phone service,Fiber optic,No internet service,No internet service,Yes,Month-to-month,Yes,Bank transfer,99.74,462.63,Yes
CUST-00805,Female,0,Yes,Yes,69,Yes,Yes,Fiber optic,No,No internet service,No,Month-to-month,Yes,Mailed check,72.2,4964.06,No
CUST-00806,Female,0,Yes,Yes,31,Yes,Yes,Fiber optic,No internet service,No,No,One year,Yes,Credit card,86.76,2685.34,Yes
CUST-00807,Male,0,Yes,No,38,No,No,Fiber optic,Yes,No,Yes,Two year,No,Bank transfer,100.17,3765.84,No
CUST-00808,Female,0,No,No,47,No,No,No,No internet service,No internet service,Yes,Month-to-month,Yes,Electronic check,24.96,1179.62,Yes
CUST-00809,Male,0,Yes,No,12,Yes,No,Fiber optic,No internet service,No,Yes,Two year,No,Electronic check,60.65,701.78,No
CUST-00810,Male,0,Yes,No,58,Yes,No,No,No,Yes,No,Month-to-month,Yes,Credit card,32.67,1922.32,No
CUST-00811,Male,0,Yes,No,66,No,Yes,DSL,Yes,No,No internet service,Month-to-month,No,Mailed check,27.26,1749.21,Yes
CUST-00812,Male,0,No,Yes,55,Yes,Yes,DSL,No,Yes,No internet service,Month-to-month,Yes,Credit card,95.42,5284.71,Yes
CUST-00813,Female,0,No,No,40,Yes,Yes,Fiber optic,No,No internet service,Yes,Two year,No,Electronic check,105.52,4244.06,No
CUST-00814,Female,0,Yes,No,55,Yes,Yes,Fiber optic,Yes,No,No internet service,Month-to-month,Yes,Mailed check,26.55,1464.87,Yes
CUST-00815,Male,0,Yes,No,34,Yes,No phone service,DSL,No internet service,Yes,No,Two year,No,Bank transfer,36.24,1255.91,No
CUST-00816,Male,0,Yes,No,37,Yes,No phone service,Fiber optic,No,No internet service,Yes,Month-to-month,No,Credit card,40.52,1485.7,Yes
CUST-00817,Male,0,No,No,66,Yes,Yes,DSL,No,No internet service,Yes,Two year,Yes,Bank transfer,105.41,6923.32,No
CUST-00818,Female,0,Yes,Yes,33,Yes,No,Fiber optic,No,No,Yes,Month-to-month,Yes,Bank transfer,111.18,3619.85,Yes
CUST-00819,Male,0,No,No,69,Yes,No,Fiber optic,Yes,No,No,Two year,Yes,Electronic check,96.03,6630.93,No
CUST-00820,Male,0,Yes,No,10,Yes,Yes,DSL,Yes,No,No internet service,One year,Yes,Electronic check,99.23,971.49,No
CUST-00821,Female,0,No,Yes,26,Yes,Yes,Fiber optic,Yes,No,Yes,Month-to-month,Yes,Mailed check,52.95,1347.97,No
CUST-00822,Female,0,No,No,47,Yes,No,DSL,No internet service,No,No,Month-to-month,Yes,Bank transfer,59.65,2840.25,No
CUST-00823,Male,0,Yes,Yes,23,Yes,No,Fiber optic,No,No,Yes,Month-to-month,Yes,Mailed check,46.61,1094.55,Yes
CUST-00824,Female,0,Yes,No,17,Yes,Yes,DSL,No internet service,No internet service,Yes,Month-to-month,No,Mailed check,115.75,2016.77,Yes
CUST-00825,Female,0,Yes,No,26,Yes,No phone service,No,No internet service,No,No internet service,One year,No,Credit card,92.22,2413.88,No
CUST-00826,Male,0,Yes,Yes,53,Yes,No,DSL,Yes,Yes,Yes,Month-to-month,Yes,Credit card,52.82,2839.0,No
CUST-00827,Female,0,Yes,No,54,Yes,Yes,Fiber optic,Yes,Yes,Yes,Month-to-month,No,Electronic check,31.84,1681.19,No
CUST-00828,Male,0,Yes,No,20,Yes,Yes,Fiber optic,No internet service,Yes,No internet service,One year,Yes,Bank transfer,37.87,779.68,Yes
CUST-00829,Female,0,Yes,No,58,Yes,No,DSL,No,No,No,Month-to-month,No,Mailed check,38.82,2210.18,Yes
CUST-00830,Male,0,No,Yes,33,No,No,DSL,No,Yes,Yes,Month-to-month,No,Bank transfer,80.71,2622.89,Yes
CUST-00831,Male,0,Yes,Yes,57,Yes,No,DSL,No,No internet service,No,Month-to-month,Yes,Electronic check,110.1,6311.48,Yes
CUST-00832,Male,0,Yes,No,47,Yes,Yes,DSL,No internet service,No internet service,No,Two year,No,Bank transfer,106.61,4996.68,No
CUST-00833,Female,0,No,Yes,53,Yes,Yes,Fiber optic,No,No internet service,No,Month-to-month,Yes,Mailed check,25.11,1312.47,No
CUST-00834,Male,1,Yes,No,17,Yes,Yes,Fiber optic,No internet service,No internet service,No,Two year,No,Mailed check,90.32,1503.82,Yes
CUST-00835,Female,0,Yes,No,2,Yes,Yes,DSL,No internet service,No,Yes,Month-to-month,Yes,Bank transfer,35.1,68.69,No
CUST-00836,Male,1,Yes,No,23,Yes,No,Fiber optic,No,No,Yes,Month-to-month,Yes,Bank transfer,49.66,1112.54,Yes
CUST-00837,Male,0,Yes,No,0,Yes,Yes,No,No,No,No internet service,Two year,No,Bank transfer,73.47,3.78,Yes
CUST-00838,Female,0,No,No,5,Yes,Yes,No,No,Yes,Yes,Month-to-month,No,Mailed check,103.77,534.89,No
CUST-00839,Male,0,No,No,18,Yes,Yes,DSL,Yes,No internet service,No internet service,Two year,Yes,Mailed check,42.15,774.19,No
CUST-00840,Male,1,Yes,No,42,Yes,No,DSL,No,No,Yes,Month-to-month,Yes,Credit card,107.13,4485.92,Yes
CUST-00841,Female,0,Yes,No,7,Yes,No,Fiber optic,Yes,Yes,No internet service,Month-to-month,No,Mailed check,92.94,670.98,Yes
CUST-00842,Male,0,No,No,68,Yes,No,DSL,No internet service,Yes,No internet service,Two year,Yes,Bank transfer,86.77,5876.97,No
CUST-00843,Male,0,Yes,Yes,51,Yes,No,DSL,No,No,No,Month-to-month,Yes,Mailed check,31.56,1640.33,No
CUST-00844,Male,0,No,Yes,72,Yes,No,DSL,No internet service,Yes,No,Two year,No,Bank transfer,66.37,4728.65,No
CUST-00845,Male,0,No,No,46,Yes,Yes,DSL,Yes,Yes,No,One year,No,Mailed check,46.06,2165.42,No
CUST-00846,Female,0,No,No,27,Yes,No,Fiber optic,No internet service,No,No,One year,Yes,Mailed check,77.99,2099.09,Yes
CUST-00847,Female,0,Yes,No,45,No,Yes,Fiber optic,No,No internet service,No,One year,Yes,Bank transfer,86.71,3885.35,Yes
CUST-00848,Male,0,Yes,No,3,Yes,No,DSL,No internet service,No internet service,No,One year,Yes,Electronic check,24.67,86.46,Yes
CUST-00849,Female,0,Yes,Yes,7,Yes,No,Fiber optic,Yes,No,No,Month-to-month,Yes,Credit card,83.71,623.88,Yes
CUST-00850,Male,0,No,No,60,Yes,No,Fiber optic,No,No,Yes,Month-to-month,Yes,Mailed check,68.81,4113.86,No
CUST-00851,Female,0,Yes,No,16,Yes,Yes,Fiber optic,No,No internet service,Yes,Month-to-month,Yes,Electronic check,103.55,1613.8,No
CUST-00852,Male,1,Yes,No,33,Yes,No phone service,No,No,No internet service,Yes,Month-to-month,Yes,Mailed check,98.91,3249.41,Yes
CUST-00853,Male,0,No,No,19,Yes,No,No,Yes,No,No,One year,Yes,Mailed check,60.12,1092.79,No
CUST-00854,Male,0,Yes,Yes,33,Yes,No,Fiber optic,No internet service,No internet service,No internet service,One year,No,Mailed check,117.57,3848.31,Yes
CUST-00855,Male,0,Yes,No,42,Yes,Yes,No,Yes,No,No,One year,No,Bank transfer,77.86,3225.32,No
CUST-00856,Male,0,Yes,No,9,Yes,Yes,DSL,Yes,Yes,No,Month-to-month,Yes,Mailed check,116.29,1035.37,Yes
CUST-00857,Male,0,No,Yes,29,Yes,Yes,Fiber optic,No,No internet service,No,One year,Yes,Electronic check,91.36,2605.41,No
CUST-00858,Female,0,Yes,No,24,No,Yes,Fiber optic,No internet service,No,Yes,One year,Yes,Mailed check,59.57,1478.07,Yes
CUST-00859,Male,0,No,No,56,Yes,No,Fiber optic,No,No,No internet service,Two year,Yes,Mailed check,41.85,2371.79,No
CUST-00860,Female,0,No,No,62,Yes,No,DSL,No,No,No,Two year,Yes,Mailed check,65.47,4051.09,No
CUST-00861,Male,0,No,No,70,Yes,Yes,DSL,No,Yes,No internet service,Month-to-month,Yes,Bank transfer,113.48,7972.64,Yes
CUST-00862,Female,0,Yes,Yes,46,Yes,No,Fiber optic,No internet service,Yes,Yes,Month-to-month,No,Bank transfer,31.28,1430.62,Yes
CUST-00863,Female,0,Yes,No,2,Yes,Yes,Fiber optic,Yes,Yes,No,Month-to-month,No,Electronic check,64.95,144.61,Yes
CUST-00864,Female,1,Yes,Yes,45,Yes,Yes,No,Yes,Yes,No,Two year,No,Bank transfer,53.38,2434.25,No
CUST-00865,Male,0,No,No,35,Yes,No phone service,DSL,Yes,Yes,No,Month-to-month,Yes,Mailed check,106.46,3744.54,Yes
CUST-00866,Male,0,No,Yes,25,Yes,No,No,No,No,No,Month-to-month,Yes,Bank transfer,100.01,2458.7,No
CUST-00867,Female,0,Yes,No,9,Yes,No,DSL,No,No internet service,Yes,One year,No,Credit card,74.32,623.23,Yes
CUST-00868,Male,0,No,No,33,Yes,Yes,No,No,No internet service,Yes,Month-to-month,Yes,Bank transfer,60.34,1998.21,No
CUST-00869,Female,0,Yes,No,7,Yes,Yes,No,No,Yes,No,One year,No,Mailed check,87.79,584.17,Yes
CUST-00870,Male,0,Yes,Yes,54,Yes,Yes,DSL,Yes,No internet service,Yes,One year,No,Mailed check,115.21,6269.75,No
CUST-00871,Female,0,Yes,No,9,No,Yes,DSL,Yes,No,Yes,One year,Yes,Credit card,28.32,206.51,No
CUST-00872,Female,0,Yes,No,56,Yes,Yes,DSL,Yes,No,No internet service,One year,No,Bank transfer,109.68,6166.93,No
CUST-00873,Male,0,Yes,Yes,44,Yes,No,No,Yes,Yes,No,Two year,Yes,Mailed check,48.01,2066.68,No
CUST-00874,Female,0,Yes,No,49,Yes,Yes,Fiber optic,Yes,No,No internet service,Month-to-month,No,Bank transfer,18.43,914.16,Yes
CUST-00875,Male,0,Yes,No,63,Yes,Yes,Fiber optic,No,No internet service,No,One year,Yes,Bank transfer,93.58,5887.54,No
CUST-00876,Female,0,No,No,1,Yes,No,DSL,No,No,No,One year,No,Mailed check,98.42,111.7,Yes
CUST-00877,Female,0,Yes,No,44,Yes,No phone service,No,No,Yes,Yes,Month-to-month,No,Electronic check,49.09,2186.16,Yes
CUST-00878,Male,0,No,Yes,61,Yes,No phone service,DSL,No,No,No internet service,One year,Yes,Bank transfer,97.4,5894.72,No
CUST-00879,Male,0,No,No,13,Yes,No,DSL,Yes,Yes,No,One year,No,Credit card,99.4,1294.33,Yes
CUST-00880,Male,0,Yes,No,14,Yes,Yes,DSL,No,No,No,Month-to-month,Yes,Electronic check,86.88,1260.55,No
CUST-00881,Female,0,No,Yes,13,Yes,Yes,Fiber optic,No,No internet service,Yes,One year,Yes,Electronic check,21.94,257.0,Yes
CUST-00882,Male,0,No,No,30,Yes,No,DSL,No internet service,No,No,Two year,Yes,Bank transfer,86.08,2540.15,No
CUST-00883,Female,0,No,No,28,Yes,No,Fiber optic,No internet service,No internet service,No internet service,Month-to-month,Yes,Credit card,113.11,3194.18,Yes
CUST-00884,Female,0,Yes,No,26,Yes,No,DSL,No,No internet service,No,Two year,Yes,Bank transfer,81.27,2137.16,No
CUST-00885,Male,1,Yes,No,8,Yes,Yes,Fiber optic,No,Yes,No internet service,Month-to-month,Yes,Mailed check,55.43,432.46,Yes
CUST-00886,Male,0,Yes,Yes,19,Yes,Yes,Fiber optic,No,Yes,No,Month-to-month,Yes,Mailed check,75.48,1467.14,Yes
CUST-00887,Female,0,Yes,Yes,57,Yes,No,DSL,No,No,No,Month-to-month,No,Electronic check,119.3,6804.49,No
CUST-00888,Female,0,Yes,No,48,Yes,Yes,DSL,No internet service,Yes,Yes,Month-to-month,Yes,Credit card,66.2,3175.14,Yes
CUST-00889,Male,0,No,Yes,56,Yes,No,Fiber optic,No,No,No,Month-to-month,No,Credit card,103.84,5847.23,No
CUST-00890,Male,0,No,No,15,Yes,No phone service,DSL,No,Yes,No internet service,One year,No,Electronic check,32.13,441.76,No
CUST-00891,Male,1,Yes,Yes,7,Yes,No,DSL,No,No,Yes,Month-to-month,Yes,Bank transfer,23.76,138.71,Yes
CUST-00892,Male,1,No,No,66,Yes,Yes,Fiber optic,No internet service,No,No,Month-to-month,No,Bank transfer,57.8,3809.21,No
CUST-00893,Male,0,No,No,18,Yes,Yes,DSL,Yes,No,No internet service,Month-to-month,No,Mailed check,32.05,535.44,Yes
CUST-00894,Female,1,No,No,66,Yes,Yes,Fiber optic,No,No,Yes,Month-to-month,Yes,Bank transfer,51.71,3462.45,No
CUST-00895,Female,1,No,Yes,35,Yes,No,DSL,No,No internet service,Yes,Month-to-month,Yes,Bank transfer,90.97,3165.3,Yes
CUST-00896,Female,0,Yes,Yes,59,Yes,No,DSL,Yes,Yes,No,Month-to-month,Yes,Credit card,63.44,3787.73,No
CUST-00897,Female,1,Yes,Yes,35,Yes,Yes,Fiber optic,No,No,Yes,Month-to-month,Yes,Electronic check,50.76,1774.05,Yes
CUST-00898,Male,0,Yes,Yes,10,Yes,Yes,DSL,No,Yes,Yes,One year,No,Bank transfer,108.93,1131.75,No
CUST-00899,Male,0,No,No,50,Yes,Yes,Fiber optic,Yes,Yes,No,Month-to-month,No,Electronic check,18.96,942.0,Yes
CUST-00900,Male,0,No,No,54,Yes,No phone service,Fiber optic,No,Yes,No,Month-to-month,Yes,Credit card,101.03,5487.09,Yes
CUST-00901,Female,0,Yes,No,53,Yes,No,DSL,No,No,No,Month-to-month,Yes,Electronic check,81.37,4337.72,Yes
CUST-00902,Female,1,Yes,No,16,Yes,Yes,Fiber optic,Yes,No,No internet service,One year,Yes,Mailed check,22.74,408.53,Yes
CUST-00903,Male,0,No,No,61,Yes,No phone service,No,No internet service,Yes,Yes,Month-to-month,Yes,Mailed check,21.48,1324.03,No
CUST-00904,Male,0,Yes,No,41,No,No,Fiber optic,No,No,Yes,Month-to-month,Yes,Electronic check,35.53,1429.44,Yes
CUST-00905,Female,0,Yes,No,23,Yes,No,DSL,No,Yes,Yes,One year,No,Bank transfer,117.7,2711.29,No
CUST-00906,Female,1,No,No,16,Yes,No,Fiber optic,Yes,No,No,One year,Yes,Bank transfer,26.74,392.43,No
CUST-00907,Male,1,No,No,47,Yes,No,DSL,No,No,No internet service,Month-to-month,No,Bank transfer,93.36,4371.41,No
CUST-00908,Male,0,Yes,No,69,Yes,Yes,DSL,No,No internet service,No internet service,One year,No,Credit card,58.96,4097.16,No
CUST-00909,Female,0,No,Yes,6,Yes,No,No,No,No,Yes,Month-to-month,No,Electronic check,42.14,204.24,Yes
CUST-00910,Male,0,Yes,Yes,13,No,No,DSL,No,No,Yes,Month-to-month,Yes,Mailed check,76.65,1008.54,Yes
CUST-00911,Male,0,No,No,10,Yes,Yes,DSL,No internet service,Yes,Yes,One year,No,Bank transfer,55.56,574.9,No
CUST-00912,Male,0,No,Yes,11,Yes,Yes,Fiber optic,No,Yes,No,One year,Yes,Electronic check,49.64,586.02,Yes
CUST-00913,Female,0,Yes,No,4,Yes,Yes,No,Yes,No,No internet service,Two year,No,Credit card,42.44,195.41,Yes
CUST-00914,Female,0,No,No,4,Yes,Yes,DSL,No,No,No,Month-to-month,Yes,Mailed check,64.7,249.08,Yes
CUST-00915,Female,0,Yes,Yes,19,No,Yes,DSL,No,No internet service,No internet service,Month-to-month,Yes,Credit card,35.3,697.26,No
CUST-00916,Female,0,No,Yes,53,Yes,No,Fiber optic,Yes,No internet service,No internet service,Two year,Yes,Bank transfer,104.9,5572.25,No
CUST-00917,Female,0,Yes,No,54,No,Yes,Fiber optic,Yes,No internet service,No,Month-to-month,No,Electronic check,78.36,4240.12,Yes
CUST-00918,Female,0,No,No,57,Yes,Yes,Fiber optic,No,No internet service,Yes,Two year,Yes,Electronic check,24.41,1348.74,No
CUST-00919,Female,0,No,Yes,29,Yes,No phone service,No,Yes,No,Yes,Month-to-month,Yes,Credit card,64.62,1877.95,Yes
CUST-00920,Male,0,Yes,No,23,Yes,No,DSL,No,Yes,No,Month-to-month,Yes,Mailed check,82.22,1927.77,No
CUST-00921,Male,0,No,No,72,Yes,Yes,DSL,No,Yes,No,Month-to-month,Yes,Mailed check,105.88,7617.05,Yes
CUST-00922,Male,0,Yes,No,2,Yes,Yes,DSL,No,No internet service,Yes,Month-to-month,Yes,Credit card,20.39,61.2,No
CUST-00923,Male,0,No,Yes,47,Yes,No,Fiber optic,No internet service,Yes,Yes,Month-to-month,Yes,Bank transfer,64.54,3073.75,No
CUST-00924,Male,0,No,No,70,Yes,No,DSL,Yes,Yes,Yes,Month-to-month,Yes,Mailed check,90.0,6303.42,No
CUST-00925,Male,0,Yes,Yes,21,Yes,Yes,No,Yes,No,Yes,Month-to-month,No,Electronic check,38.01,757.02,No
CUST-00926,Male,0,No,No,13,Yes,No phone service,No,No,No,No internet service,Month-to-month,Yes,Credit card,40.58,482.96,Yes
CUST-00927,Female,0,No,No,47,Yes,No,DSL,No internet service,No,No,Month-to-month,Yes,Bank transfer,67.95,3223.42,Yes
CUST-00928,Female,1,Yes,No,28,Yes,No,No,No,No,No,Month-to-month,Yes,Electronic check,108.22,2983.43,Yes
CUST-00929,Male,0,No,No,49,Yes,Yes,DSL,No,No,Yes,Month-to-month,No,Electronic check,58.62,2922.27,No
CUST-00930,Male,0,Yes,No,9,Yes,Yes,Fiber optic,No internet service,No,No internet service,One year,No,Electronic check,67.42,569.53,Yes
CUST-00931,Female,1,Yes,No,70,Yes,Yes,Fiber optic,No,No,No,Month-to-month,Yes,Electronic check,82.85,5827.01,No
CUST-00932,Male,0,Yes,Yes,26,Yes,Yes,Fiber optic,No,Yes,No,One year,No,Bank transfer,49.7,1328.97,Yes
CUST-00933,Male,0,No,No,27,Yes,Yes,Fiber optic,No internet service,No internet service,Yes,Month-to-month,Yes,Electronic check,106.44,2854.52,Yes
CUST-00934,Female,0,No,No,8,Yes,Yes,Fiber optic,Yes,No,No internet service,Month-to-month,No,Credit card,116.11,933.04,Yes
CUST-00935,Male,0,Yes,Yes,70,Yes,No,No,No internet service,No,No internet service,Two year,No,Credit card,84.33,5948.34,No
CUST-00936,Female,0,No,No,25,Yes,Yes,No,Yes,No,No internet service,Month-to-month,No,Credit card,83.12,,Yes
CUST-00937,Male,0,Yes,Yes,7,Yes,Yes,DSL,No internet service,No,No,Month-to-month,Yes,Mailed check,86.7,649.91,Yes
CUST-00938,Female,1,No,Yes,1,Yes,No phone service,No,Yes,No,No,Month-to-month,No,Credit card,37.78,15.27,Yes
CUST-00939,Female,1,Yes,Yes,56,Yes,Yes,No,No,Yes,Yes,One year,Yes,Credit card,92.7,5147.15,No
CUST-00940,Female,0,Yes,No,51,Yes,No,Fiber optic,No internet service,Yes,Yes,Two year,Yes,Electronic check,53.39,2683.17,Yes
CUST-00941,Male,0,No,No,57,Yes,No,Fiber optic,Yes,Yes,Yes,Two year,No,Electronic check,119.32,6765.43,Yes
CUST-00942,Female,0,Yes,No,2,Yes,No phone service,No,No,No internet service,Yes,Two year,Yes,Bank transfer,94.72,206.61,No
CUST-00943,Male,1,Yes,No,7,Yes,No,No,No,No,Yes,Month-to-month,Yes,Bank transfer,77.54,573.02,Yes
CUST-00944,Male,1,No,No,58,Yes,No,DSL,Yes,Yes,No internet service,Two year,Yes,Credit card,111.05,6395.93,No
CUST-00945,Male,0,Yes,No,1,Yes,No phone service,Fiber optic,No internet service,No,No,Month-to-month,Yes,Credit card,116.94,155.98,Yes
CUST-00946,Male,0,Yes,Yes,61,Yes,No,No,Yes,Yes,No,Month-to-month,No,Bank transfer,101.44,6212.57,No
CUST-00947,Female,0,No,No,48,Yes,No,DSL,No,No,Yes,Month-to-month,Yes,Mailed check,95.17,4571.19,No
CUST-00948,Female,0,Yes,Yes,19,Yes,Yes,No,No,No internet service,Yes,Month-to-month,Yes,Credit card,24.19,508.61,No
CUST-00949,Male,0,Yes,No,28,No,No,Fiber optic,No internet service,No internet service,Yes,One year,No,Credit card,90.01,2496.8,Yes
CUST-00950,Male,0,Yes,Yes,16,No,No,DSL,No,No,No internet service,Month-to-month,No,Electronic check,52.25,807.8,No
CUST-00951,Female,0,Yes,No,21,Yes,No,DSL,No,No internet service,Yes,Month-to-month,No,Electronic check,112.85,2353.33,Yes
CUST-00952,Male,0,Yes,Yes,5,Yes,No,Fiber optic,No internet service,No internet service,Yes,Two year,No,Credit card,80.4,404.65,Yes
CUST-00953,Female,0,Yes,Yes,61,Yes,Yes,DSL,Yes,No,Yes,One year,Yes,Mailed check,55.81,3393.09,No
CUST-00954,Male,1,Yes,No,30,Yes,Yes,Fiber optic,No internet service,No internet service,No,One year,Yes,Mailed check,52.58,1610.35,No
CUST-00955,Male,0,Yes,No,61,Yes,No,Fiber optic,No,No,No,Month-to-month,No,Bank transfer,74.59,4589.44,Yes
CUST-00956,Female,0,No,No,11,Yes,Yes,Fiber optic,No,Yes,Yes,Month-to-month,Yes,Mailed check,68.13,796.1,Yes
CUST-00957,Male,0,Yes,No,11,Yes,Yes,DSL,No,No internet service,No,Month-to-month,Yes,Mailed check,57.87,668.4,No
CUST-00958,Female,0,Yes,No,62,No,No,Fiber optic,No,Yes,No,Month-to-month,No,Bank transfer,39.26,2444.93,Yes
CUST-00959,Male,0,No,No,15,Yes,No phone service,Fiber optic,No,No,Yes,One year,Yes,Mailed check,99.24,1499.96,No
CUST-00960,Male,0,Yes,No,24,Yes,Yes,DSL,Yes,No,No,Month-to-month,No,Bank transfer,62.21,1461.69,Yes
CUST-00961,Male,0,Yes,No,21,Yes,No,Fiber optic,Yes,No internet service,Yes,Month-to-month,No,Electronic check,28.09,566.21,Yes
CUST-00962,Female,0,Yes,No,17,Yes,Yes,Fiber optic,Yes,Yes,No internet service,Month-to-month,Yes,Bank transfer,26.71,503.8,No
CUST-00963,Male,0,Yes,No,44,Yes,Yes,DSL,No,No,No,Month-to-month,Yes,Credit card,42.29,1836.89,Yes
CUST-00964,Male,0,Yes,No,67,Yes,Yes,No,Yes,No,No,One year,No,Mailed check,74.33,4976.8,No
CUST-00965,Male,0,Yes,Yes,11,Yes,No,Fiber optic,No,No,Yes,Two year,Yes,Mailed check,33.09,352.52,Yes
CUST-00966,Male,0,No,Yes,48,Yes,No,DSL,No,No,No,Month-to-month,No,Bank transfer,39.93,1935.47,Yes
CUST-00967,Female,0,No,No,32,Yes,Yes,DSL,No internet service,No,No internet service,One year,Yes,Credit card,69.17,2196.99,No
CUST-00968,Female,0,No,No,62,Yes,No,Fiber optic,No,No internet service,No,Month-to-month,No,Mailed check,40.21,2511.31,No
CUST-00969,Male,0,No,Yes,17,Yes,No,DSL,Yes,Yes,No,Two year,Yes,Electronic check,105.52,1839.92,No
CUST-00970,Female,0,No,No,53,No,Yes,DSL,Yes,No internet service,Yes,Month-to-month,Yes,Bank transfer,78.18,4118.78,Yes
CUST-00971,Male,0,Yes,No,26,Yes,No,DSL,No,No,Yes,Month-to-month,Yes,Credit card,26.75,682.57,Yes
CUST-00972,Male,0,Yes,Yes,24,Yes,Yes,Fiber optic,No internet service,No,No,Month-to-month,Yes,Bank transfer,32.27,758.7,No
CUST-00973,Male,0,Yes,No,33,Yes,Yes,DSL,No,No,Yes,Month-to-month,Yes,Mailed check,37.91,1231.07,Yes
CUST-00974,Female,0,Yes,No,59,No,No,No,No,No internet service,Yes,Month-to-month,Yes,Mailed check,82.25,4829.78,Yes
CUST-00975,Female,0,Yes,No,53,Yes,No,Fiber optic,Yes,Yes,No,Two year,No,Mailed check,28.78,1538.34,No
CUST-00976,Female,1,No,No,4,Yes,No,Fiber optic,No,No,Yes,One year,Yes,Bank transfer,22.42,94.49,No
CUST-00977,Female,0,No,No,35,Yes,Yes,Fiber optic,No,Yes,No,Two year,No,Credit card,92.3,3231.37,Yes
CUST-00978,Female,0,Yes,No,53,Yes,Yes,Fiber optic,Yes,No,No,Month-to-month,Yes,Bank transfer,66.77,3568.87,Yes
CUST-00979,Female,0,Yes,No,35,Yes,No,Fiber optic,No,No,No,Month-to-month,No,Mailed check,104.58,3624.95,Yes
CUST-00980,Female,0,Yes,No,68,Yes,Yes,Fiber optic,Yes,Yes,No,One year,No,Bank transfer,98.87,6690.13,No
CUST-00981,Female,0,No,No,38,Yes,No,Fiber optic,No,No,No,Month-to-month,Yes,Electronic check,45.9,1745.51,No
CUST-00982,Female,0,No,No,69,Yes,No,Fiber optic,No,No,No,Month-to-month,Yes,Credit card,37.61,2580.46,Yes
CUST-00983,Male,1,Yes,No,3,Yes,No,No,No,No,Yes,Month-to-month,Yes,Mailed check,70.66,179.36,Yes
CUST-00984,Female,0,No,Yes,64,Yes,Yes,Fiber optic,No,No,No internet service,One year,No,Bank transfer,26.17,,No
CUST-00985,Female,0,Yes,Yes,39,Yes,No phone service,Fiber optic,No,No,No,One year,Yes,Electronic check,82.55,3219.06,Yes
CUST-00986,Female,0,No,Yes,36,Yes,No,DSL,No internet service,Yes,No,Two year,Yes,Mailed check,19.24,662.86,No
CUST-00987,Female,0,No,Yes,66,Yes,No,Fiber optic,No,Yes,No,One year,No,Bank transfer,99.92,6571.16,No
CUST-00988,Female,0,Yes,No,30,Yes,No,DSL,No,No internet service,Yes,One year,No,Mailed check,108.85,3287.81,No
CUST-00989,Female,0,No,No,46,No,Yes,No,Yes,No internet service,No internet service,Two year,No,Credit card,119.61,5484.81,No
CUST-00990,Female,0,No,No,26,Yes,Yes,Fiber optic,No,No,No internet service,One year,Yes,Mailed check,53.1,1351.05,Yes
CUST-00991,Female,0,Yes,No,50,Yes,No,DSL,Yes,No,No internet service,One year,Yes,Mailed check,75.32,3812.56,No
CUST-00992,Female,1,No,No,19,Yes,Yes,DSL,Yes,No,No internet service,Month-to-month,No,Credit card,106.02,1973.18,Yes
CUST-00993,Female,1,Yes,No,12,Yes,Yes,DSL,No,No,Yes,Month-to-month,No,Bank transfer,65.14,746.37,No
CUST-00994,Female,0,No,No,62,Yes,Yes,DSL,No,No,Yes,Two year,Yes,Electronic check,51.58,3219.69,No
CUST-00995,Male,0,Yes,No,43,Yes,Yes,No,No,No,No internet service,Two year,Yes,Electronic check,22.98,980.71,No
CUST-00996,Male,1,Yes,No,23,Yes,No,No,No internet service,Yes,Yes,Month-to-month,No,Credit card,58.2,1363.89,No
CUST-00997,Female,1,No,No,2,Yes,No phone service,No,No,No internet service,Yes,Month-to-month,Yes,Mailed check,26.05,57.38,Yes
CUST-00998,Female,0,No,Yes,9,Yes,Yes,Fiber optic,No,No,No internet service,Two year,Yes,Bank transfer,55.03,449.29,Yes
CUST-00999,Male,0,Yes,No,64,Yes,No,Fiber optic,No,No,No,Month-to-month,No,Bank transfer,52.99,,Yes
CUST-01000,Female,0,No,No,48,Yes,No,No,No,No,No,Two year,No,Credit card,84.01,4063.06,No
CUST-01001,Male,0,No,Yes,57,Yes,No,No,No,Yes,No,One year,Yes,Bank transfer,55.34,3159.65,No
CUST-01002,Male,1,No,No,1,Yes,Yes,No,No,No,No internet service,Month-to-month,Yes,Electronic check,57.19,37.95,Yes
CUST-01003,Male,0,Yes,No,65,Yes,No,No,Yes,No,No,One year,Yes,Bank transfer,47.21,3020.2,No
CUST-01004,Male,1,Yes,Yes,30,Yes,No phone service,Fiber optic,No,Yes,No,Two year,Yes,Mailed check,80.01,2440.97,No
CUST-01005,Male,0,Yes,No,67,Yes,Yes,DSL,No,No,No internet service,Month-to-month,Yes,Bank transfer,57.71,3887.27,No
CUST-01006,Female,1,No,No,36,Yes,No,Fiber optic,No internet service,No,No,Month-to-month,Yes,Credit card,114.76,4085.84,No
CUST-01007,Male,0,No,No,72,Yes,No phone service,Fiber optic,Yes,No,Yes,Two year,Yes,Credit card,108.98,7880.62,No
CUST-01008,Female,1,Yes,No,23,Yes,No,Fiber optic,No,Yes,No,Month-to-month,Yes,Electronic check,42.17,925.22,Yes
CUST-01009,Female,0,Yes,No,43,Yes,No,No,No,No,Yes,Month-to-month,Yes,Electronic check,59.21,2567.18,Yes
CUST-01010,Male,0,No,No,40,Yes,No phone service,No,No,Yes,Yes,One year,Yes,Electronic check,82.73,3328.61,No
CUST-01011,Male,0,No,No,50,No,Yes,Fiber optic,No internet service,No,Yes,Month-to-month,No,Electronic check,19.66,1024.61,Yes
CUST-01012,Female,1,No,No,41,Yes,No,DSL,No internet service,No,No,Month-to-month,No,Bank transfer,41.2,1655.74,Yes
CUST-01013,Male,0,No,Yes,39,Yes,Yes,Fiber optic,No,No,No,Month-to-month,No,Bank transfer,47.07,1842.46,No
CUST-01014,Male,1,Yes,No,47,Yes,Yes,DSL,Yes,No internet service,Yes,Month-to-month,No,Credit card,59.04,2779.35,No
CUST-01015,Female,1,No,No,3,Yes,No,DSL,No,No,Yes,Month-to-month,No,Credit card,108.71,279.63,No
CUST-01016,Female,0,No,No,59,Yes,Yes,Fiber optic,Yes,No internet service,Yes,Month-to-month,No,Electronic check,27.83,1655.8,Yes
CUST-01017,Male,0,Yes,No,38,Yes,Yes,DSL,No,Yes,Yes,Two year,Yes,Bank transfer,24.71,914.38,Yes
CUST-01018,Female,0,Yes,No,4,Yes,Yes,DSL,No,No,Yes,Two year,No,Mailed check,85.77,326.33,Yes
CUST-01019,Male,0,No,No,5,Yes,Yes,Fiber optic,No,Yes,No,Month-to-month,Yes,Electronic check,55.18,250.04,Yes
CUST-01020,Male,0,Yes,No,13,Yes,Yes,No,No,No,No,Month-to-month,No,Electronic check,36.13,425.28,No
CUST-01021,Male,0,No,Yes,69,Yes,No,DSL,No,No internet service,Yes,Month-to-month,Yes,Bank transfer,89.58,6147.68,Yes
CUST-01022,Female,0,No,No,11,Yes,Yes,No,No,No internet service,No,Month-to-month,No,Mailed check,42.78,441.31,Yes
CUST-01023,Female,0,Yes,No,61,Yes,No,Fiber optic,No,No,No,One year,No,Electronic check,75.7,4625.43,Yes
CUST-01024,Female,0,Yes,No,26,Yes,No,DSL,No,Yes,Yes,One year,Yes,Mailed check,59.69,1515.44,No
CUST-01025,Female,0,No,No,53,Yes,Yes,Fiber optic,No,No,Yes,Month-to-month,No,Credit card,54.84,2948.59,Yes
CUST-01026,Female,1,Yes,Yes,11,Yes,No phone service,No,Yes,No internet service,No,Month-to-month,Yes,Credit card,91.56,980.34,Yes
CUST-01027,Male,0,No,No,7,Yes,No,Fiber optic,No internet service,Yes,No internet service,One year,Yes,Electronic check,80.57,579.16,Yes
CUST-01028,Male,1,No,No,15,Yes,Yes,Fiber optic,No internet service,No internet service,No internet service,Month-to-month,Yes,Bank transfer,70.41,1021.91,Yes
CUST-01029,Male,0,No,Yes,51,Yes,No phone service,No,No,No,Yes,Month-to-month,Yes,Electronic check,31.06,1613.57,No
CUST-01030,Male,0,Yes,Yes,25,No,No,No,No,No,Yes,One year,No,Bank transfer,77.74,1900.65,No
CUST-01031,Female,0,No,Yes,7,Yes,Yes,DSL,No,No,Yes,Month-to-month,Yes,Mailed check,88.66,644.38,Yes
CUST-01032,Male,0,No,No,44,Yes,No,Fiber optic,No,No internet service,No,Month-to-month,Yes,Bank transfer,101.11,4438.16,Yes
CUST-01033,Female,0,No,No,18,Yes,No,No,Yes,No internet service,No,Month-to-month,Yes,Bank transfer,48.54,870.27,No
CUST-01034,Male,0,Yes,No,16,Yes,No,Fiber optic,No,Yes,No internet service,Month-to-month,Yes,Electronic check,44.96,705.99,Yes
CUST-01035,Female,0,No,No,64,Yes,No,No,No internet service,No,No internet service,Month-to-month,Yes,Electronic check,94.37,6029.88,Yes
CUST-01036,Female,0,No,No,28,Yes,Yes,Fiber optic,Yes,No internet service,No,Two year,Yes,Credit card,65.68,1789.57,No
CUST-01037,Male,0,No,Yes,13,Yes,No phone service,DSL,No,Yes,Yes,Month-to-month,Yes,Mailed check,59.4,724.81,No
CUST-01038,Male,0,Yes,No,16,Yes,No,Fiber optic,No internet service,No,Yes,Month-to-month,No,Credit card,34.38,579.47,Yes
CUST-01039,Male,0,No,No,12,Yes,No,Fiber optic,No,Yes,No,Month-to-month,No,Mailed check,62.28,718.71,No
CUST-01040,Male,0,No,No,62,Yes,Yes,No,No,No,No,Month-to-month,Yes,Credit card,92.06,5718.45,Yes
CUST-01041,Female,0,Yes,No,32,Yes,No,No,No internet service,Yes,No,Two year,No,Mailed check,63.96,2062.05,Yes
CUST-01042,Male,0,Yes,No,28,Yes,No,No,No,No,Yes,Month-to-month,No,Bank transfer,107.02,3016.36,Yes
CUST-01043,Male,0,No,No,36,Yes,No,No,No,No,No,One year,Yes,Bank transfer,18.43,673.21,Yes
CUST-01044,Female,1,No,No,45,Yes,No phone service,Fiber optic,No,No,No,One year,No,Credit card,36.36,1649.08,No
CUST-01045,Male,0,No,No,23,Yes,No phone service,No,No,No,No,Month-to-month,No,Credit card,80.69,1864.02,Yes
CUST-01046,Male,0,Yes,Yes,13,Yes,Yes,DSL,Yes,Yes,No,Two year,No,Credit card,86.54,1167.84,No
CUST-01047,Male,0,Yes,No,4,Yes,No,DSL,Yes,No internet service,Yes,Month-to-month,No,Electronic check,46.12,200.94,Yes
CUST-01048,Male,0,No,No,52,Yes,Yes,Fiber optic,No,No,No,Month-to-month,No,Mailed check,114.07,5916.93,Yes
CUST-01049,Male,0,Yes,Yes,29,Yes,Yes,Fiber optic,No,No,No internet service,Month-to-month,No,Credit card,51.73,1485.83,Yes
CUST-01050,Female,0,No,Yes,59,Yes,Yes,No,No internet service,No,No,Month-to-month,Yes,Electronic check,59.94,3494.42,Yes
CUST-01051,Male,0,No,Yes,72,Yes,No,Fiber optic,No,Yes,No,Month-to-month,Yes,Credit card,117.59,8515.66,No
CUST-01052,Male,0,Yes,No,27,Yes,No phone service,No,No,No,No,One year,Yes,Electronic check,66.88,1844.84,No
CUST-01053,Male,0,No,No,25,Yes,Yes,DSL,Yes,No internet service,No,One year,Yes,Credit card,80.51,1967.06,Yes
CUST-01054,Male,0,Yes,No,17,Yes,Yes,No,No internet service,No,Yes,Month-to-month,Yes,Bank transfer,73.1,1278.88,Yes
CUST-01055,Male,0,Yes,No,35,Yes,No phone service,Fiber optic,No,No,Yes,One year,Yes,Electronic check,36.11,1227.69,Yes
CUST-01056,Female,0,No,No,7,Yes,No,Fiber optic,Yes,No internet service,No internet service,Month-to-month,Yes,Bank transfer,119.13,807.81,Yes
CUST-01057,Male,0,Yes,No,17,Yes,No,Fiber optic,No internet service,No,No,Two year,Yes,Electronic check,24.03,426.59,No
CUST-01058,Female,0,No,Yes,57,Yes,No,No,No internet service,No,No,Two year,No,Mailed check,118.32,6767.26,No
CUST-01059,Female,0,Yes,No,31,Yes,No,Fiber optic,No internet service,No internet service,Yes,Month-to-month,No,Mailed check,65.74,2038.51,Yes
CUST-01060,Male,0,No,No,48,Yes,No phone service,Fiber optic,Yes,No,Yes,One year,Yes,Electronic check,37.34,1839.09,Yes
CUST-01061,Male,0,No,Yes,47,Yes,Yes,Fiber optic,No,Yes,No internet service,Two year,Yes,Credit card,35.03,1645.37,No
CUST-01062,Male,0,No,No,70,No,Yes,DSL,No,Yes,Yes,Month-to-month,Yes,Electronic check,84.87,5916.74,Yes
CUST-01063,Male,0,Yes,No,64,Yes,Yes,DSL,No,No,Yes,Month-to-month,Yes,Mailed check,90.5,5742.91,No
CUST-01064,Female,0,No,Yes,32,Yes,Yes,Fiber optic,No,No,Yes,Month-to-month,Yes,Mailed check,109.67,3546.17,No
CUST-01065,Male,0,Yes,Yes,49,Yes,No,No,No,Yes,Yes,Month-to-month,No,Bank transfer,42.12,2053.41,No
CUST-01066,Male,0,Yes,Yes,3,Yes,No phone service,Fiber optic,No internet service,Yes,No,Two year,No,Mailed check,62.19,214.82,No
CUST-01067,Male,0,Yes,No,35,Yes,No,No,No internet service,No internet service,No,Two year,Yes,Credit card,117.06,4124.49,No
CUST-01068,Male,0,Yes,No,27,Yes,No phone service,Fiber optic,No internet service,No,No,Two year,Yes,Bank transfer,61.66,1619.18,No
CUST-01069,Male,1,Yes,No,2,Yes,No phone service,No,No,No,No,Month-to-month,No,Mailed check,64.88,161.92,Yes
CUST-01070,Male,0,No,Yes,5,Yes,No,Fiber optic,No,Yes,No,Month-to-month,Yes,Electronic check,47.43,216.06,Yes
CUST-01071,Female,0,Yes,No,44,Yes,No,DSL,Yes,No,Yes,Month-to-month,Yes,Electronic check,106.84,4735.08,Yes
CUST-01072,Female,1,No,No,22,No,No,No,No,No,No internet service,Two year,Yes,Mailed check,55.29,1215.6,No
CUST-01073,Male,1,No,Yes,6,Yes,Yes,Fiber optic,No,No internet service,No,One year,No,Credit card,82.83,506.14,Yes
CUST-01074,Male,1,Yes,No,60,Yes,No,Fiber optic,No,No internet service,Yes,Two year,Yes,Electronic check,36.63,2157.94,No
CUST-01075,Male,0,No,No,64,Yes,No,DSL,No internet service,Yes,Yes,Two year,Yes,Bank transfer,80.81,5159.77,No
CUST-01076,Female,0,No,No,5,Yes,No,DSL,No internet service,No,No,Month-to-month,Yes,Credit card,113.26,613.39,Yes
CUST-01077,Male,0,Yes,Yes,23,Yes,No,Fiber optic,No internet service,No,Yes,Month-to-month,No,Bank transfer,97.24,2279.11,Yes
CUST-01078,Female,0,No,Yes,36,Yes,Yes,Fiber optic,No,No,No internet service,Month-to-month,Yes,Bank transfer,24.9,945.82,Yes
CUST-01079,Male,0,Yes,No,44,Yes,No,Fiber optic,No,No,No,One year,No,Mailed check,82.66,3638.06,No
CUST-01080,Male,0,Yes,No,50,No,Yes,Fiber optic,No internet service,No internet service,No internet service,Two year,Yes,Bank transfer,74.98,3780.83,No
CUST-01081,Male,0,Yes,No,44,Yes,Yes,Fiber optic,No,No,No,Month-to-month,Yes,Electronic check,52.53,2306.82,Yes
CUST-01082,Male,0,No,No,62,Yes,No,DSL,No internet service,No,No internet service,Two year,Yes,Credit card,103.96,6489.66,No
CUST-01083,Female,1,No,No,28,Yes,Yes,Fiber optic,No internet service,No,No,One year,Yes,Bank transfer,98.75,2813.6,Yes
CUST-01084,Female,0,No,No,24,Yes,No,Fiber optic,No,No,Yes,Month-to-month,No,Mailed check,84.16,2057.62,Yes
CUST-01085,Male,0,No,No,9,Yes,Yes,DSL,No internet service,No,No,Two year,No,Bank transfer,93.91,857.31,Yes
CUST-01086,Male,0,Yes,No,34,Yes,No,DSL,No,No,No,Month-to-month,Yes,Electronic check,37.7,1330.7,No
CUST-01087,Female,0,Yes,No,54,Yes,No,DSL,Yes,No,No internet service,Month-to-month,No,Credit card,111.88,6089.89,Yes
CUST-01088,Female,0,No,No,24,Yes,Yes,No,Yes,Yes,Yes,Two year,Yes,Electronic check,86.14,2064.87,No
CUST-01089,Female,0,Yes,No,44,Yes,No,Fiber optic,No,No internet service,No,One year,Yes,Mailed check,65.72,2872.06,No
CUST-01090,Female,1,No,No,11,Yes,No,Fiber optic,Yes,Yes,No internet service,Month-to-month,Yes,Bank transfer,37.7,383.44,Yes
CUST-01091,Male,0,Yes,No,3,Yes,Yes,Fiber optic,No,No,No,Month-to-month,Yes,Electronic check,87.64,280.62,Yes
CUST-01092,Female,0,Yes,Yes,66,Yes,Yes,No,Yes,No internet service,No internet service,Month-to-month,Yes,Mailed check,27.87,1792.9,No
CUST-01093,Male,0,Yes,No,16,Yes,No,Fiber optic,No internet service,No,Yes,Month-to-month,No,Mailed check,50.61,836.14,Yes
CUST-01094,Female,0,Yes,No,72,Yes,Yes,DSL,Yes,Yes,No,Month-to-month,Yes,Mailed check,76.53,5465.29,Yes
CUST-01095,Female,0,Yes,No,64,Yes,No,Fiber optic,No,No internet service,No,Month-to-month,Yes,Mailed check,83.9,5346.14,Yes
CUST-01096,Female,0,No,No,52,Yes,No,Fiber optic,No,No internet service,Yes,Month-to-month,No,Credit card,19.77,1027.84,Yes
CUST-01097,Female,0,No,No,56,Yes,Yes,Fiber optic,No internet service,No,Yes,Month-to-month,Yes,Mailed check,18.9,1018.14,Yes
CUST-01098,Female,0,Yes,No,27,No,No,DSL,No,No,Yes,Two year,Yes,Mailed check,29.37,746.62,No
CUST-01099,Male,0,No,No,15,Yes,No,No,No internet service,No,Yes,One year,Yes,Electronic check,96.37,1443.53,Yes
CUST-01100,Male,0,Yes,Yes,20,Yes,No,No,No,No,Yes,Month-to-month,Yes,Bank transfer,75.84,1555.48,No
CUST-01101,Female,0,Yes,No,41,Yes,Yes,No,Yes,No,Yes,Month-to-month,No,Mailed check,80.06,3273.29,Yes
CUST-01102,Female,0,Yes,No,53,Yes,Yes,DSL,No,Yes,No,Month-to-month,Yes,Bank transfer,79.55,4186.18,Yes
CUST-01103,Male,0,Yes,No,31,Yes,Yes,DSL,No,Yes,Yes,Month-to-month,Yes,Credit card,21.76,665.4,No
CUST-01104,Female,0,No,No,37,Yes,Yes,Fiber optic,No,No,No internet service,Two year,Yes,Mailed check,35.57,1338.35,No
CUST-01105,Female,0,Yes,Yes,69,Yes,No,No,No,No,No,Month-to-month,Yes,Electronic check,92.24,6318.7,Yes
CUST-01106,Male,0,No,No,37,Yes,Yes,Fiber optic,No,No internet service,Yes,Month-to-month,Yes,Electronic check,83.86,3055.89,Yes
CUST-01107,Female,0,Yes,No,53,No,Yes,No,Yes,No,No,Month-to-month,No,Bank transfer,63.42,3357.54,No
CUST-01108,Female,1,Yes,Yes,59,Yes,Yes,No,Yes,No,No internet service,Month-to-month,Yes,Credit card,20.08,1202.39,No
CUST-01109,Male,1,No,No,46,No,Yes,No,No internet service,No internet service,Yes,Month-to-month,No,Credit card,60.52,2795.3,No
CUST-01110,Male,0,Yes,No,11,Yes,Yes,DSL,No,No,No internet service,One year,No,Mailed check,43.29,489.97,No
CUST-01111,Male,0,Yes,Yes,52,Yes,Yes,DSL,Yes,No internet service,No,Month-to-month,No,Bank transfer,89.12,4600.81,No
CUST-01112,Female,0,No,Yes,32,No,Yes,Fiber optic,Yes,No internet service,No internet service,Month-to-month,No,Mailed check,102.12,3271.71,Yes
CUST-01113,Male,0,No,No,27,Yes,No,DSL,No,No internet service,No,One year,Yes,Credit card,69.39,1861.32,No
CUST-01114,Male,0,No,No,2,Yes,Yes,DSL,No internet service,Yes,No,One year,Yes,Mailed check,59.16,79.37,Yes
CUST-01115,Male,0,Yes,No,25,Yes,No,Fiber optic,Yes,Yes,Yes,Month-to-month,Yes,Mailed check,45.85,1109.06,Yes
CUST-01116,Male,0,Yes,No,53,Yes,Yes,DSL,No,No,Yes,Month-to-month,Yes,Mailed check,27.45,1469.38,No
CUST-01117,Male,1,No,No,39,Yes,No,Fiber optic,Yes,No,No,One year,Yes,Mailed check,55.92,2226.6,No
CUST-01118,Male,0,No,No,65,Yes,Yes,No,No,No,Yes,Month-to-month,Yes,Mailed check,87.16,5626.03,Yes
CUST-01119,Female,0,Yes,No,67,Yes,No phone service,DSL,Yes,Yes,No,Month-to-month,Yes,Electronic check,85.94,5757.47,No
CUST-01120,Female,0,Yes,No,46,Yes,No,DSL,Yes,No,No,Month-to-month,Yes,Electronic check,60.1,2739.39,Yes
CUST-01121,Male,0,No,Yes,1,Yes,Yes,DSL,No,No,Yes,Month-to-month,Yes,Mailed check,116.53,94.69,Yes
CUST-01122,Male,0,No,No,41,Yes,Yes,DSL,No,No,Yes,Month-to-month,No,Credit card,113.89,4641.94,No
CUST-01123,Male,1,No,No,33,Yes,No,Fiber optic,No,Yes,Yes,One year,Yes,Bank transfer,107.32,3546.13,No
CUST-01124,Female,0,No,Yes,20,Yes,No phone service,Fiber optic,Yes,No internet service,No,One year,No,Bank transfer,62.45,1204.67,No
CUST-01125,Female,0,Yes,No,43,Yes,No,Fiber optic,No,Yes,No,One year,No,Credit card,94.15,4072.7,No
CUST-01126,Female,0,Yes,No,1,Yes,No,Fiber optic,Yes,No,No,Month-to-month,Yes,Electronic check,112.76,123.43,Yes
CUST-01127,Female,1,Yes,No,58,No,Yes,Fiber optic,No,No,Yes,One year,Yes,Bank transfer,93.24,5396.4,No
CUST-01128,Female,0,Yes,No,15,Yes,Yes,Fiber optic,Yes,No,No internet service,One year,Yes,Credit card,50.21,724.94,Yes
CUST-01129,Female,0,No,No,19,Yes,Yes,DSL,Yes,No,No,One year,No,Mailed check,24.94,477.49,Yes
CUST-01130,Female,0,Yes,No,25,No,Yes,DSL,No,No internet service,No,Month-to-month,No,Credit card,115.72,2938.52,Yes
CUST-01131,Female,0,No,Yes,15,Yes,Yes,No,No,No internet service,Yes,Two year,Yes,Mailed check,119.23,1809.26,No
CUST-01132,Female,0,Yes,No,69,Yes,Yes,Fiber optic,No,No,No,Month-to-month,Yes,Mailed check,88.75,6101.69,Yes
CUST-01133,Male,0,Yes,No,22,Yes,No,No,No,No,No internet service,Two year,No,Mailed check,50.17,1128.03,No
CUST-01134,Male,0,Yes,No,41,Yes,No,DSL,No,No,Yes,Month-to-month,Yes,Mailed check,106.23,4355.83,Yes
CUST-01135,Male,0,No,Yes,36,No,Yes,DSL,Yes,No internet service,No,Month-to-month,No,Credit card,115.25,4103.8,No
CUST-01136,Male,1,Yes,No,71,Yes,No,Fiber optic,No,No,No,Month-to-month,Yes,Bank transfer,69.66,4957.61,Yes
CUST-01137,Female,0,No,No,5,Yes,Yes,No,Yes,No,Yes,Month-to-month,No,Bank transfer,49.79,222.34,No
CUST-01138,Female,0,No,No,36,Yes,Yes,No,Yes,No,No,Two year,Yes,Mailed check,59.45,2131.17,No
CUST-01139,Male,0,Yes,No,21,Yes,No,DSL,Yes,No,Yes,Month-to-month,Yes,Mailed check,25.53,533.98,Yes
CUST-01140,Female,0,No,No,5,Yes,No,No,Yes,No internet service,No,One year,Yes,Bank transfer,75.7,408.43,Yes
CUST-01141,Male,1,Yes,No,31,Yes,No,Fiber optic,No internet service,Yes,Yes,One year,No,Credit card,56.64,1763.85,Yes
CUST-01142,Female,0,No,Yes,16,Yes,Yes,DSL,No,No internet service,No,Month-to-month,Yes,Bank transfer,108.22,1715.53,No
CUST-01143,Male,0,Yes,No,37,Yes,Yes,DSL,No,No,Yes,One year,Yes,Mailed check,46.11,1721.79,No
CUST-01144,Female,0,No,Yes,16,Yes,No,Fiber optic,No,No,Yes,Two year,No,Bank transfer,18.85,270.81,No
CUST-01145,Female,0,No,No,36,Yes,Yes,Fiber optic,No internet service,No,Yes,Month-to-month,No,Mailed check,93.19,3387.12,No
CUST-01146,Male,0,Yes,No,22,Yes,Yes,DSL,No,Yes,No,One year,Yes,Credit card,18.76,382.86,Yes
CUST-01147,Female,0,Yes,No,48,Yes,No,No,No,No internet service,Yes,Month-to-month,Yes,Electronic check,73.69,3542.97,No
CUST-01148,Male,0,Yes,No,60,Yes,Yes,Fiber optic,No internet service,Yes,Yes,Two year,Yes,Mailed check,36.49,2159.91,No
CUST-01149,Male,1,Yes,No,48,Yes,Yes,No,No,Yes,Yes,Month-to-month,No,Bank transfer,80.27,,Yes
CUST-01150,Male,0,No,Yes,60,Yes,Yes,Fiber optic,No,Yes,No,Two year,Yes,Electronic check,38.18,2283.05,No
CUST-01151,Male,0,No,No,31,Yes,Yes,Fiber optic,No,Yes,No,Month-to-month,Yes,Bank transfer,69.19,2131.63,Yes
CUST-01152,Female,0,No,No,62,Yes,Yes,Fiber optic,No,No,Yes,Two year,Yes,Bank transfer,52.18,3278.55,No
CUST-01153,Female,0,No,No,6,Yes,No,Fiber optic,No,Yes,No,Month-to-month,No,Bank transfer,36.62,192.07,Yes
CUST-01154,Female,0,Yes,No,21,Yes,Yes,No,No,No,No,Month-to-month,Yes,Electronic check,79.86,1645.07,Yes
CUST-01155,Male,0,No,No,5,Yes,No,Fiber optic,No,No,No internet service,One year,Yes,Mailed check,26.39,133.7,Yes
CUST-01156,Female,0,Yes,No,60,Yes,Yes,Fiber optic,No internet service,No internet service,Yes,One year,Yes,Electronic check,114.0,6884.89,No
CUST-01157,Male,0,No,Yes,13,Yes,No,DSL,No internet service,No,Yes,Two year,No,Electronic check,97.37,1266.14,No
CUST-01158,Female,0,Yes,No,15,Yes,Yes,No,No,No,No,Month-to-month,Yes,Electronic check,111.42,1717.24,Yes
CUST-01159,Female,1,Yes,No,2,Yes,Yes,DSL,No,Yes,Yes,Two year,Yes,Credit card,22.33,13.7,No
CUST-01160,Female,0,Yes,Yes,8,Yes,Yes,No,No,No internet service,Yes,One year,Yes,Credit card,18.22,96.79,No
CUST-01161,Male,0,Yes,No,46,No,Yes,Fiber optic,Yes,No,No,Month-to-month,No,Electronic check,54.51,2487.75,No
CUST-01162,Female,0,Yes,No,41,Yes,No,Fiber optic,No internet service,No,Yes,Month-to-month,No,Electronic check,80.9,3330.72,No
CUST-01163,Female,0,No,No,41,Yes,Yes,Fiber optic,No,No,Yes,One year,Yes,Mailed check,42.93,1769.34,No
CUST-01164,Male,0,Yes,No,22,Yes,No,DSL,Yes,Yes,No,Two year,No,Credit card,74.03,1602.83,No
CUST-01165,Female,0,No,No,2,Yes,No,Fiber optic,No,Yes,Yes,Two year,Yes,Mailed check,79.81,175.78,No
CUST-01166,Male,0,No,Yes,0,Yes,No,DSL,No,No internet service,No,One year,No,Bank transfer,33.47,33.02,Yes
CUST-01167,Female,0,Yes,Yes,66,No,No,Fiber optic,Yes,Yes,No internet service,Two year,Yes,Bank transfer,96.42,6382.44,No
CUST-01168,Male,0,No,No,70,Yes,Yes,DSL,Yes,No internet service,No,Two year,Yes,Bank transfer,113.51,7968.49,No
CUST-01169,Male,0,No,Yes,2,Yes,No,DSL,No,No internet service,No,Two year,No,Credit card,83.29,147.34,No
CUST-01170,Female,0,No,No,48,Yes,No,No,No internet service,No,No,One year,No,Bank transfer,114.68,5507.56,No
CUST-01171,Male,0,Yes,No,66,Yes,No phone service,Fiber optic,Yes,No internet service,No internet service,Two year,No,Credit card,43.11,2799.53,No
CUST-01172,Male,0,Yes,No,54,Yes,Yes,DSL,No,Yes,Yes,Month-to-month,Yes,Credit card,21.72,,No
CUST-01173,Male,0,Yes,No,3,No,No,Fiber optic,No,Yes,No,One year,No,Mailed check,43.24,161.29,Yes
CUST-01174,Male,0,Yes,No,30,Yes,No,Fiber optic,Yes,Yes,No internet service,Month-to-month,No,Bank transfer,84.11,2552.31,Yes
CUST-01175,Male,0,No,No,65,Yes,No,Fiber optic,No,Yes,No,Month-to-month,No,Mailed check,78.96,5176.48,No
CUST-01176,Male,0,No,No,63,Yes,No,No,No,Yes,Yes,One year,No,Bank transfer,45.28,2899.52,No
CUST-01177,Female,0,No,No,30,Yes,No phone service,Fiber optic,No internet service,No,No internet service,One year,Yes,Electronic check,59.62,1835.87,Yes
CUST-01178,Male,0,No,No,62,Yes,No phone service,DSL,No internet service,Yes,Yes,Month-to-month,Yes,Mailed check,55.5,3406.74,Yes
CUST-01179,Male,0,No,Yes,65,Yes,No,Fiber optic,Yes,No,No,Month-to-month,No,Credit card,114.94,7433.16,No
CUST-01180,Female,0,No,No,30,Yes,Yes,DSL,No,No,No internet service,Month-to-month,Yes,Mailed check,50.06,1539.31,No
CUST-01181,Female,0,Yes,No,46,Yes,No,DSL,No internet service,Yes,No,One year,No,Bank transfer,37.7,1722.51,Yes
CUST-01182,Female,0,No,No,21,Yes,Yes,No,No,No,No internet service,Month-to-month,No,Credit card,75.69,1575.21,Yes
CUST-01183,Female,0,No,No,45,Yes,Yes,Fiber optic,No,No,No,Month-to-month,Yes,Credit card,30.73,1386.22,Yes
CUST-01184,Female,0,No,No,57,Yes,No phone service,No,Yes,No internet service,No internet service,Month-to-month,No,Credit card,69.8,3973.74,No
CUST-01185,Female,0,Yes,No,60,Yes,No,DSL,No,No internet service,No internet service,Month-to-month,Yes,Bank transfer,88.07,5256.5,No
CUST-01186,Female,1,No,Yes,45,Yes,No phone service,DSL,No,No,Yes,One year,No,Electronic check,114.21,5173.91,No
CUST-01187,Male,0,No,No,0,Yes,No,Fiber optic,No,No internet service,Yes,Month-to-month,Yes,Electronic check,109.01,40.93,Yes
CUST-01188,Male,0,Yes,Yes,24,No,Yes,Fiber optic,No,Yes,No,One year,Yes,Mailed check,103.8,2515.95,No
CUST-01189,Female,0,No,No,60,Yes,No phone service,Fiber optic,Yes,No,No internet service,Month-to-month,No,Credit card,58.18,3445.61,No
CUST-01190,Male,0,Yes,No,13,Yes,Yes,Fiber optic,Yes,No,No,Month-to-month,Yes,Bank transfer,109.19,1381.26,Yes
CUST-01191,Male,0,Yes,Yes,44,Yes,No,Fiber optic,No internet service,No,No internet service,One year,Yes,Mailed check,91.1,3993.0,Yes
CUST-01192,Male,0,No,Yes,38,Yes,No,Fiber optic,No internet service,No,No,Month-to-month,No,Bank transfer,63.04,2401.19,Yes
CUST-01193,Female,0,No,No,65,Yes,Yes,Fiber optic,No,No internet service,No,Two year,Yes,Mailed check,75.54,4921.05,No
CUST-01194,Female,0,Yes,Yes,31,Yes,Yes,No,Yes,No,No,Two year,Yes,Mailed check,62.48,1896.88,No
CUST-01195,Male,0,No,Yes,57,Yes,Yes,Fiber optic,No,Yes,No,One year,No,Bank transfer,38.07,2216.01,No
CUST-01196,Female,1,No,No,55,Yes,No,No,No,No,Yes,One year,Yes,Bank transfer,64.07,3526.81,Yes
CUST-01197,Male,0,Yes,No,5,Yes,Yes,Fiber optic,No,No,No internet service,Month-to-month,No,Electronic check,100.36,494.97,Yes
CUST-01198,Male,1,Yes,No,66,Yes,Yes,Fiber optic,No internet service,No,Yes,Month-to-month,Yes,Bank transfer,45.19,2951.65,Yes
CUST-01199,Male,0,No,No,49,Yes,No,No,Yes,Yes,No internet service,Month-to-month,Yes,Mailed check,83.31,4127.27,No
CUST-01200,Male,0,Yes,Yes,37,Yes,No,DSL,No,No internet service,Yes,One year,Yes,Credit card,74.43,2748.65,Yes
CUST-01201,Female,0,No,No,2,Yes,Yes,Fiber optic,No,No internet service,Yes,One year,No,Bank transfer,111.85,185.48,Yes
CUST-01202,Female,0,No,No,4,Yes,No,No,No,No,Yes,Month-to-month,Yes,Bank transfer,94.11,387.88,Yes
CUST-01203,Female,1,No,No,23,Yes,Yes,Fiber optic,No,Yes,No internet service,Month-to-month,No,Credit card,54.86,1246.8,Yes
CUST-01204,Male,1,No,No,53,Yes,Yes,No,No,No,Yes,One year,Yes,Electronic check,75.3,4021.7,No
CUST-01205,Female,1,Yes,No,33,No,Yes,DSL,Yes,No,No,Month-to-month,Yes,Credit card,110.94,3665.57,No
CUST-01206,Male,0,No,No,38,Yes,No,Fiber optic,No,No,Yes,One year,Yes,Credit card,41.1,1522.37,Yes
CUST-01207,Female,0,Yes,Yes,47,Yes,Yes,No,No internet service,Yes,No,Two year,No,Bank transfer,66.4,3145.86,No
CUST-01208,Male,0,No,Yes,48,Yes,Yes,Fiber optic,No,No,Yes,Month-to-month,No,Electronic check,40.61,1929.75,Yes
CUST-01209,Male,1,No,No,33,Yes,Yes,Fiber optic,Yes,No,Yes,Month-to-month,No,Electronic check,60.68,1993.26,Yes
CUST-01210,Male,0,Yes,Yes,6,Yes,No phone service,DSL,No internet service,No internet service,Yes,Month-to-month,Yes,Credit card,23.94,171.2,Yes
CUST-01211,Female,0,No,No,17,No,No phone service,DSL,Yes,No,No,Month-to-month,Yes,Mailed check,107.35,1785.6,Yes
CUST-01212,Female,0,Yes,No,69,Yes,Yes,Fiber optic,No,No internet service,Yes,One year,No,Mailed check,117.78,8174.6,Yes
CUST-01213,Female,0,Yes,Yes,33,Yes,Yes,No,No,No internet service,Yes,One year,Yes,Mailed check,75.92,2525.57,Yes
CUST-01214,Female,1,No,No,50,Yes,No phone service,No,No,No,Yes,Month-to-month,No,Bank transfer,74.52,3695.26,No
CUST-01215,Male,0,No,Yes,67,Yes,Yes,Fiber optic,No,No,Yes,Month-to-month,No,Bank transfer,115.49,7693.64,No
CUST-01216,Female,0,No,No,13,Yes,Yes,No,No internet service,Yes,No,Month-to-month,Yes,Mailed check,58.11,759.88,No
CUST-01217,Female,0,No,No,68,Yes,Yes,Fiber optic,Yes,No,Yes,Two year,Yes,Credit card,81.35,5519.73,No
CUST-01218,Male,0,Yes,No,7,Yes,No phone service,Fiber optic,No,Yes,No,One year,No,Bank transfer,103.4,676.75,Yes
CUST-01219,Male,0,No,No,14,Yes,No,Fiber optic,Yes,Yes,No,Month-to-month,No,Electronic check,69.59,985.18,Yes
CUST-01220,Male,0,No,Yes,58,No,Yes,Fiber optic,No,No internet service,No,Two year,Yes,Credit card,40.59,2335.09,No
CUST-01221,Female,0,No,No,10,Yes,Yes,Fiber optic,Yes,No internet service,Yes,Month-to-month,No,Mailed check,100.9,991.2,Yes
CUST-01222,Male,1,No,No,19,No,No phone service,DSL,Yes,No,No,Two year,No,Bank transfer,45.66,833.76,No
CUST-01223,Male,0,No,No,54,Yes,No,No,No,No,No internet service,Two year,Yes,Bank transfer,104.07,5583.82,No
CUST-01224,Male,0,Yes,No,35,Yes,No,DSL,Yes,No,No,Two year,No,Electronic check,114.35,3966.68,No
CUST-01225,Female,1,No,No,13,Yes,Yes,DSL,No,No,No,One year,No,Mailed check,73.7,996.71,No
CUST-01226,Male,0,Yes,No,57,Yes,No,Fiber optic,No,Yes,Yes,One year,Yes,Mailed check,23.03,1316.02,No
CUST-01227,Female,0,No,No,37,Yes,Yes,No,No,No,Yes,Month-to-month,Yes,Bank transfer,115.47,4269.33,Yes
CUST-01228,Female,0,No,Yes,0,Yes,No,No,Yes,No,No internet service,One year,No,Mailed check,102.8,20.45,Yes
CUST-01229,Male,0,No,No,64,Yes,Yes,Fiber optic,No,Yes,No,One year,No,Electronic check,29.97,1900.06,No
CUST-01230,Male,0,Yes,No,0,Yes,Yes,Fiber optic,No,No,Yes,Month-to-month,Yes,Credit card,82.2,32.22,Yes
CUST-01231,Female,1,No,No,59,Yes,No,No,No,No internet service,Yes,Month-to-month,No,Mailed check,50.19,2930.93,No
CUST-01232,Male,0,Yes,Yes,24,Yes,No,Fiber optic,No,No internet service,Yes,Two year,No,Electronic check,51.69,1270.83,No
CUST-01233,Male,0,Yes,No,9,No,Yes,Fiber optic,No internet service,No,No internet service,Month-to-month,Yes,Bank transfer,77.19,650.31,Yes
CUST-01234,Female,0,No,Yes,49,Yes,Yes,Fiber optic,No internet service,Yes,No,Month-to-month,Yes,Credit card,90.61,4405.57,Yes
CUST-01235,Female,0,Yes,No,11,Yes,No,DSL,Yes,No,No internet service,Month-to-month,No,Electronic check,19.15,249.92,Yes
CUST-01236,Male,0,No,No,31,No,No,No,Yes,No internet service,No,Month-to-month,Yes,Credit card,33.57,1001.57,Yes
CUST-01237,Female,0,No,No,32,Yes,No,No,No internet service,No,No internet service,One year,No,Credit card,110.09,3497.44,Yes
CUST-01238,Male,0,Yes,No,71,Yes,Yes,Fiber optic,Yes,No internet service,Yes,Month-to-month,Yes,Bank transfer,68.49,4817.06,Yes
CUST-01239,Male,0,No,Yes,25,Yes,Yes,Fiber optic,No,Yes,No,One year,Yes,Bank transfer,68.17,1714.12,No
CUST-01240,Male,1,No,Yes,41,Yes,No,No,No internet service,No,Yes,One year,No,Electronic check,103.71,4234.88,No
CUST-01241,Female,0,Yes,No,49,Yes,Yes,DSL,No,Yes,No internet service,One year,Yes,Electronic check,31.2,1542.15,Yes
CUST-01242,Male,0,Yes,Yes,60,Yes,No phone service,DSL,Yes,No internet service,Yes,Two year,No,Electronic check,90.79,5405.98,No
CUST-01243,Male,0,Yes,No,40,Yes,No,DSL,No,Yes,No,Month-to-month,Yes,Credit card,69.64,2775.11,No
CUST-01244,Male,0,Yes,Yes,56,Yes,No,Fiber optic,No,No,No,Month-to-month,No,Bank transfer,93.64,5231.01,Yes
CUST-01245,Female,0,Yes,No,1,Yes,Yes,No,No internet service,No,No internet service,Two year,Yes,Credit card,87.29,90.97,No
CUST-01246,Female,0,Yes,No,69,Yes,Yes,Fiber optic,Yes,No,No internet service,Month-to-month,No,Mailed check,85.98,5912.12,Yes
CUST-01247,Female,0,No,No,30,Yes,No,Fiber optic,No,No internet service,No,Two year,No,Bank transfer,105.32,3208.08,Yes
CUST-01248,Female,0,Yes,No,22,Yes,Yes,Fiber optic,No,No,No internet service,Two year,No,Electronic check,74.18,1613.56,No
CUST-01249,Female,1,Yes,No,53,Yes,No,DSL,Yes,No internet service,No,Two year,Yes,Credit card,59.6,3178.44,No
CUST-01250,Male,1,No,No,27,Yes,No,DSL,Yes,Yes,No internet service,Two year,Yes,Bank transfer,38.25,1019.38,No
CUST-01251,Female,1,No,No,18,Yes,Yes,Fiber optic,Yes,No,No internet service,Month-to-month,Yes,Electronic check,53.09,958.98,Yes
CUST-01252,Female,0,Yes,No,47,Yes,Yes,No,No,No internet service,Yes,Month-to-month,No,Electronic check,106.73,4988.98,Yes
CUST-01253,Female,0,Yes,No,1,Yes,No,Fiber optic,No internet service,No,No,Month-to-month,Yes,Mailed check,52.42,19.7,Yes
CUST-01254,Male,0,No,No,10,Yes,Yes,DSL,Yes,No internet service,No,Two year,Yes,Bank transfer,118.51,1232.34,No
CUST-01255,Female,0,Yes,No,43,Yes,No,DSL,Yes,No,No internet service,Month-to-month,No,Electronic check,80.01,3444.52,Yes
CUST-01256,Female,0,Yes,Yes,58,Yes,No,No,No,No,No,One year,No,Credit card,101.13,5861.62,Yes
CUST-01257,Male,0,No,No,58,Yes,Yes,DSL,Yes,No,Yes,Month-to-month,No,Bank transfer,68.31,3976.14,No
CUST-01258,Female,0,Yes,No,37,Yes,No,Fiber optic,No,No internet service,No,One year,No,Mailed check,84.76,3108.47,Yes
CUST-01259,Male,0,No,Yes,24,Yes,No,DSL,No,No internet service,No,Month-to-month,No,Electronic check,118.93,2886.52,Yes
CUST-01260,Male,0,Yes,Yes,20,Yes,No phone service,Fiber optic,No,No,No internet service,Month-to-month,No,Electronic check,69.03,1355.42,Yes
CUST-01261,Male,0,No,No,41,Yes,No,Fiber optic,Yes,No,No,Two year,Yes,Bank transfer,44.86,1843.51,No
CUST-01262,Male,0,No,No,35,Yes,No,DSL,Yes,Yes,Yes,One year,No,Bank transfer,84.29,2912.87,No
CUST-01263,Male,0,No,No,8,Yes,Yes,Fiber optic,No,No,No internet service,Month-to-month,Yes,Bank transfer,111.8,901.86,No
CUST-01264,Female,0,Yes,No,11,Yes,Yes,Fiber optic,Yes,No,No,Two year,No,Mailed check,19.75,215.55,No
CUST-01265,Male,0,No,No,9,Yes,Yes,DSL,No internet service,No,No,Month-to-month,Yes,Credit card,119.24,1051.22,Yes
CUST-01266,Male,0,Yes,No,58,Yes,No,Fiber optic,No,No internet service,No internet service,One year,Yes,Mailed check,73.54,4246.07,No
CUST-01267,Female,0,No,Yes,4,Yes,Yes,No,Yes,No,No,One year,No,Electronic check,99.54,349.14,Yes
CUST-01268,Male,0,No,No,32,No,No,DSL,No internet service,No,No,One year,No,Bank transfer,30.06,914.65,Yes
CUST-01269,Female,0,No,Yes,68,Yes,Yes,DSL,Yes,Yes,Yes,Month-to-month,Yes,Credit card,47.73,3255.73,Yes
CUST-01270,Female,0,Yes,Yes,62,Yes,No,DSL,No internet service,No,No internet service,One year,Yes,Mailed check,117.67,7317.38,Yes
CUST-01271,Female,1,Yes,Yes,28,Yes,No,Fiber optic,No,No,Yes,Month-to-month,Yes,Bank transfer,47.37,1331.05,Yes
CUST-01272,Male,0,No,No,17,Yes,No,No,Yes,No,Yes,Month-to-month,No,Bank transfer,60.05,979.04,No
CUST-01273,Male,0,Yes,Yes,5,Yes,No phone service,DSL,No internet service,No,No internet service,Month-to-month,No,Mailed check,46.63,277.24,Yes
CUST-01274,Male,0,Yes,Yes,52,No,No,Fiber optic,No internet service,Yes,No,Month-to-month,Yes,Credit card,65.78,3441.9,No
CUST-01275,Female,1,Yes,No,31,Yes,Yes,DSL,No,No,Yes,Month-to-month,Yes,Bank transfer,34.22,1034.56,Yes
CUST-01276,Male,0,No,Yes,41,Yes,No,Fiber optic,No,No internet service,Yes,Two year,No,Electronic check,69.9,2883.05,No
CUST-01277,Male,0,Yes,No,46,Yes,No,DSL,No internet service,Yes,No internet service,Month-to-month,No,Electronic check,48.44,2189.39,No
CUST-01278,Male,0,No,No,30,Yes,No,No,No,No internet service,No,Two year,No,Bank transfer,101.14,3062.14,No
CUST-01279,Female,1,No,No,61,Yes,No,Fiber optic,Yes,No,No,Month-to-month,Yes,Mailed check,57.76,3521.45,Yes
CUST-01280,Female,0,No,Yes,55,Yes,Yes,DSL,No,No,No internet service,Month-to-month,Yes,Credit card,98.86,5428.24,Yes
CUST-01281,Male,0,Yes,Yes,10,Yes,No,No,No internet service,No,No,Month-to-month,No,Bank transfer,83.46,785.51,No
CUST-01282,Male,0,No,No,25,Yes,Yes,DSL,No internet service,No,Yes,One year,Yes,Electronic check,111.34,2798.75,Yes
CUST-01283,Male,0,Yes,Yes,26,Yes,No,DSL,No internet service,No,Yes,One year,Yes,Credit card,100.68,2650.58,Yes
CUST-01284,Male,0,Yes,No,56,Yes,Yes,No,Yes,No internet service,No,Two year,No,Credit card,109.91,6133.79,No
CUST-01285,Female,0,No,Yes,26,Yes,Yes,DSL,No,No,No,One year,Yes,Bank transfer,71.62,1813.3,No
CUST-01286,Female,0,No,No,58,Yes,No,No,Yes,No,Yes,Month-to-month,No,Mailed check,111.17,6475.39,No
CUST-01287,Female,0,No,No,61,Yes,No,Fiber optic,No,No internet service,No,Month-to-month,No,Mailed check,33.78,2074.15,Yes
CUST-01288,Female,0,Yes,No,19,Yes,No phone service,No,No,Yes,Yes,Month-to-month,No,Mailed check,26.61,533.28,Yes
CUST-01289,Male,1,Yes,No,2,Yes,Yes,Fiber optic,Yes,No internet service,No internet service,Month-to-month,Yes,Credit card,71.65,147.13,No
CUST-01290,Male,0,No,No,15,Yes,No,DSL,No,No,Yes,Two year,Yes,Mailed check,102.26,1529.99,No
CUST-01291,Male,0,No,No,43,Yes,No,No,Yes,Yes,No,Month-to-month,No,Electronic check,39.64,1676.46,Yes
CUST-01292,Female,0,Yes,No,29,No,Yes,DSL,No,No,No,Month-to-month,Yes,Bank transfer,116.8,3345.08,Yes
CUST-01293,Male,0,Yes,No,39,Yes,Yes,Fiber optic,No,Yes,No,One year,No,Electronic check,36.89,1435.85,Yes
CUST-01294,Female,0,No,Yes,64,Yes,Yes,Fiber optic,No,No,No,Month-to-month,No,Mailed check,90.29,5815.4,No
CUST-01295,Female,0,Yes,Yes,28,Yes,No phone service,Fiber optic,No,Yes,Yes,Two year,Yes,Bank transfer,111.34,3073.45,No
CUST-01296,Male,0,Yes,No,29,Yes,No,Fiber optic,Yes,Yes,No internet service,Two year,Yes,Bank transfer,116.47,3426.54,No
CUST-01297,Male,0,Yes,Yes,31,Yes,Yes,No,Yes,Yes,Yes,Month-to-month,Yes,Mailed check,85.46,2693.96,Yes
CUST-01298,Male,0,Yes,No,9,Yes,Yes,No,No,Yes,No,Two year,No,Bank transfer,76.57,703.2,No
CUST-01299,Female,0,Yes,Yes,50,Yes,Yes,No,Yes,No,Yes,Month-to-month,No,Mailed check,27.27,1404.92,No
CUST-01300,Male,0,Yes,No,7,Yes,No,Fiber optic,No internet service,No internet service,Yes,Month-to-month,No,Bank transfer,20.02,145.49,Yes
CUST-01301,Female,1,No,Yes,50,No,No phone service,No,No internet service,No internet service,No,Two year,Yes,Mailed check,118.55,5917.96,No
CUST-01302,Male,0,Yes,No,35,Yes,No,Fiber optic,No,No internet service,No,Month-to-month,Yes,Electronic check,45.99,1616.82,Yes
CUST-01303,Female,1,No,Yes,54,Yes,Yes,No,No,Yes,No internet service,Month-to-month,Yes,Bank transfer,25.37,1407.64,Yes
CUST-01304,Female,0,No,Yes,34,Yes,No,No,No,Yes,No internet service,One year,Yes,Credit card,72.92,2525.03,No
CUST-01305,Male,1,Yes,Yes,35,Yes,No phone service,DSL,No,Yes,No internet service,Month-to-month,Yes,Electronic check,49.88,1779.61,Yes
CUST-01306,Female,0,No,No,55,No,No,Fiber optic,Yes,No,No,Month-to-month,Yes,Credit card,54.47,2963.82,Yes
CUST-01307,Female,0,No,Yes,35,Yes,No phone service,No,No,No internet service,Yes,One year,Yes,Electronic check,54.08,1901.97,No
CUST-01308,Male,0,No,No,60,Yes,Yes,DSL,No internet service,No internet service,No,One year,No,Electronic check,43.37,2596.68,No
CUST-01309,Female,0,Yes,Yes,61,Yes,No,Fiber optic,No internet service,Yes,No,Two year,No,Electronic check,116.7,7116.83,No
CUST-01310,Male,0,No,Yes,24,Yes,No,No,No internet service,No,Yes,One year,Yes,Credit card,45.05,1074.02,No
CUST-01311,Female,0,Yes,No,63,Yes,No,DSL,No internet service,No internet service,No internet service,Month-to-month,Yes,Electronic check,74.82,4670.42,Yes
CUST-01312,Male,0,No,No,59,Yes,No,No,Yes,No,No,Month-to-month,No,Bank transfer,42.34,2532.65,No
CUST-01313,Male,0,No,No,56,Yes,Yes,No,Yes,Yes,No,Two year,No,Bank transfer,95.71,5407.6,No
CUST-01314,Female,0,No,No,69,Yes,Yes,DSL,No,Yes,No,One year,No,Bank transfer,41.36,2824.81,No
CUST-01315,Female,0,No,No,51,No,No phone service,Fiber optic,No,No,No internet service,Month-to-month,Yes,Electronic check,80.69,4127.39,Yes
CUST-01316,Female,0,Yes,No,55,Yes,Yes,DSL,No,Yes,Yes,One year,Yes,Mailed check,103.06,5671.96,Yes
CUST-01317,Female,0,No,No,62,Yes,No phone service,Fiber optic,No internet service,No internet service,Yes,Month-to-month,No,Mailed check,45.71,2873.67,Yes
CUST-01318,Female,0,No,No,67,Yes,No,Fiber optic,No,Yes,No,Month-to-month,No,Bank transfer,99.93,6715.72,Yes
CUST-01319,Male,0,Yes,No,19,Yes,No,No,No,Yes,No,Month-to-month,No,Electronic check,27.43,546.14,Yes
CUST-01320,Female,0,Yes,No,53,Yes,No phone service,DSL,Yes,Yes,No internet service,Two year,No,Credit card,29.87,1628.3,No
CUST-01321,Male,0,Yes,No,0,Yes,No,Fiber optic,Yes,Yes,Yes,Month-to-month,Yes,Credit card,58.86,16.35,Yes
CUST-01322,Male,0,No,Yes,9,No,No,No,No,No,No internet service,Two year,Yes,Bank transfer,59.51,530.95,No
CUST-01323,Female,0,Yes,Yes,22,Yes,Yes,DSL,No internet service,Yes,No,Month-to-month,Yes,Electronic check,70.68,1510.15,No
CUST-01324,Male,0,Yes,No,50,Yes,No,No,No,Yes,No,Month-to-month,Yes,Credit card,20.42,1061.64,Yes
CUST-01325,Male,0,Yes,No,23,Yes,No,No,No,No,Yes,Month-to-month,No,Credit card,29.95,697.82,Yes
CUST-01326,Male,0,Yes,No,12,Yes,No,Fiber optic,No internet service,Yes,No,Month-to-month,No,Credit card,19.05,246.83,No
CUST-01327,Male,0,Yes,Yes,28,Yes,No,No,Yes,Yes,No,Month-to-month,Yes,Mailed check,115.36,3230.61,No
CUST-01328,Female,1,Yes,No,57,Yes,Yes,Fiber optic,Yes,Yes,Yes,Month-to-month,Yes,Mailed check,49.96,2837.08,No
CUST-01329,Male,0,No,Yes,42,No,No,Fiber optic,No,Yes,No,Month-to-month,Yes,Credit card,88.18,3703.95,Yes
CUST-01330,Female,0,Yes,No,9,Yes,Yes,DSL,No,No,Yes,Month-to-month,Yes,Electronic check,80.06,675.39,Yes
CUST-01331,Female,0,No,Yes,30,Yes,Yes,Fiber optic,No internet service,Yes,No,Month-to-month,No,Credit card,91.92,2787.39,Yes
CUST-01332,Male,0,Yes,No,13,Yes,Yes,Fiber optic,Yes,No,No,Month-to-month,Yes,Credit card,108.05,1370.45,Yes
CUST-01333,Female,0,Yes,No,33,Yes,Yes,Fiber optic,No,No,No,One year,Yes,Mailed check,41.78,1362.01,No
CUST-01334,Female,0,Yes,Yes,16,Yes,No,DSL,No,No,Yes,Two year,Yes,Electronic check,61.43,941.58,No
CUST-01335,Female,0,No,No,20,Yes,Yes,DSL,No,No internet service,Yes,Two year,Yes,Bank transfer,51.5,1061.99,No
CUST-01336,Male,1,Yes,No,66,Yes,Yes,Fiber optic,Yes,Yes,No internet service,Month-to-month,No,Electronic check,26.41,1709.89,Yes
CUST-01337,Female,0,Yes,Yes,57,Yes,Yes,DSL,No,No,No,Two year,Yes,Electronic check,21.26,1201.71,No
CUST-01338,Female,1,Yes,No,7,Yes,No,Fiber optic,No,No internet service,No internet service,One year,Yes,Mailed check,96.01,663.62,Yes
CUST-01339,Female,0,Yes,No,37,Yes,No,DSL,No,No internet service,Yes,Month-to-month,Yes,Electronic check,31.18,1135.3,No
CUST-01340,Male,0,No,No,25,Yes,No,Fiber optic,No,No,No,One year,No,Mailed check,19.57,525.26,No
CUST-01341,Female,0,No,Yes,63,No,No,No,No,Yes,Yes,Two year,Yes,Electronic check,62.72,3978.54,No
CUST-01342,Male,0,No,No,29,Yes,No,No,No internet service,Yes,No,Month-to-month,Yes,Mailed check,50.87,1499.6,No
CUST-01343,Male,0,No,No,8,Yes,Yes,DSL,Yes,Yes,No internet service,Month-to-month,Yes,Electronic check,24.74,170.43,No
CUST-01344,Male,0,No,No,31,Yes,No phone service,Fiber optic,Yes,No internet service,Yes,Month-to-month,No,Electronic check,23.26,690.01,Yes
CUST-01345,Male,0,Yes,No,10,Yes,Yes,No,No,No,Yes,Month-to-month,Yes,Electronic check,111.14,1086.06,Yes
CUST-01346,Male,1,Yes,No,33,Yes,Yes,No,No,No,No,Month-to-month,Yes,Electronic check,113.85,3745.67,Yes
CUST-01347,Male,0,Yes,Yes,17,Yes,No,DSL,No,No,No internet service,One year,No,Bank transfer,67.19,1140.11,No
CUST-01348,Female,0,No,Yes,18,Yes,No,No,No,No,Yes,Month-to-month,No,Bank transfer,104.53,1856.56,No
CUST-01349,Male,0,Yes,No,53,Yes,No,DSL,Yes,Yes,No internet service,Month-to-month,Yes,Mailed check,99.61,5275.11,No
CUST-01350,Female,0,No,No,36,Yes,Yes,Fiber optic,Yes,No internet service,No,Month-to-month,No,Bank transfer,77.09,2743.68,No
CUST-01351,Female,0,Yes,Yes,11,Yes,No,DSL,Yes,No,Yes,One year,Yes,Credit card,94.58,1017.28,No
CUST-01352,Male,0,No,Yes,3,Yes,No,No,No internet service,No,Yes,Two year,Yes,Bank transfer,112.92,314.83,Yes
CUST-01353,Female,1,Yes,No,42,No,Yes,Fiber optic,No internet service,No,Yes,One year,Yes,Mailed check,75.76,3204.63,Yes
CUST-01354,Female,0,Yes,No,26,Yes,Yes,DSL,Yes,No,No,One year,Yes,Credit card,70.19,1820.79,No
CUST-01355,Female,0,Yes,Yes,50,Yes,No,Fiber optic,Yes,Yes,No,Month-to-month,Yes,Bank transfer,18.36,929.52,Yes
CUST-01356,Female,0,Yes,Yes,4,Yes,Yes,DSL,Yes,Yes,Yes,Two year,Yes,Credit card,73.3,310.13,Yes
CUST-01357,Male,0,No,No,5,Yes,Yes,DSL,No,Yes,No,Month-to-month,No,Credit card,101.39,463.8,Yes
CUST-01358,Female,0,Yes,No,55,Yes,Yes,Fiber optic,No internet service,No,No,Two year,Yes,Credit card,95.73,5294.63,No
CUST-01359,Male,0,Yes,No,67,Yes,Yes,Fiber optic,No,Yes,Yes,One year,Yes,Mailed check,83.87,5597.69,No
CUST-01360,Female,0,Yes,No,43,Yes,Yes,DSL,Yes,Yes,No internet service,One year,No,Bank transfer,20.51,882.91,No
CUST-01361,Female,0,No,No,14,No,Yes,Fiber optic,No,No,No internet service,Month-to-month,Yes,Mailed check,112.39,1557.3,Yes
CUST-01362,Male,0,Yes,No,41,Yes,Yes,Fiber optic,Yes,No internet service,Yes,Two year,Yes,Mailed check,61.77,2559.93,No
CUST-01363,Female,0,Yes,No,10,Yes,No phone service,Fiber optic,No,Yes,No internet service,Month-to-month,No,Bank transfer,76.3,735.83,Yes
CUST-01364,Female,0,Yes,Yes,72,Yes,Yes,DSL,No,Yes,No internet service,Month-to-month,Yes,Mailed check,58.57,4263.42,No
CUST-01365,Female,0,Yes,No,10,Yes,No,DSL,No,No,Yes,One year,No,Electronic check,53.59,525.91,Yes
CUST-01366,Male,0,Yes,No,65,Yes,No phone service,DSL,Yes,No internet service,Yes,Two year,No,Bank transfer,70.08,4576.36,No
CUST-01367,Female,0,No,No,26,Yes,No,Fiber optic,No,No,No,One year,Yes,Electronic check,68.46,1794.1,No
CUST-01368,Male,0,No,No,57,Yes,Yes,Fiber optic,No,No,No internet service,Month-to-month,Yes,Bank transfer,54.35,3122.21,Yes
CUST-01369,Female,0,No,No,71,Yes,Yes,No,Yes,Yes,No internet service,Two year,Yes,Bank transfer,99.99,7104.4,No
CUST-01370,Male,0,Yes,No,20,Yes,No,DSL,Yes,No internet service,Yes,One year,No,Mailed check,23.16,451.58,No
CUST-01371,Male,0,No,Yes,20,Yes,No phone service,Fiber optic,No,No internet service,Yes,Month-to-month,Yes,Mailed check,29.94,566.76,Yes
CUST-01372,Female,0,Yes,No,71,Yes,Yes,DSL,No,No,No,Two year,Yes,Mailed check,26.42,1877.76,No
CUST-01373,Female,0,Yes,No,0,Yes,Yes,DSL,Yes,No internet service,Yes,Two year,Yes,Credit card,75.63,0.0,Yes
CUST-01374,Male,0,Yes,No,57,No,No,Fiber optic,Yes,Yes,Yes,Month-to-month,Yes,Bank transfer,60.08,3380.44,Yes
CUST-01375,Male,0,Yes,No,12,Yes,Yes,Fiber optic,Yes,Yes,No,Month-to-month,No,Credit card,64.11,780.66,Yes
CUST-01376,Female,0,No,No,72,Yes,No,No,No,No,No,Two year,Yes,Mailed check,76.83,5529.81,No
CUST-01377,Male,1,No,No,5,Yes,No,Fiber optic,Yes,Yes,Yes,Month-to-month,No,Electronic check,51.04,255.81,Yes
CUST-01378,Female,0,No,Yes,57,Yes,Yes,DSL,No,No internet service,No internet service,One year,Yes,Electronic check,36.68,2072.63,No
CUST-01379,Female,0,Yes,Yes,16,Yes,No,Fiber optic,No,No,Yes,Month-to-month,Yes,Bank transfer,49.3,817.86,No
CUST-01380,Female,0,No,No,72,Yes,No,No,No,No,No,Two year,Yes,Credit card,119.39,8566.2,No
CUST-01381,Female,0,No,No,11,Yes,No,Fiber optic,No,No,No,Two year,Yes,Bank transfer,115.17,1275.48,Yes
CUST-01382,Male,1,Yes,No,51,No,No,No,No,No,Yes,One year,No,Mailed check,115.58,5930.63,No
CUST-01383,Female,0,No,No,69,Yes,No,DSL,No internet service,Yes,No,Month-to-month,No,Credit card,20.82,1469.99,No
CUST-01384,Male,1,Yes,Yes,72,Yes,Yes,No,No,Yes,No internet service,One year,No,Electronic check,27.12,1905.5,No
CUST-01385,Female,1,No,No,51,Yes,No,DSL,No,No,No,One year,Yes,Mailed check,22.66,1133.56,No
CUST-01386,Male,1,No,Yes,36,Yes,No,Fiber optic,No,Yes,No internet service,Month-to-month,Yes,Mailed check,101.18,3663.95,Yes
CUST-01387,Female,0,No,No,2,Yes,No,Fiber optic,No,No internet service,Yes,Two year,No,Mailed check,119.12,262.31,No
CUST-01388,Male,0,Yes,No,7,Yes,Yes,DSL,No,No,Yes,Month-to-month,No,Credit card,73.38,511.93,No
CUST-01389,Male,0,No,No,9,No,No,No,Yes,No,No,Month-to-month,Yes,Mailed check,89.48,775.57,Yes
CUST-01390,Female,0,No,Yes,46,Yes,No,DSL,No,No internet service,No internet service,Month-to-month,No,Electronic check,53.93,2458.68,Yes
CUST-01391,Female,0,No,Yes,40,Yes,No,DSL,Yes,No,No,Two year,No,Mailed check,96.07,3872.9,No
CUST-01392,Female,0,No,No,63,Yes,No,No,Yes,No,No,Month-to-month,Yes,Credit card,84.92,5319.18,Yes
CUST-01393,Female,0,Yes,No,41,Yes,Yes,DSL,Yes,No,No,One year,No,Credit card,99.7,4131.93,Yes
CUST-01394,Male,0,Yes,No,42,Yes,Yes,Fiber optic,No internet service,No,Yes,Month-to-month,Yes,Electronic check,69.0,2898.09,Yes
CUST-01395,Female,0,No,Yes,8,Yes,No,Fiber optic,Yes,No,No,One year,Yes,Credit card,37.79,,Yes
CUST-01396,Male,0,No,No,13,Yes,No phone service,No,No,No internet service,Yes,Month-to-month,No,Electronic check,66.52,853.72,Yes
CUST-01397,Male,0,No,No,3,Yes,Yes,No,No internet service,No internet service,No,Month-to-month,Yes,Bank transfer,49.83,125.14,No
CUST-01398,Female,0,Yes,No,1,No,Yes,No,No,No,No,One year,No,Mailed check,88.8,77.23,No
CUST-01399,Male,1,No,No,0,Yes,No phone service,No,No,No,No,Month-to-month,No,Bank transfer,31.96,0.0,No
CUST-01400,Male,0,No,Yes,64,Yes,No,No,No,No internet service,No internet service,Month-to-month,Yes,Bank transfer,51.85,3350.72,No
CUST-01401,Male,0,Yes,No,45,Yes,No,Fiber optic,No,No,Yes,Two year,Yes,Bank transfer,18.67,886.52,No
CUST-01402,Male,1,Yes,No,58,Yes,Yes,Fiber optic,Yes,No internet service,Yes,Month-to-month,No,Electronic check,101.18,5884.35,No
CUST-01403,Female,0,Yes,No,6,Yes,No,Fiber optic,No internet service,No,No,Month-to-month,No,Mailed check,59.48,387.74,No
CUST-01404,Female,1,No,No,65,Yes,No,DSL,Yes,No internet service,No internet service,One year,No,Bank transfer,97.17,6288.86,No
CUST-01405,Female,0,Yes,No,14,Yes,No,DSL,No internet service,No internet service,No,Month-to-month,Yes,Electronic check,27.96,347.72,No
CUST-01406,Female,0,Yes,Yes,71,No,Yes,No,Yes,No internet service,No internet service,One year,No,Credit card,37.77,2694.38,No
CUST-01407,Male,0,No,No,46,Yes,No,No,No,No,No,Month-to-month,Yes,Bank transfer,104.75,4850.26,No
CUST-01408,Male,0,Yes,No,39,Yes,Yes,Fiber optic,No,No,No internet service,One year,Yes,Electronic check,78.74,3104.29,No
CUST-01409,Female,0,No,No,41,Yes,Yes,DSL,No internet service,No,No internet service,Month-to-month,No,Electronic check,18.6,765.88,Yes
CUST-01410,Female,0,No,Yes,50,Yes,No,Fiber optic,No,Yes,No,One year,Yes,Electronic check,110.32,5528.21,Yes
CUST-01411,Female,0,Yes,No,34,Yes,Yes,Fiber optic,No internet service,No,No,Month-to-month,No,Electronic check,118.32,4009.71,Yes
CUST-01412,Male,0,No,Yes,40,Yes,Yes,Fiber optic,No,No internet service,No,Two year,No,Mailed check,85.44,3450.67,No
CUST-01413,Female,1,Yes,Yes,56,Yes,Yes,Fiber optic,No,No,No internet service,Month-to-month,Yes,Credit card,92.24,5185.2,Yes
CUST-01414,Female,1,Yes,No,37,Yes,No,DSL,No,Yes,Yes,Month-to-month,Yes,Electronic check,31.63,1138.9,No
CUST-01415,Female,0,Yes,No,71,Yes,Yes,Fiber optic,Yes,No,No internet service,Two year,No,Bank transfer,96.16,6805.3,No
CUST-01416,Male,0,No,No,7,Yes,No,No,No,Yes,No,Two year,Yes,Credit card,28.1,161.89,No
CUST-01417,Male,0,Yes,No,62,Yes,No,Fiber optic,Yes,No,No,Two year,Yes,Mailed check,108.75,6743.07,Yes
CUST-01418,Male,0,No,No,3,Yes,No,DSL,No,No internet service,Yes,Month-to-month,Yes,Bank transfer,69.49,178.69,Yes
CUST-01419,Male,0,No,No,47,Yes,No,Fiber optic,No internet service,No internet service,No,Month-to-month,Yes,Credit card,32.4,1488.68,Yes
CUST-01420,Male,1,No,No,51,Yes,No,DSL,No internet service,Yes,Yes,Month-to-month,No,Credit card,27.05,1345.59,No
CUST-01421,Male,0,Yes,Yes,37,Yes,Yes,No,No,No,No internet service,Two year,Yes,Mailed check,62.89,2303.52,No
CUST-01422,Male,0,No,No,4,Yes,Yes,DSL,No,Yes,Yes,Month-to-month,Yes,Bank transfer,18.54,105.06,Yes
CUST-01423,Male,0,No,No,69,Yes,No,No,No,Yes,No,Two year,No,Bank transfer,116.05,8051.28,No
CUST-01424,Female,1,Yes,No,23,Yes,No phone service,No,No internet service,No,Yes,One year,No,Electronic check,35.41,864.02,Yes
CUST-01425,Female,0,Yes,No,16,Yes,Yes,Fiber optic,No internet service,No,No,Two year,No,Credit card,60.79,926.67,No
CUST-01426,Male,0,No,Yes,25,Yes,No,DSL,No,Yes,No,Month-to-month,Yes,Bank transfer,79.88,2003.89,No
CUST-01427,Male,0,No,No,2,Yes,No phone service,No,No,No,No,Month-to-month,Yes,Mailed check,86.83,150.3,Yes
CUST-01428,Female,0,Yes,Yes,1,Yes,No,DSL,Yes,Yes,Yes,Month-to-month,No,Bank transfer,75.61,124.5,Yes
CUST-01429,Male,0,No,No,1,Yes,Yes,DSL,Yes,No internet service,No internet service,Month-to-month,Yes,Electronic check,36.22,84.65,Yes
CUST-01430,Male,1,No,Yes,21,Yes,No,DSL,No internet service,Yes,Yes,Two year,No,Credit card,66.12,1431.93,No
CUST-01431,Male,0,No,No,70,Yes,Yes,Fiber optic,No internet service,No,No internet service,One year,No,Electronic check,50.9,3514.42,Yes
CUST-01432,Female,0,No,No,3,Yes,No,DSL,No,Yes,No,Month-to-month,Yes,Mailed check,27.12,46.81,Yes
CUST-01433,Female,0,Yes,No,37,Yes,Yes,No,No internet service,No,Yes,Month-to-month,No,Bank transfer,57.53,2133.86,No
CUST-01434,Female,0,No,No,69,No,No,DSL,No,No,No,One year,Yes,Electronic check,80.1,5495.63,No
CUST-01435,Female,0,Yes,No,72,Yes,No phone service,No,No,No,No,One year,No,Mailed check,28.41,2081.01,No
CUST-01436,Female,0,No,No,51,Yes,No phone service,DSL,No,No,No,Month-to-month,No,Mailed check,34.83,1796.3,No
CUST-01437,Male,0,Yes,No,30,Yes,No,Fiber optic,No,Yes,Yes,Month-to-month,Yes,Electronic check,26.8,772.41,No
CUST-01438,Female,0,No,No,25,Yes,Yes,DSL,No,Yes,No internet service,One year,No,Mailed check,18.11,484.59,Yes
CUST-01439,Male,0,Yes,No,35,Yes,Yes,No,No,No internet service,No,Month-to-month,No,Bank transfer,113.52,3973.03,Yes
CUST-01440,Male,0,No,Yes,25,Yes,No,DSL,No,No internet service,Yes,Two year,Yes,Bank transfer,103.5,2608.47,Yes
CUST-01441,Female,1,Yes,No,27,Yes,No,Fiber optic,No,No,No,Month-to-month,No,Bank transfer,41.62,1087.72,Yes
CUST-01442,Female,0,No,Yes,4,Yes,Yes,DSL,No internet service,Yes,Yes,Month-to-month,No,Mailed check,76.92,309.47,Yes
CUST-01443,Male,0,No,No,17,Yes,Yes,No,No,Yes,Yes,Two year,No,Mailed check,99.76,1723.55,No
CUST-01444,Male,0,Yes,No,14,Yes,No phone service,DSL,No,No,Yes,Month-to-month,Yes,Bank transfer,55.39,760.02,No
CUST-01445,Male,0,Yes,No,56,Yes,No,DSL,No,No internet service,No internet service,Month-to-month,No,Bank transfer,93.38,5197.96,Yes
CUST-01446,Female,0,Yes,No,4,Yes,Yes,Fiber optic,Yes,No,Yes,Two year,Yes,Credit card,106.6,440.35,Yes
CUST-01447,Female,0,Yes,No,36,Yes,Yes,DSL,Yes,Yes,No,One year,Yes,Electronic check,68.86,2493.37,No
CUST-01448,Female,0,Yes,Yes,21,Yes,No,Fiber optic,No,No,Yes,Month-to-month,Yes,Bank transfer,108.58,2250.61,Yes
CUST-01449,Female,0,No,No,51,Yes,No,DSL,Yes,No internet service,Yes,Month-to-month,No,Mailed check,39.42,1967.36,No
CUST-01450,Female,0,Yes,Yes,14,No,No,Fiber optic,No,No,Yes,Month-to-month,Yes,Electronic check,109.95,1505.95,Yes
CUST-01451,Male,0,Yes,No,16,Yes,No phone service,Fiber optic,No,No internet service,No internet service,One year,Yes,Mailed check,100.16,1580.11,Yes
CUST-01452,Female,1,No,Yes,50,Yes,No,DSL,Yes,No,Yes,Month-to-month,Yes,Mailed check,103.69,5138.13,No
CUST-01453,Male,0,Yes,No,44,No,No phone service,Fiber optic,No,Yes,Yes,Month-to-month,Yes,Credit card,18.46,854.51,Yes
CUST-01454,Male,0,Yes,No,62,No,No,DSL,Yes,Yes,Yes,One year,Yes,Bank transfer,85.69,5285.83,No
CUST-01455,Male,1,Yes,Yes,27,Yes,No,Fiber optic,Yes,Yes,Yes,Month-to-month,Yes,Credit card,58.87,1613.38,No
CUST-01456,Female,1,No,No,58,Yes,No,Fiber optic,No,No,No internet service,One year,No,Electronic check,79.67,4612.33,Yes
CUST-01457,Female,0,Yes,No,20,Yes,Yes,No,No,No,No internet service,Month-to-month,Yes,Mailed check,26.53,530.8,No
CUST-01458,Female,0,No,No,41,No,Yes,DSL,No,No,Yes,Month-to-month,No,Mailed check,42.12,1730.61,No
CUST-01459,Male,0,No,No,68,Yes,No,Fiber optic,No,Yes,Yes,Two year,Yes,Bank transfer,53.83,3687.72,No
CUST-01460,Male,0,Yes,Yes,16,Yes,Yes,Fiber optic,No,No internet service,No,One year,No,Mailed check,91.28,1489.27,No
CUST-01461,Male,0,No,Yes,67,Yes,Yes,Fiber optic,Yes,Yes,Yes,Month-to-month,No,Mailed check,74.4,4948.93,No
CUST-01462,Male,0,Yes,No,6,Yes,No,Fiber optic,Yes,Yes,No internet service,One year,No,Credit card,19.49,97.27,Yes
CUST-01463,Male,0,Yes,No,39,No,No,DSL,No,Yes,Yes,Two year,Yes,Bank transfer,52.15,2041.15,No
CUST-01464,Male,0,Yes,No,39,Yes,Yes,Fiber optic,No,Yes,No,Two year,No,Bank transfer,113.88,4424.36,No
CUST-01465,Female,0,Yes,Yes,42,No,No,Fiber optic,No,No internet service,Yes,One year,Yes,Bank transfer,36.34,1489.56,No
CUST-01466,Female,0,Yes,Yes,72,Yes,No,Fiber optic,No,Yes,No internet service,One year,Yes,Mailed check,42.15,3025.64,No
CUST-01467,Female,0,No,No,50,No,Yes,DSL,No internet service,Yes,Yes,One year,Yes,Credit card,49.35,2439.34,No
CUST-01468,Female,0,No,Yes,72,Yes,No phone service,DSL,No,No,Yes,Month-to-month,Yes,Electronic check,45.33,3228.11,No
CUST-01469,Male,0,No,No,22,Yes,No,Fiber optic,No,No,No,One year,Yes,Mailed check,30.42,649.64,Yes
CUST-01470,Male,1,No,Yes,31,No,No phone service,Fiber optic,Yes,Yes,Yes,Two year,No,Credit card,49.89,1526.56,No
CUST-01471,Female,0,Yes,Yes,30,Yes,Yes,DSL,No,Yes,Yes,Month-to-month,No,Electronic check,73.02,2150.32,No
CUST-01472,Male,0,Yes,No,16,Yes,Yes,Fiber optic,No,Yes,Yes,One year,Yes,Mailed check,86.88,1398.49,No
CUST-01473,Female,0,No,No,57,Yes,No,Fiber optic,Yes,No internet service,No internet service,Two year,Yes,Mailed check,83.57,4744.92,No
CUST-01474,Female,0,Yes,No,34,Yes,No,DSL,Yes,No,Yes,Month-to-month,Yes,Electronic check,34.59,1143.39,Yes
CUST-01475,Female,1,No,Yes,29,Yes,Yes,Fiber optic,No internet service,No internet service,Yes,Month-to-month,No,Mailed check,80.68,2371.58,Yes
CUST-01476,Male,0,No,No,63,Yes,No phone service,No,No internet service,Yes,No internet service,Month-to-month,No,Mailed check,54.55,3386.91,Yes
CUST-01477,Female,0,No,No,52,Yes,No,DSL,No,No,No internet service,Month-to-month,Yes,Mailed check,101.83,5290.59,Yes
CUST-01478,Female,0,No,No,50,Yes,No,DSL,No internet service,No,No,Two year,No,Credit card,54.97,2741.99,No
CUST-01479,Female,0,Yes,No,36,Yes,No,Fiber optic,Yes,Yes,No,Month-to-month,Yes,Credit card,117.61,4251.07,Yes
CUST-01480,Male,0,Yes,No,5,Yes,Yes,DSL,No,No,No internet service,Month-to-month,Yes,Mailed check,80.71,392.49,Yes
CUST-01481,Male,0,No,No,33,Yes,No phone service,Fiber optic,Yes,No,Yes,Month-to-month,Yes,Credit card,61.76,2039.35,Yes
CUST-01482,Female,0,No,No,55,Yes,No,DSL,No,No,No,Two year,Yes,Mailed check,69.32,3853.45,No
CUST-01483,Male,0,No,No,24,No,Yes,DSL,No,No,Yes,One year,Yes,Credit card,35.95,829.63,Yes
CUST-01484,Male,0,No,Yes,12,Yes,Yes,DSL,Yes,No,Yes,Two year,Yes,Credit card,87.37,1008.99,No
CUST-01485,Male,1,No,No,62,Yes,No,DSL,No,No internet service,Yes,Two year,No,Credit card,116.23,7230.94,No
CUST-01486,Male,0,Yes,No,65,Yes,Yes,DSL,No,No internet service,No,Month-to-month,Yes,Electronic check,70.53,4608.74,Yes
CUST-01487,Male,0,No,No,4,Yes,No phone service,Fiber optic,No,No,No internet service,One year,Yes,Mailed check,119.22,518.84,Yes
CUST-01488,Male,0,No,No,10,Yes,No phone service,DSL,No internet service,No,No,One year,Yes,Electronic check,33.35,381.82,Yes
CUST-01489,Male,1,Yes,No,43,Yes,No,Fiber optic,No internet service,No,No,One year,No,Credit card,83.04,3559.16,Yes
CUST-01490,Male,0,Yes,No,68,Yes,No,DSL,Yes,Yes,No,Month-to-month,Yes,Credit card,87.15,5913.94,No
CUST-01491,Male,0,Yes,Yes,1,Yes,No,No,No,Yes,No,Month-to-month,Yes,Mailed check,49.8,90.27,No
CUST-01492,Male,0,Yes,No,39,Yes,Yes,DSL,No,No,No,One year,Yes,Bank transfer,53.86,2136.61,No
CUST-01493,Female,0,Yes,No,36,Yes,No,DSL,Yes,No,No,Two year,Yes,Mailed check,114.44,4107.38,No
CUST-01494,Female,0,Yes,No,48,No,Yes,DSL,No internet service,No internet service,Yes,Month-to-month,Yes,Bank transfer,80.42,3817.79,Yes
CUST-01495,Male,0,Yes,No,35,Yes,No,Fiber optic,Yes,No internet service,No,Month-to-month,Yes,Credit card,97.72,3428.32,Yes
CUST-01496,Female,0,Yes,Yes,72,Yes,Yes,Fiber optic,Yes,No internet service,Yes,Two year,Yes,Electronic check,92.05,6604.47,No
CUST-01497,Female,0,Yes,No,69,Yes,Yes,DSL,Yes,No internet service,No,One year,No,Mailed check,80.32,5582.94,No
CUST-01498,Male,0,No,Yes,33,Yes,Yes,DSL,No,No,No internet service,Month-to-month,No,Bank transfer,22.88,785.65,Yes
CUST-01499,Male,0,Yes,No,57,Yes,No,No,Yes,No,Yes,Month-to-month,No,Bank transfer,85.59,4918.73,No
CUST-01500,Male,0,No,No,36,Yes,No,No,No,No,Yes,Two year,No,Bank transfer,53.18,1872.57,Yes
CUST-01501,Female,0,No,No,59,Yes,Yes,Fiber optic,No,No,No internet service,One year,No,Mailed check,65.84,3921.02,Yes
CUST-01502,Female,0,No,No,11,Yes,No,Fiber optic,No,No,No internet service,Month-to-month,No,Mailed check,104.85,1162.66,Yes
CUST-01503,Male,0,No,No,31,Yes,Yes,Fiber optic,Yes,No,Yes,Month-to-month,Yes,Bank transfer,116.81,3592.65,Yes
CUST-01504,Male,0,No,No,3,Yes,No,DSL,No,No internet service,Yes,Month-to-month,No,Electronic check,88.82,246.59,Yes
CUST-01505,Male,0,No,No,32,Yes,No,Fiber optic,No,Yes,Yes,Two year,No,Bank transfer,41.66,1328.78,No
CUST-01506,Female,0,No,No,42,Yes,Yes,Fiber optic,No,Yes,No,One year,No,Electronic check,50.4,2129.56,Yes
CUST-01507,Female,0,No,Yes,8,Yes,Yes,Fiber optic,Yes,No,No internet service,Two year,No,Mailed check,32.09,229.99,No
CUST-01508,Female,0,Yes,No,50,Yes,No phone service,No,Yes,No internet service,Yes,Month-to-month,Yes,Mailed check,77.23,3832.2,No
CUST-01509,Female,0,No,No,19,No,No,Fiber optic,Yes,Yes,No,Month-to-month,Yes,Mailed check,112.85,2183.37,Yes
CUST-01510,Male,0,No,Yes,38,Yes,Yes,DSL,No,No internet service,No internet service,One year,Yes,Credit card,100.72,3861.88,No
CUST-01511,Male,0,No,No,22,Yes,No,DSL,Yes,No internet service,Yes,Month-to-month,Yes,Electronic check,73.45,1642.58,Yes
CUST-01512,Male,0,No,No,40,Yes,Yes,Fiber optic,No,No,Yes,One year,No,Credit card,114.02,4586.89,Yes
CUST-01513,Male,0,Yes,No,43,Yes,Yes,DSL,No,No internet service,No internet service,One year,No,Mailed check,109.47,4733.81,No
CUST-01514,Female,0,No,No,34,Yes,No,Fiber optic,No internet service,Yes,No,Month-to-month,No,Bank transfer,54.83,1906.63,No
CUST-01515,Female,0,Yes,No,22,Yes,Yes,DSL,No internet service,No,Yes,Two year,Yes,Bank transfer,74.08,1664.13,No
CUST-01516,Male,1,Yes,No,57,Yes,No,DSL,No internet service,No,No,One year,Yes,Credit card,48.19,2735.69,No
CUST-01517,Male,1,No,Yes,47,Yes,No,No,No internet service,No internet service,No internet service,Month-to-month,No,Bank transfer,18.89,884.96,No
CUST-01518,Female,0,No,No,57,Yes,Yes,No,No,No,Yes,Month-to-month,Yes,Mailed check,64.02,3659.6,No
CUST-01519,Male,0,Yes,No,56,Yes,No,Fiber optic,No internet service,No,Yes,One year,Yes,Credit card,94.51,5290.12,Yes
CUST-01520,Female,0,No,No,38,Yes,Yes,Fiber optic,No,No,Yes,Month-to-month,Yes,Bank transfer,82.69,3121.91,Yes
CUST-01521,Male,0,No,Yes,27,Yes,No,No,No,No,No internet service,Month-to-month,No,Credit card,112.54,3074.7,Yes
CUST-01522,Male,0,Yes,Yes,63,Yes,No,Fiber optic,No,No,Yes,One year,No,Electronic check,87.95,5571.19,Yes
CUST-01523,Male,0,Yes,Yes,61,Yes,No phone service,DSL,No,No internet service,Yes,Month-to-month,Yes,Credit card,32.41,1966.0,No
CUST-01524,Male,0,No,No,61,Yes,Yes,Fiber optic,No internet service,Yes,Yes,Two year,Yes,Electronic check,45.22,2719.89,Yes
CUST-01525,Male,0,No,No,25,Yes,Yes,Fiber optic,Yes,No,No internet service,Month-to-month,No,Electronic check,30.78,719.99,Yes
CUST-01526,Male,0,No,Yes,50,Yes,No,Fiber optic,Yes,Yes,Yes,Month-to-month,Yes,Electronic check,99.06,4912.24,No
CUST-01527,Male,0,Yes,No,49,No,Yes,DSL,No internet service,No internet service,No,Month-to-month,No,Bank transfer,114.97,5599.0,Yes
CUST-01528,Female,0,No,No,35,Yes,No,Fiber optic,No,Yes,Yes,One year,Yes,Electronic check,41.08,1453.58,No
CUST-01529,Female,0,Yes,No,25,Yes,Yes,DSL,No internet service,Yes,No internet service,Month-to-month,No,Bank transfer,96.08,2373.96,Yes
CUST-01530,Female,0,Yes,No,32,Yes,No,DSL,No internet service,No internet service,No,Two year,Yes,Mailed check,62.57,2015.72,No
CUST-01531,Female,0,No,Yes,67,Yes,Yes,DSL,Yes,No,Yes,Month-to-month,No,Bank transfer,54.23,3616.24,Yes
CUST-01532,Female,0,Yes,No,72,Yes,No,DSL,Yes,No,Yes,Two year,Yes,Credit card,118.66,8583.03,No
CUST-01533,Male,1,No,Yes,7,Yes,No,No,No,No internet service,Yes,Month-to-month,No,Bank transfer,53.28,369.87,No
CUST-01534,Male,0,No,No,65,Yes,Yes,Fiber optic,No internet service,No,Yes,Month-to-month,Yes,Bank transfer,85.43,5570.24,Yes
CUST-01535,Female,1,Yes,No,22,Yes,No,No,Yes,Yes,No internet service,One year,Yes,Bank transfer,90.71,1991.71,No
CUST-01536,Male,1,No,No,69,Yes,Yes,Fiber optic,Yes,Yes,Yes,One year,No,Mailed check,96.85,6723.9,No
CUST-01537,Female,0,Yes,No,54,Yes,Yes,Fiber optic,Yes,No,No,Month-to-month,Yes,Bank transfer,105.92,5738.42,No
CUST-01538,Female,0,Yes,No,42,No,Yes,Fiber optic,No,Yes,Yes,One year,No,Credit card,75.75,3195.72,Yes
CUST-01539,Male,0,No,No,20,No,No,Fiber optic,No,No,No,Month-to-month,No,Credit card,79.65,1602.23,Yes
CUST-01540,Male,1,No,No,21,Yes,Yes,Fiber optic,No internet service,No,Yes,Month-to-month,Yes,Electronic check,90.54,1950.2,Yes
CUST-01541,Male,0,No,Yes,8,Yes,Yes,Fiber optic,No,No,Yes,One year,Yes,Bank transfer,33.19,284.0,No
CUST-01542,Female,0,No,No,33,Yes,No phone service,No,No internet service,Yes,Yes,Two year,No,Mailed check,38.41,1292.94,No
CUST-01543,Male,0,Yes,No,58,Yes,Yes,No,No,No,No,One year,No,Electronic check,95.96,5523.85,Yes
CUST-01544,Female,0,Yes,No,25,Yes,No phone service,DSL,No,Yes,Yes,Month-to-month,Yes,Credit card,31.77,825.67,No
CUST-01545,Female,0,Yes,No,0,Yes,Yes,DSL,No,No,No internet service,One year,Yes,Electronic check,88.22,9.67,Yes
CUST-01546,Female,0,No,No,4,Yes,No,Fiber optic,No,No,No internet service,One year,Yes,Mailed check,21.31,68.91,Yes
CUST-01547,Male,0,Yes,No,40,No,No,DSL,Yes,Yes,No internet service,Month-to-month,No,Credit card,52.43,2105.37,Yes
CUST-01548,Male,1,Yes,No,62,No,No,DSL,No,No internet service,No internet service,Month-to-month,Yes,Credit card,85.55,5316.66,No
CUST-01549,Female,0,No,No,21,Yes,No phone service,DSL,No,No,No internet service,Month-to-month,Yes,Bank transfer,90.08,1867.7,Yes
CUST-01550,Male,1,No,Yes,67,No,No,Fiber optic,Yes,Yes,Yes,Month-to-month,No,Credit card,82.27,5505.8,No
CUST-01551,Male,0,No,No,47,Yes,Yes,Fiber optic,Yes,No internet service,Yes,Two year,No,Credit card,63.04,2985.01,No
CUST-01552,Male,0,Yes,No,65,Yes,No,Fiber optic,Yes,No,No,Month-to-month,Yes,Credit card,43.98,2831.28,Yes
CUST-01553,Female,0,No,No,15,Yes,No,No,Yes,No,No,Month-to-month,Yes,Bank transfer,80.56,1242.01,No
CUST-01554,Female,0,Yes,No,52,Yes,Yes,Fiber optic,No,Yes,No internet service,Month-to-month,No,Bank transfer,36.87,1874.99,No
CUST-01555,Male,0,Yes,No,64,Yes,No phone service,DSL,No,No,Yes,Month-to-month,No,Credit card,24.15,1553.72,Yes
CUST-01556,Female,0,Yes,No,63,No,No,Fiber optic,Yes,No,No,Two year,No,Mailed check,20.0,1247.97,No
CUST-01557,Male,0,Yes,No,67,Yes,Yes,DSL,No,Yes,No,Month-to-month,Yes,Mailed check,45.31,2991.1,No
CUST-01558,Male,1,Yes,Yes,62,Yes,No,No,No internet service,No,No internet service,Month-to-month,Yes,Electronic check,21.06,1333.17,Yes
CUST-01559,Male,1,No,No,61,Yes,No,DSL,Yes,No,No,Two year,Yes,Credit card,43.42,2653.27,No
CUST-01560,Male,0,Yes,No,70,Yes,No,No,Yes,Yes,Yes,One year,No,Credit card,47.52,3347.93,No
CUST-01561,Female,0,No,Yes,44,Yes,No,Fiber optic,No,No internet service,Yes,One year,No,Bank transfer,53.18,2327.93,No
CUST-01562,Female,0,Yes,No,51,Yes,Yes,No,No,Yes,No internet service,Month-to-month,Yes,Bank transfer,90.77,4665.23,No
CUST-01563,Female,0,Yes,No,64,Yes,No,Fiber optic,No,Yes,No internet service,Month-to-month,Yes,Mailed check,63.01,3991.01,Yes
CUST-01564,Male,1,No,No,1,Yes,No phone service,No,No,No internet service,No internet service,Two year,Yes,Mailed check,118.5,91.84,Yes
CUST-01565,Male,0,Yes,Yes,48,Yes,Yes,Fiber optic,No,Yes,No,One year,Yes,Electronic check,114.63,5531.7,No
CUST-01566,Male,0,Yes,Yes,21,Yes,No,Fiber optic,No internet service,No internet service,Yes,Month-to-month,No,Credit card,118.12,2525.99,Yes
CUST-01567,Female,1,No,No,28,Yes,Yes,Fiber optic,No internet service,No,No,Month-to-month,No,Bank transfer,60.05,1716.04,No
CUST-01568,Male,0,No,Yes,34,Yes,Yes,No,No,No,No internet service,Two year,No,Electronic check,22.51,738.43,No
CUST-01569,Female,1,Yes,No,23,Yes,No,No,No internet service,No,Yes,Two year,No,Electronic check,105.75,2417.1,No
CUST-01570,Female,0,Yes,Yes,29,No,Yes,DSL,No,Yes,No,One year,No,Mailed check,62.36,1834.99,No
CUST-01571,Female,0,Yes,No,41,Yes,No,DSL,No,No,Yes,One year,Yes,Credit card,83.4,3464.03,No
CUST-01572,Female,0,No,Yes,70,No,No,DSL,No,No internet service,No,Month-to-month,Yes,Credit card,104.03,7261.02,Yes
CUST-01573,Female,0,Yes,Yes,49,No,Yes,Fiber optic,No internet service,Yes,No,Two year,No,Bank transfer,79.95,3906.18,No
CUST-01574,Female,0,No,No,70,No,Yes,No,No internet service,No,No,One year,Yes,Credit card,93.16,6473.49,No
CUST-01575,Male,0,No,Yes,59,Yes,No phone service,DSL,Yes,No,Yes,Month-to-month,No,Electronic check,43.37,2559.27,Yes
CUST-01576,Male,0,Yes,No,29,Yes,Yes,Fiber optic,No,Yes,Yes,Month-to-month,Yes,Credit card,37.9,1057.92,Yes
CUST-01577,Female,0,No,No,11,Yes,No,Fiber optic,No internet service,No,No internet service,Two year,No,Credit card,74.64,779.6,No
CUST-01578,Female,0,Yes,No,48,Yes,No phone service,No,No,No,No internet service,Two year,Yes,Bank transfer,83.07,4013.49,No
CUST-01579,Male,0,Yes,No,45,Yes,No phone service,Fiber optic,Yes,Yes,Yes,One year,Yes,Mailed check,106.92,4795.79,No
CUST-01580,Female,0,No,Yes,42,Yes,No,DSL,Yes,No,Yes,Month-to-month,No,Electronic check,101.78,4318.32,No
CUST-01581,Female,0,No,Yes,1,No,Yes,No,No,No,No,One year,No,Bank transfer,118.88,140.49,No
CUST-01582,Male,0,No,No,53,Yes,Yes,DSL,No,Yes,Yes,One year,Yes,Bank transfer,116.57,6157.69,No
CUST-01583,Female,0,No,No,34,Yes,Yes,Fiber optic,Yes,No internet service,Yes,Month-to-month,Yes,Credit card,81.6,2792.59,Yes
CUST-01584,Female,0,No,No,51,Yes,No,DSL,No,Yes,No,Two year,No,Bank transfer,69.35,3573.41,No
CUST-01585,Female,0,No,No,32,Yes,Yes,DSL,No internet service,No,No,Month-to-month,No,Mailed check,95.59,3052.48,No
CUST-01586,Male,0,Yes,No,71,Yes,No,No,Yes,No,Yes,Month-to-month,Yes,Electronic check,44.66,3177.04,Yes
CUST-01587,Male,0,Yes,Yes,50,Yes,No,Fiber optic,Yes,No,No internet service,Month-to-month,Yes,Electronic check,53.94,2668.75,Yes
CUST-01588,Male,1,Yes,No,25,Yes,Yes,Fiber optic,No internet service,Yes,Yes,One year,Yes,Bank transfer,96.25,2396.47,Yes
CUST-01589,Female,0,No,No,61,Yes,Yes,Fiber optic,No internet service,No internet service,Yes,Month-to-month,Yes,Electronic check,114.9,7016.8,No
CUST-01590,Female,0,No,No,60,Yes,No,Fiber optic,Yes,No internet service,No,One year,Yes,Mailed check,109.33,6571.35,No
CUST-01591,Male,0,No,No,25,Yes,Yes,DSL,No,No,No,Month-to-month,No,Bank transfer,25.43,657.75,Yes
CUST-01592,Female,0,Yes,No,36,Yes,No,Fiber optic,No,Yes,No internet service,Two year,Yes,Bank transfer,41.66,1545.5,Yes
CUST-01593,Female,1,Yes,Yes,29,Yes,No phone service,Fiber optic,Yes,No internet service,Yes,Two year,Yes,Mailed check,45.88,1364.37,No
CUST-01594,Female,0,No,No,10,Yes,No phone service,No,No internet service,No internet service,Yes,Month-to-month,Yes,Bank transfer,57.09,606.06,Yes
CUST-01595,Female,0,No,No,52,Yes,No,Fiber optic,No,No,Yes,Month-to-month,Yes,Electronic check,25.21,1316.67,Yes
CUST-01596,Female,0,No,No,40,Yes,No,Fiber optic,No,No,Yes,One year,Yes,Electronic check,41.55,1626.42,Yes
CUST-01597,Male,0,No,Yes,4,Yes,No,Fiber optic,No,Yes,No,Month-to-month,Yes,Mailed check,91.05,377.75,Yes
CUST-01598,Female,0,Yes,Yes,65,Yes,No,DSL,No internet service,Yes,No,Two year,Yes,Credit card,42.93,2781.08,No
CUST-01599,Male,0,Yes,No,12,Yes,No,Fiber optic,Yes,Yes,No,Month-to-month,Yes,Credit card,114.14,1322.86,Yes
CUST-01600,Female,0,Yes,No,62,Yes,Yes,No,No,Yes,No internet service,Two year,Yes,Credit card,61.15,3760.79,No
CUST-01601,Male,0,No,No,24,Yes,Yes,DSL,No,No internet service,No,Month-to-month,No,Mailed check,28.17,701.99,No
CUST-01602,Female,0,Yes,No,43,Yes,No,DSL,Yes,No,Yes,One year,No,Credit card,103.95,4482.95,No
CUST-01603,Male,0,No,No,13,Yes,No phone service,Fiber optic,No internet service,Yes,Yes,One year,No,Electronic check,111.38,1495.78,No
CUST-01604,Female,0,No,No,68,Yes,No,DSL,Yes,No,No,Month-to-month,Yes,Bank transfer,112.67,7703.9,No
CUST-01605,Male,0,No,No,58,Yes,No,No,No,Yes,No,Two year,Yes,Credit card,68.38,3975.47,No
CUST-01606,Female,1,Yes,No,55,Yes,No,DSL,No internet service,No,No,Two year,No,Mailed check,111.89,6119.44,No
CUST-01607,Male,0,Yes,Yes,51,Yes,No,Fiber optic,No,No,No,Two year,No,Electronic check,90.34,4590.97,No
CUST-01608,Female,1,No,Yes,65,Yes,No,Fiber optic,No,Yes,Yes,One year,No,Credit card,37.95,2440.05,Yes
CUST-01609,Male,0,Yes,No,67,Yes,No phone service,DSL,No internet service,Yes,Yes,Month-to-month,Yes,Credit card,72.39,4847.18,Yes
CUST-01610,Male,0,No,No,11,Yes,No,No,No,No,No internet service,Month-to-month,Yes,Electronic check,62.15,713.71,Yes
CUST-01611,Female,0,No,Yes,67,Yes,Yes,Fiber optic,Yes,No,No internet service,Month-to-month,Yes,Mailed check,64.01,4320.85,Yes
CUST-01612,Female,0,No,Yes,42,No,No,DSL,No,No,No internet service,One year,Yes,Bank transfer,60.16,2494.53,No
CUST-01613,Male,0,Yes,No,72,Yes,Yes,DSL,No,No internet service,No internet service,Month-to-month,Yes,Electronic check,35.88,2588.27,No
CUST-01614,Female,0,Yes,Yes,5,No,No,Fiber optic,No,No,Yes,Month-to-month,Yes,Bank transfer,57.78,306.57,Yes
CUST-01615,Male,0,No,No,14,Yes,No,DSL,No,No,Yes,Month-to-month,No,Credit card,70.22,972.74,No
CUST-01616,Male,1,Yes,No,41,Yes,No,Fiber optic,Yes,No internet service,No internet service,Month-to-month,No,Electronic check,47.14,1973.28,Yes
CUST-01617,Male,0,Yes,Yes,30,Yes,Yes,Fiber optic,No,Yes,No internet service,Month-to-month,Yes,Credit card,36.04,1067.1,No
CUST-01618,Female,0,Yes,No,52,No,Yes,Fiber optic,No,Yes,Yes,One year,Yes,Credit card,38.22,1986.45,No
CUST-01619,Male,0,Yes,Yes,5,Yes,Yes,DSL,Yes,No internet service,No,One year,Yes,Credit card,37.68,197.08,Yes
CUST-01620,Male,0,No,No,32,Yes,No,Fiber optic,No internet service,No internet service,Yes,Month-to-month,No,Credit card,63.57,2026.98,Yes
CUST-01621,Female,0,Yes,Yes,28,Yes,Yes,DSL,No,Yes,No internet service,Month-to-month,No,Credit card,39.33,1147.6,Yes
CUST-01622,Female,0,No,Yes,20,Yes,No,Fiber optic,No,No internet service,No,Month-to-month,No,Mailed check,91.17,1849.45,No
CUST-01623,Female,1,No,Yes,53,Yes,No phone service,Fiber optic,No internet service,Yes,No,Month-to-month,No,Credit card,52.23,2801.1,No
CUST-01624,Female,0,Yes,Yes,55,Yes,Yes,DSL,Yes,No internet service,No,One year,Yes,Electronic check,113.82,6285.36,Yes
CUST-01625,Male,0,No,Yes,20,Yes,No,DSL,No,Yes,No,One year,Yes,Bank transfer,24.4,496.81,No
CUST-01626,Male,0,No,No,54,Yes,No,DSL,No internet service,Yes,Yes,Month-to-month,No,Electronic check,49.62,2632.3,No
CUST-01627,Male,1,Yes,No,57,No,No,Fiber optic,Yes,No,Yes,One year,No,Electronic check,93.31,5345.14,No
CUST-01628,Male,0,No,No,63,Yes,No phone service,Fiber optic,No internet service,No internet service,No internet service,Two year,Yes,Mailed check,87.85,5545.82,No
CUST-01629,Female,0,No,No,45,No,No,Fiber optic,No,No internet service,Yes,One year,Yes,Credit card,60.9,2698.57,No
CUST-01630,Male,0,Yes,No,21,Yes,No,No,No,No internet service,Yes,Month-to-month,Yes,Bank transfer,106.76,2203.82,No
CUST-01631,Male,0,Yes,No,59,Yes,No,Fiber optic,Yes,No,No internet service,Month-to-month,No,Bank transfer,25.28,1489.64,Yes
CUST-01632,Female,0,Yes,No,10,Yes,Yes,Fiber optic,No internet service,No,No,Month-to-month,No,Credit card,69.93,734.58,Yes
CUST-01633,Male,0,Yes,No,46,Yes,Yes,DSL,No,Yes,No internet service,Month-to-month,Yes,Bank transfer,38.44,,No
CUST-01634,Male,0,Yes,No,30,Yes,Yes,DSL,No,Yes,Yes,Month-to-month,No,Mailed check,56.14,1726.16,No
CUST-01635,Male,0,No,No,17,Yes,Yes,DSL,No internet service,No,No internet service,One year,No,Credit card,89.3,1549.67,Yes
CUST-01636,Male,0,No,No,21,Yes,No,Fiber optic,No,No,No internet service,Month-to-month,Yes,Bank transfer,28.1,603.18,No
CUST-01637,Male,0,Yes,No,55,Yes,No phone service,DSL,No,No internet service,Yes,One year,Yes,Electronic check,22.46,1216.64,No
CUST-01638,Male,0,Yes,No,16,Yes,No,Fiber optic,No internet service,Yes,No,Month-to-month,No,Bank transfer,60.92,1009.99,Yes
CUST-01639,Female,0,No,No,37,Yes,Yes,Fiber optic,No,No,Yes,Month-to-month,Yes,Electronic check,45.69,1706.45,Yes
CUST-01640,Female,0,Yes,No,24,No,Yes,DSL,No,No internet service,No,Month-to-month,No,Credit card,91.49,2201.04,Yes
CUST-01641,Male,0,Yes,No,31,Yes,No,Fiber optic,Yes,No,No,Month-to-month,Yes,Electronic check,24.69,765.45,Yes
CUST-01642,Male,0,No,No,14,Yes,Yes,DSL,No,No,No internet service,Month-to-month,Yes,Electronic check,116.58,1603.4,Yes
CUST-01643,Female,0,No,No,12,Yes,No,Fiber optic,No,No,Yes,Month-to-month,Yes,Mailed check,81.32,927.41,No
CUST-01644,Male,1,No,Yes,57,Yes,No,Fiber optic,Yes,No internet service,Yes,Month-to-month,Yes,Mailed check,69.13,3962.06,Yes
CUST-01645,Male,0,Yes,Yes,49,Yes,No,Fiber optic,Yes,Yes,Yes,Month-to-month,No,Credit card,60.08,2985.88,Yes
CUST-01646,Male,0,No,No,10,No,Yes,DSL,No,No,No,One year,No,Mailed check,94.4,912.37,Yes
CUST-01647,Female,0,Yes,No,12,Yes,Yes,DSL,No,Yes,No internet service,One year,No,Credit card,54.35,695.67,No
CUST-01648,Male,0,No,Yes,49,Yes,Yes,Fiber optic,No,No internet service,Yes,One year,Yes,Mailed check,97.25,4722.44,No
CUST-01649,Female,0,Yes,No,37,Yes,No,DSL,No internet service,Yes,Yes,Two year,No,Electronic check,90.49,3353.38,No
CUST-01650,Male,0,Yes,No,0,Yes,No phone service,No,No,No,Yes,Two year,No,Credit card,74.24,0.0,No
CUST-01651,Female,0,Yes,No,38,No,Yes,Fiber optic,No internet service,No,Yes,Month-to-month,No,Electronic check,108.64,4167.23,Yes
CUST-01652,Female,0,No,Yes,26,Yes,Yes,No,Yes,No,No,Month-to-month,No,Bank transfer,53.29,1345.86,Yes
CUST-01653,Male,0,No,Yes,35,Yes,No,No,No,No,Yes,Month-to-month,Yes,Credit card,23.9,811.61,Yes
CUST-01654,Female,0,No,No,31,Yes,Yes,Fiber optic,Yes,Yes,No internet service,Month-to-month,Yes,Credit card,56.37,1778.06,Yes
CUST-01655,Male,0,Yes,No,40,Yes,No,DSL,No internet service,Yes,Yes,One year,No,Credit card,107.28,4310.05,No
CUST-01656,Female,0,No,No,14,Yes,Yes,Fiber optic,No,No internet service,No internet service,One year,No,Mailed check,25.89,351.27,No
CUST-01657,Male,1,No,No,30,Yes,No phone service,DSL,No,No,Yes,Month-to-month,No,Bank transfer,95.84,2908.88,Yes
CUST-01658,Male,1,Yes,No,5,Yes,No phone service,Fiber optic,No,No internet service,No internet service,One year,Yes,Mailed check,102.18,524.47,Yes
CUST-01659,Female,0,Yes,Yes,51,No,No,DSL,No,No,No internet service,One year,No,Mailed check,61.65,3120.13,No
CUST-01660,Male,0,No,No,21,Yes,Yes,Fiber optic,No internet service,Yes,No internet service,Month-to-month,No,Bank transfer,37.84,818.67,Yes
CUST-01661,Male,0,No,No,30,Yes,Yes,DSL,No,No,No internet service,One year,Yes,Credit card,54.26,1611.11,Yes
CUST-01662,Female,0,No,No,72,Yes,No,DSL,No,Yes,Yes,Two year,Yes,Mailed check,58.64,4253.65,No
CUST-01663,Male,0,Yes,No,45,Yes,No,Fiber optic,No internet service,No internet service,Yes,Month-to-month,Yes,Bank transfer,113.09,5117.21,Yes
CUST-01664,Male,0,No,No,66,Yes,No,No,No internet service,No,No,Month-to-month,Yes,Electronic check,47.03,3084.83,Yes
CUST-01665,Female,0,Yes,No,42,Yes,No,DSL,Yes,No,No internet service,One year,Yes,Credit card,117.21,4883.19,Yes
CUST-01666,Female,0,Yes,No,0,No,Yes,Fiber optic,No,No internet service,Yes,Month-to-month,Yes,Electronic check,29.1,32.08,Yes
CUST-01667,Male,0,No,No,43,Yes,No phone service,Fiber optic,No,No,No internet service,Two year,Yes,Credit card,117.35,5032.49,No
CUST-01668,Male,0,No,No,56,Yes,Yes,DSL,No,No internet service,No,One year,Yes,Credit card,40.78,2266.21,No
CUST-01669,Female,0,Yes,Yes,8,Yes,Yes,Fiber optic,No,Yes,Yes,Month-to-month,No,Bank transfer,35.11,232.7,Yes
CUST-01670,Female,0,Yes,No,4,No,Yes,Fiber optic,No,No internet service,Yes,Month-to-month,Yes,Bank transfer,30.25,143.59,Yes
CUST-01671,Male,1,No,Yes,8,Yes,No,DSL,No internet service,No internet service,Yes,Month-to-month,Yes,Electronic check,50.26,379.49,No
CUST-01672,Female,0,No,Yes,44,Yes,Yes,Fiber optic,No,No,Yes,One year,No,Electronic check,80.89,3552.75,Yes
CUST-01673,Male,0,No,No,23,Yes,No,Fiber optic,No,No,No,One year,No,Mailed check,85.97,2017.29,Yes
CUST-01674,Male,1,Yes,Yes,41,Yes,Yes,DSL,No internet service,No internet service,Yes,Month-to-month,Yes,Mailed check,55.74,2247.87,No
CUST-01675,Male,1,Yes,Yes,21,No,Yes,Fiber optic,Yes,No,No,Two year,Yes,Credit card,41.54,826.14,No
CUST-01676,Male,0,No,No,59,Yes,No,Fiber optic,No,Yes,No,One year,Yes,Electronic check,119.49,7055.96,Yes
CUST-01677,Male,0,Yes,No,36,Yes,Yes,Fiber optic,Yes,No internet service,No internet service,Month-to-month,No,Mailed check,45.6,1661.59,Yes
CUST-01678,Female,0,Yes,No,38,Yes,Yes,Fiber optic,No internet service,No,No,Two year,Yes,Bank transfer,56.59,2153.24,No
CUST-01679,Female,0,No,Yes,52,Yes,No,DSL,No internet service,No,No,One year,Yes,Bank transfer,67.06,3471.08,Yes
CUST-01680,Female,0,Yes,Yes,27,Yes,Yes,No,Yes,Yes,No internet service,Two year,Yes,Electronic check,93.44,2509.02,Yes
CUST-01681,Female,0,No,Yes,14,Yes,Yes,Fiber optic,Yes,Yes,Yes,Month-to-month,Yes,Bank transfer,33.51,434.1,Yes
CUST-01682,Male,0,No,No,59,Yes,No phone service,Fiber optic,No,No,Yes,Month-to-month,No,Mailed check,45.15,2645.02,Yes
CUST-01683,Male,0,Yes,Yes,59,Yes,No phone service,DSL,No,No,No internet service,Month-to-month,Yes,Mailed check,119.68,7087.01,Yes
CUST-01684,Male,0,Yes,No,5,Yes,Yes,Fiber optic,No,No internet service,Yes,Month-to-month,Yes,Electronic check,102.17,510.76,Yes
CUST-01685,Male,0,No,No,51,Yes,Yes,Fiber optic,No,No,Yes,Two year,No,Mailed check,63.28,3266.36,No
CUST-01686,Female,0,Yes,Yes,11,No,Yes,No,No,No internet service,No,Month-to-month,Yes,Electronic check,29.09,286.79,Yes
CUST-01687,Male,0,No,No,18,Yes,No,Fiber optic,No,Yes,Yes,Month-to-month,Yes,Mailed check,106.4,1909.44,Yes
CUST-01688,Male,0,Yes,No,1,Yes,No,Fiber optic,Yes,Yes,No,Month-to-month,Yes,Mailed check,97.87,118.03,Yes
CUST-01689,Female,0,Yes,No,54,Yes,Yes,DSL,Yes,No,Yes,Month-to-month,Yes,Mailed check,77.23,4147.65,No
CUST-01690,Female,0,Yes,Yes,14,No,No,No,Yes,Yes,No,Month-to-month,No,Electronic check,59.25,806.18,No
CUST-01691,Female,1,No,No,63,Yes,No,Fiber optic,No,No,No internet service,Month-to-month,Yes,Electronic check,113.43,7106.65,Yes
CUST-01692,Female,0,Yes,No,68,Yes,Yes,No,Yes,No,No,Month-to-month,Yes,Mailed check,48.16,3314.17,Yes
CUST-01693,Male,0,No,No,14,Yes,Yes,Fiber optic,No,No,No,Month-to-month,Yes,Mailed check,50.73,,Yes
CUST-01694,Male,0,No,Yes,42,Yes,Yes,Fiber optic,No,Yes,Yes,Two year,No,Mailed check,107.3,4553.61,No
CUST-01695,Female,0,No,No,16,Yes,No phone service,Fiber optic,No internet service,Yes,No,One year,Yes,Bank transfer,81.89,1305.12,No
CUST-01696,Male,0,Yes,No,23,No,No,Fiber optic,No,Yes,Yes,Month-to-month,Yes,Credit card,114.99,2692.95,Yes
CUST-01697,Male,0,No,No,29,Yes,Yes,Fiber optic,Yes,No,No,Month-to-month,No,Credit card,83.79,2383.95,Yes
CUST-01698,Male,0,No,No,66,Yes,No,DSL,No internet service,Yes,No,Month-to-month,No,Bank transfer,21.37,1417.13,Yes
CUST-01699,Female,0,Yes,Yes,50,Yes,No,Fiber optic,Yes,No internet service,No,Two year,No,Credit card,36.03,1820.58,No
CUST-01700,Male,1,No,Yes,59,Yes,Yes,Fiber optic,No,No,No internet service,One year,Yes,Credit card,46.74,2759.29,No
CUST-01701,Female,0,No,No,2,Yes,No,Fiber optic,No internet service,No internet service,Yes,Month-to-month,No,Credit card,106.46,219.93,Yes
CUST-01702,Male,0,Yes,Yes,4,Yes,No,Fiber optic,No,No,No,Two year,Yes,Mailed check,102.75,414.84,No
CUST-01703,Male,1,No,No,27,Yes,Yes,Fiber optic,No,No internet service,No,One year,Yes,Bank transfer,98.61,2627.42,Yes
CUST-01704,Male,0,Yes,Yes,10,Yes,Yes,DSL,No,No,No,Month-to-month,Yes,Mailed check,74.46,747.79,No
CUST-01705,Female,0,No,No,71,Yes,Yes,DSL,Yes,No,Yes,Month-to-month,No,Credit card,32.17,2288.24,No
CUST-01706,Male,0,No,No,71,Yes,Yes,Fiber optic,No,Yes,Yes,One year,Yes,Bank transfer,31.38,2213.54,Yes
CUST-01707,Female,0,Yes,No,14,Yes,No,DSL,No,No internet service,No internet service,Month-to-month,Yes,Bank transfer,30.86,442.79,Yes
CUST-01708,Female,0,No,No,47,Yes,Yes,DSL,Yes,No,No,Month-to-month,Yes,Mailed check,105.17,4934.18,No
CUST-01709,Female,0,No,No,45,Yes,No,Fiber optic,Yes,Yes,No,One year,Yes,Electronic check,32.44,1485.32,No
CUST-01710,Male,0,No,No,27,Yes,Yes,DSL,No,Yes,No internet service,Two year,No,Bank transfer,100.47,2666.51,No
CUST-01711,Male,0,Yes,Yes,6,Yes,No,Fiber optic,No,Yes,Yes,Two year,No,Electronic check,104.16,575.96,Yes
CUST-01712,Male,0,Yes,No,70,Yes,Yes,DSL,No internet service,No,No internet service,Month-to-month,Yes,Credit card,28.71,2012.09,Yes
CUST-01713,Male,0,Yes,No,5,No,No,No,No,No,Yes,One year,No,Bank transfer,110.0,598.92,Yes
CUST-01714,Female,0,Yes,Yes,57,Yes,No,Fiber optic,No,No,No,Two year,Yes,Electronic check,109.55,6238.9,No
CUST-01715,Female,0,Yes,No,67,Yes,No,DSL,No,No,No,One year,No,Electronic check,83.1,5518.89,No
CUST-01716,Female,0,No,Yes,54,Yes,No,Fiber optic,Yes,No,No,One year,Yes,Mailed check,70.33,3779.53,Yes
CUST-01717,Male,0,Yes,No,66,Yes,Yes,DSL,No,Yes,Yes,Month-to-month,Yes,Electronic check,84.03,5542.71,No
CUST-01718,Female,0,Yes,Yes,48,Yes,No phone service,No,No,Yes,No,Two year,Yes,Credit card,59.29,2886.03,No
CUST-01719,Male,0,Yes,No,50,Yes,No,Fiber optic,No,No internet service,Yes,One year,Yes,Credit card,78.04,3864.13,No
CUST-01720,Female,0,No,Yes,58,Yes,No,Fiber optic,No internet service,Yes,Yes,Month-to-month,No,Bank transfer,116.89,6822.06,No
CUST-01721,Male,0,No,No,5,Yes,No,Fiber optic,No internet service,No internet service,Yes,Two year,No,Mailed check,29.56,191.82,Yes
CUST-01722,Male,1,Yes,No,50,No,Yes,No,Yes,Yes,No,Two year,No,Mailed check,41.85,2106.6,No
CUST-01723,Female,0,No,No,37,Yes,Yes,Fiber optic,No internet service,No,No,Month-to-month,No,Mailed check,71.46,2616.54,No
CUST-01724,Female,0,No,No,10,Yes,No,DSL,No,No,Yes,One year,Yes,Credit card,44.38,447.47,No
CUST-01725,Female,0,No,No,51,Yes,No phone service,DSL,Yes,Yes,Yes,One year,Yes,Electronic check,119.26,6113.93,Yes
CUST-01726,Female,0,No,Yes,19,Yes,Yes,Fiber optic,No,No,Yes,Month-to-month,No,Credit card,91.47,1723.73,No
CUST-01727,Male,0,Yes,No,9,Yes,No,No,No,No,No,Month-to-month,Yes,Credit card,62.27,600.96,Yes
CUST-01728,Female,0,Yes,Yes,25,Yes,No,DSL,No,No,No,Two year,Yes,Electronic check,110.08,2710.69,Yes
CUST-01729,Female,0,No,Yes,47,Yes,No phone service,No,No,No internet service,No,Month-to-month,No,Credit card,32.73,1519.03,No
CUST-01730,Female,0,No,No,13,Yes,Yes,No,Yes,Yes,No internet service,Month-to-month,Yes,Bank transfer,47.37,665.13,Yes
CUST-01731,Male,0,No,Yes,58,Yes,Yes,Fiber optic,Yes,No,No,Month-to-month,Yes,Bank transfer,115.51,6707.97,Yes
CUST-01732,Male,0,No,No,11,Yes,Yes,Fiber optic,Yes,Yes,No internet service,Month-to-month,Yes,Bank transfer,74.81,831.94,Yes
CUST-01733,Female,1,Yes,No,22,Yes,No,DSL,No internet service,No,No,Month-to-month,Yes,Bank transfer,111.91,2436.01,Yes
CUST-01734,Male,0,No,No,71,Yes,No phone service,No,No internet service,Yes,Yes,Two year,Yes,Bank transfer,118.39,8441.45,No
CUST-01735,Female,0,Yes,No,38,Yes,No,Fiber optic,No internet service,No,No,Month-to-month,Yes,Mailed check,54.74,2073.03,Yes
CUST-01736,Male,0,No,No,8,Yes,No phone service,Fiber optic,No,Yes,Yes,One year,Yes,Credit card,76.8,643.75,No
CUST-01737,Male,0,Yes,No,24,Yes,No,No,Yes,No,No,Month-to-month,Yes,Electronic check,104.36,2535.71,Yes
CUST-01738,Male,0,No,No,16,Yes,No,DSL,No internet service,No,No internet service,One year,No,Mailed check,45.82,700.61,No
CUST-01739,Male,0,Yes,Yes,41,No,Yes,No,No internet service,No internet service,Yes,Two year,No,Electronic check,63.57,2606.55,No
CUST-01740,Female,0,Yes,No,28,Yes,Yes,DSL,Yes,No,Yes,Two year,No,Credit card,33.64,930.32,No
CUST-01741,Female,0,Yes,No,59,Yes,Yes,Fiber optic,No,No,No,Month-to-month,Yes,Mailed check,84.56,4954.52,Yes
CUST-01742,Female,0,No,No,66,Yes,Yes,Fiber optic,Yes,Yes,No,Two year,Yes,Electronic check,18.43,1178.72,No
CUST-01743,Male,0,Yes,No,56,Yes,Yes,Fiber optic,No internet service,Yes,No,Month-to-month,No,Bank transfer,63.83,3529.06,Yes
CUST-01744,Female,0,No,No,71,Yes,Yes,Fiber optic,Yes,No internet service,Yes,Two year,Yes,Mailed check,112.77,,No
CUST-01745,Female,1,Yes,Yes,13,Yes,Yes,No,No internet service,No,Yes,Two year,Yes,Bank transfer,109.52,1451.98,No
CUST-01746,Female,0,Yes,Yes,38,Yes,No,DSL,Yes,No,No,Month-to-month,No,Mailed check,99.98,3796.38,No
CUST-01747,Male,0,No,Yes,15,Yes,Yes,DSL,No,Yes,No,One year,No,Credit card,32.4,492.39,Yes
CUST-01748,Male,0,Yes,Yes,17,Yes,No,DSL,No,Yes,No,Two year,No,Mailed check,71.07,1184.39,No
CUST-01749,Male,1,No,Yes,19,Yes,No,Fiber optic,No,No internet service,No,Month-to-month,No,Credit card,91.35,1757.13,Yes
CUST-01750,Female,0,No,No,45,Yes,No,Fiber optic,No,No,No,Month-to-month,No,Mailed check,28.32,1282.8,Yes
CUST-01751,Female,0,No,No,44,Yes,No,Fiber optic,No,No,Yes,Month-to-month,Yes,Credit card,32.99,1489.79,Yes
CUST-01752,Female,0,No,No,3,Yes,No,No,Yes,No internet service,Yes,Month-to-month,Yes,Bank transfer,22.09,90.88,No
CUST-01753,Male,0,Yes,Yes,19,Yes,No phone service,No,No,No,No,Two year,No,Credit card,50.95,919.94,No
CUST-01754,Male,0,Yes,No,10,Yes,Yes,DSL,Yes,No,No,Month-to-month,Yes,Bank transfer,107.49,1105.88,Yes
CUST-01755,Female,0,No,No,64,Yes,Yes,Fiber optic,Yes,No,Yes,Two year,Yes,Mailed check,69.76,4417.35,No
CUST-01756,Male,1,Yes,No,17,Yes,Yes,DSL,No,No,Yes,Month-to-month,Yes,Mailed check,105.03,1816.89,Yes
CUST-01757,Male,0,Yes,No,38,Yes,No,No,Yes,Yes,No internet service,One year,No,Mailed check,26.53,1056.87,Yes
CUST-01758,Male,0,No,No,43,Yes,Yes,No,No internet service,No,Yes,Two year,No,Mailed check,23.72,1018.05,No
CUST-01759,Male,0,Yes,No,17,Yes,No,No,No internet service,Yes,No internet service,Month-to-month,Yes,Bank transfer,100.0,1672.69,Yes
CUST-01760,Female,0,No,No,46,Yes,Yes,Fiber optic,No,No,No internet service,Month-to-month,No,Electronic check,68.77,3114.38,Yes
CUST-01761,Male,1,Yes,Yes,30,Yes,No,Fiber optic,Yes,Yes,No,Month-to-month,Yes,Electronic check,66.03,1945.93,Yes
CUST-01762,Male,0,Yes,No,38,Yes,No,Fiber optic,Yes,Yes,No,Month-to-month,No,Credit card,66.52,2528.14,Yes
CUST-01763,Male,0,No,Yes,37,Yes,Yes,Fiber optic,No internet service,No internet service,No,One year,No,Mailed check,56.87,2134.85,No
CUST-01764,Male,0,Yes,No,46,Yes,No,DSL,Yes,No,Yes,Month-to-month,No,Mailed check,108.41,5024.01,No
CUST-01765,Female,0,Yes,No,69,Yes,No,No,No internet service,Yes,No,Two year,Yes,Electronic check,71.14,4927.02,No
CUST-01766,Female,0,No,Yes,7,Yes,No,Fiber optic,Yes,No internet service,No internet service,Two year,Yes,Electronic check,117.34,780.06,Yes
CUST-01767,Male,0,Yes,Yes,64,Yes,Yes,No,No,No,No,Month-to-month,Yes,Mailed check,104.35,6727.53,No
CUST-01768,Male,0,No,Yes,12,Yes,No,No,No,Yes,No internet service,Month-to-month,Yes,Mailed check,93.23,1143.47,Yes
CUST-01769,Male,1,Yes,Yes,54,Yes,Yes,No,No internet service,No,No internet service,Month-to-month,No,Electronic check,82.89,4468.71,Yes
CUST-01770,Male,0,No,Yes,42,Yes,Yes,Fiber optic,Yes,No,Yes,Two year,No,Bank transfer,103.19,4365.35,No
CUST-01771,Male,1,No,Yes,3,Yes,Yes,DSL,Yes,No,No,One year,No,Mailed check,107.94,332.68,Yes
CUST-01772,Male,0,No,Yes,70,Yes,No phone service,DSL,No,No internet service,No,Month-to-month,Yes,Electronic check,31.59,2221.58,Yes
CUST-01773,Female,0,No,Yes,59,Yes,Yes,Fiber optic,Yes,Yes,No internet service,Month-to-month,Yes,Bank transfer,54.69,3273.84,No
CUST-01774,Male,0,No,No,11,Yes,Yes,DSL,Yes,Yes,Yes,Month-to-month,Yes,Electronic check,100.16,1131.87,Yes
CUST-01775,Female,0,Yes,No,58,Yes,No phone service,DSL,Yes,Yes,No,Month-to-month,Yes,Mailed check,40.57,2329.28,Yes
CUST-01776,Female,0,Yes,Yes,53,Yes,No,Fiber optic,No,Yes,No,Month-to-month,Yes,Credit card,77.79,4090.39,No
CUST-01777,Male,0,No,No,43,Yes,No,No,No,No,No,Two year,Yes,Electronic check,97.61,4164.46,Yes
CUST-01778,Female,0,Yes,No,15,Yes,Yes,No,No internet service,No internet service,Yes,Month-to-month,Yes,Credit card,40.84,608.05,Yes
CUST-01779,Female,0,No,No,5,Yes,Yes,DSL,Yes,No,No internet service,Month-to-month,Yes,Credit card,59.01,283.91,Yes
CUST-01780,Female,0,Yes,Yes,13,Yes,No phone service,No,Yes,Yes,No,Two year,No,Mailed check,111.34,1442.7,No
CUST-01781,Female,0,Yes,No,57,Yes,No,Fiber optic,No,No internet service,No,Two year,No,Bank transfer,54.31,3051.94,No
CUST-01782,Female,0,No,No,30,Yes,No,Fiber optic,Yes,No,Yes,One year,Yes,Credit card,79.68,2360.61,Yes
CUST-01783,Female,0,No,No,40,No,No phone service,DSL,No,No,No,One year,Yes,Bank transfer,62.25,2519.75,No
CUST-01784,Male,0,Yes,No,34,Yes,No,Fiber optic,No,Yes,No internet service,Month-to-month,Yes,Mailed check,107.46,3679.4,No
CUST-01785,Female,0,Yes,No,9,Yes,Yes,Fiber optic,Yes,Yes,Yes,Two year,No,Mailed check,61.26,540.67,Yes
CUST-01786,Female,1,No,No,29,Yes,Yes,Fiber optic,No,Yes,No internet service,Two year,Yes,Mailed check,54.64,1573.61,No
CUST-01787,Female,0,Yes,No,43,Yes,Yes,Fiber optic,No internet service,Yes,No,Two year,No,Bank transfer,35.67,1572.19,No
CUST-01788,Male,0,Yes,No,54,Yes,No,No,No internet service,No,No internet service,Month-to-month,Yes,Electronic check,53.62,2863.67,Yes
CUST-01789,Female,0,No,No,70,Yes,No phone service,No,No,Yes,No,Month-to-month,No,Credit card,86.29,6026.02,No
CUST-01790,Male,0,Yes,No,17,Yes,No,No,No,Yes,Yes,Month-to-month,No,Mailed check,35.93,637.16,No
CUST-01791,Female,0,No,Yes,38,Yes,No phone service,DSL,No,No,Yes,One year,Yes,Credit card,89.95,3425.56,No
CUST-01792,Male,0,No,No,41,Yes,No,Fiber optic,No internet service,No internet service,Yes,Month-to-month,No,Bank transfer,19.09,738.72,Yes
CUST-01793,Male,1,No,Yes,53,No,No phone service,Fiber optic,No internet service,No,Yes,One year,No,Bank transfer,55.43,2888.97,No
CUST-01794,Female,0,Yes,No,29,Yes,No phone service,Fiber optic,No internet service,Yes,No,Month-to-month,No,Credit card,65.53,1852.28,Yes
CUST-01795,Female,0,Yes,No,19,Yes,No,No,No,Yes,Yes,One year,Yes,Electronic check,27.8,543.8,No
CUST-01796,Male,0,No,Yes,41,No,No,DSL,Yes,No,No internet service,One year,Yes,Mailed check,87.78,3611.23,No
CUST-01797,Female,0,No,No,4,Yes,No,No,No internet service,No,No,Month-to-month,No,Electronic check,28.48,68.37,Yes
CUST-01798,Male,0,Yes,Yes,49,Yes,No,Fiber optic,No internet service,No,No internet service,Two year,Yes,Credit card,27.18,1295.02,No
CUST-01799,Male,0,Yes,No,40,Yes,No,DSL,No internet service,Yes,No,Month-to-month,No,Mailed check,55.53,2243.46,Yes
CUST-01800,Male,0,Yes,Yes,38,No,No,Fiber optic,No,Yes,No,Month-to-month,Yes,Mailed check,93.31,3526.74,Yes
CUST-01801,Male,1,No,No,56,Yes,Yes,DSL,No,No internet service,Yes,Month-to-month,Yes,Credit card,116.29,6561.41,No
CUST-01802,Male,0,No,No,56,Yes,No,Fiber optic,Yes,No internet service,No,One year,No,Mailed check,97.15,5421.65,Yes
CUST-01803,Female,0,Yes,No,36,No,Yes,DSL,No internet service,No,No,Month-to-month,Yes,Electronic check,65.53,2342.65,Yes
CUST-01804,Male,0,Yes,No,6,Yes,Yes,Fiber optic,No internet service,No internet service,No internet service,Month-to-month,No,Bank transfer,45.8,266.75,Yes
CUST-01805,Male,0,Yes,Yes,4,Yes,No,Fiber optic,Yes,No,Yes,Month-to-month,Yes,Bank transfer,48.74,227.73,Yes
CUST-01806,Female,0,No,No,50,Yes,No,Fiber optic,No,No internet service,No,Two year,Yes,Credit card,46.94,2352.73,No
CUST-01807,Male,0,No,Yes,7,Yes,No,DSL,Yes,No,No,Month-to-month,Yes,Bank transfer,46.39,360.45,Yes
CUST-01808,Female,0,Yes,Yes,55,Yes,Yes,Fiber optic,No,No,No,Month-to-month,No,Bank transfer,25.05,1370.47,Yes
CUST-01809,Female,0,Yes,Yes,72,Yes,No,Fiber optic,No,No,Yes,One year,No,Credit card,40.49,2926.11,No
CUST-01810,Female,0,No,No,10,Yes,No phone service,No,No,Yes,No,One year,Yes,Credit card,29.01,240.56,Yes
CUST-01811,Male,1,No,No,21,Yes,No,Fiber optic,No,Yes,No internet service,Month-to-month,Yes,Mailed check,18.75,401.3,Yes
CUST-01812,Male,0,Yes,Yes,10,Yes,No,DSL,No,No,No internet service,Month-to-month,No,Credit card,47.13,429.35,Yes
CUST-01813,Male,1,Yes,Yes,59,Yes,Yes,Fiber optic,No internet service,Yes,No,Month-to-month,Yes,Electronic check,53.92,3150.58,Yes
CUST-01814,Female,1,Yes,Yes,14,Yes,Yes,Fiber optic,No,No,No internet service,One year,Yes,Credit card,112.6,1626.15,No
CUST-01815,Male,0,No,No,37,Yes,No,DSL,No internet service,No,No internet service,Month-to-month,No,Mailed check,119.47,4434.11,Yes
CUST-01816,Female,0,Yes,No,0,Yes,Yes,Fiber optic,No,Yes,No,Month-to-month,Yes,Mailed check,77.1,36.93,No
CUST-01817,Male,0,No,Yes,45,Yes,Yes,Fiber optic,No internet service,No,No,Month-to-month,Yes,Credit card,109.9,4901.23,No
CUST-01818,Female,0,No,No,42,Yes,No phone service,DSL,No internet service,Yes,No,One year,Yes,Electronic check,81.06,3392.98,Yes
CUST-01819,Male,0,Yes,No,21,Yes,No,DSL,Yes,Yes,Yes,Month-to-month,No,Mailed check,68.75,1479.99,Yes
CUST-01820,Male,0,Yes,No,2,Yes,Yes,Fiber optic,No,No,No,One year,Yes,Electronic check,22.35,35.78,Yes
CUST-01821,Male,1,No,No,13,Yes,Yes,Fiber optic,Yes,No,No,One year,Yes,Mailed check,22.55,268.51,No
CUST-01822,Female,0,Yes,No,1,No,Yes,No,No,Yes,Yes,One year,Yes,Bank transfer,21.14,19.24,Yes
CUST-01823,Female,0,No,No,60,Yes,Yes,Fiber optic,Yes,Yes,No internet service,One year,No,Mailed check,33.31,1995.69,No
CUST-01824,Male,0,Yes,No,31,Yes,No,Fiber optic,No,No,Yes,One year,Yes,Mailed check,25.84,850.11,No
CUST-01825,Male,1,Yes,Yes,37,Yes,Yes,Fiber optic,No internet service,Yes,Yes,Month-to-month,Yes,Mailed check,37.86,1386.27,Yes
CUST-01826,Female,0,Yes,No,45,No,No,Fiber optic,No,No internet service,No,Two year,Yes,Mailed check,70.96,3238.93,No
CUST-01827,Female,1,Yes,No,41,Yes,No,Fiber optic,No,No internet service,No,Two year,Yes,Mailed check,69.33,2883.73,No
CUST-01828,Female,0,No,Yes,5,Yes,No,DSL,Yes,Yes,Yes,Month-to-month,Yes,Credit card,53.11,260.5,Yes
CUST-01829,Male,0,No,Yes,40,Yes,No,Fiber optic,Yes,No internet service,Yes,Month-to-month,No,Credit card,85.93,3481.7,Yes
CUST-01830,Female,0,No,No,24,Yes,Yes,Fiber optic,No,No,Yes,One year,Yes,Electronic check,57.98,1414.41,No
CUST-01831,Male,0,Yes,No,10,Yes,No,Fiber optic,Yes,No,Yes,Month-to-month,No,Bank transfer,40.46,443.1,Yes
CUST-01832,Female,0,No,No,40,Yes,No,DSL,No internet service,Yes,Yes,Month-to-month,Yes,Credit card,88.6,3583.18,Yes
CUST-01833,Male,0,No,No,70,Yes,No,DSL,No,Yes,No,Two year,Yes,Bank transfer,117.98,8217.15,No
CUST-01834,Female,0,No,No,56,Yes,Yes,No,No,No internet service,Yes,One year,Yes,Electronic check,100.69,5678.32,No
CUST-01835,Female,0,Yes,Yes,45,Yes,Yes,No,Yes,No,Yes,Two year,Yes,Electronic check,60.23,2709.31,No
CUST-01836,Female,0,No,No,47,Yes,Yes,DSL,No,No,No,Two year,Yes,Mailed check,56.32,2660.74,No
CUST-01837,Female,1,Yes,No,62,Yes,No,Fiber optic,No internet service,Yes,No,Month-to-month,Yes,Credit card,21.94,1340.33,Yes
CUST-01838,Female,0,Yes,Yes,38,Yes,No,DSL,No internet service,No internet service,Yes,Month-to-month,Yes,Mailed check,85.02,3245.31,No
CUST-01839,Male,0,No,Yes,9,Yes,No,DSL,Yes,No,Yes,Month-to-month,Yes,Mailed check,40.71,319.1,Yes
CUST-01840,Female,0,Yes,Yes,69,Yes,No,Fiber optic,No,No,Yes,One year,No,Electronic check,87.72,6039.8,Yes
CUST-01841,Female,0,No,No,64,Yes,Yes,DSL,Yes,Yes,No internet service,Month-to-month,Yes,Mailed check,95.54,6127.42,No
CUST-01842,Female,0,No,No,58,Yes,No,Fiber optic,No,No internet service,Yes,One year,No,Electronic check,107.74,6218.61,Yes
CUST-01843,Male,0,No,No,35,Yes,No,Fiber optic,No,No,No internet service,Month-to-month,No,Credit card,73.92,2604.46,Yes
CUST-01844,Female,0,No,No,26,Yes,Yes,No,No internet service,Yes,No,One year,Yes,Credit card,102.66,2702.05,No
CUST-01845,Male,0,No,Yes,72,Yes,No,Fiber optic,Yes,No,No,One year,No,Mailed check,91.76,6560.45,No
CUST-01846,Female,0,Yes,No,54,Yes,No,DSL,Yes,No internet service,No internet service,One year,Yes,Electronic check,54.0,2926.39,No
CUST-01847,Female,0,No,No,69,Yes,Yes,DSL,No,No,No internet service,Month-to-month,No,Credit card,28.86,1999.4,No
CUST-01848,Male,0,Yes,No,52,Yes,No,No,No internet service,No,Yes,One year,No,Bank transfer,42.7,2248.61,No
CUST-01849,Female,0,No,No,59,Yes,No phone service,No,No,No,Yes,Two year,No,Credit card,104.15,6164.6,No
CUST-01850,Male,0,No,Yes,60,Yes,Yes,Fiber optic,No,No,No,Month-to-month,Yes,Electronic check,72.51,4346.06,No
CUST-01851,Male,0,No,No,35,Yes,No,DSL,No internet service,No,No,Two year,Yes,Mailed check,85.89,2991.6,Yes
CUST-01852,Female,0,Yes,No,26,Yes,Yes,No,No internet service,No,No internet service,Month-to-month,No,Electronic check,100.22,2654.28,Yes
CUST-01853,Male,1,Yes,No,40,No,No phone service,DSL,No,No,No,Two year,Yes,Mailed check,86.04,3441.78,No
CUST-01854,Female,0,Yes,No,27,Yes,Yes,DSL,No internet service,Yes,Yes,Two year,No,Credit card,105.32,2834.43,No
CUST-01855,Female,0,Yes,Yes,15,Yes,Yes,No,No,No internet service,No,One year,No,Mailed check,26.81,451.45,Yes
CUST-01856,Male,0,No,No,34,Yes,No,No,Yes,No,Yes,Month-to-month,No,Mailed check,110.17,3713.83,Yes
CUST-01857,Male,0,No,No,35,Yes,Yes,Fiber optic,Yes,No,No,Month-to-month,Yes,Mailed check,100.89,3499.76,No
CUST-01858,Male,0,Yes,No,55,Yes,Yes,DSL,No,Yes,No,Month-to-month,Yes,Mailed check,110.11,6103.7,No
CUST-01859,Male,0,Yes,No,18,Yes,Yes,Fiber optic,No internet service,No internet service,Yes,Two year,Yes,Bank transfer,92.55,1681.67,No
CUST-01860,Female,0,Yes,No,56,Yes,Yes,Fiber optic,No internet service,No,No internet service,Month-to-month,No,Bank transfer,45.99,2577.41,No
CUST-01861,Female,0,No,Yes,32,Yes,Yes,Fiber optic,Yes,Yes,No,One year,Yes,Mailed check,29.62,904.62,Yes
CUST-01862,Male,0,Yes,No,22,Yes,No,Fiber optic,Yes,No internet service,No internet service,One year,Yes,Electronic check,31.22,672.43,Yes
CUST-01863,Female,0,Yes,No,62,Yes,No phone service,No,No internet service,Yes,No,Month-to-month,Yes,Electronic check,68.89,4264.51,No
CUST-01864,Female,0,No,No,69,No,No,DSL,No,No,No internet service,Two year,Yes,Credit card,57.88,3994.86,No
CUST-01865,Female,0,Yes,Yes,21,Yes,No,DSL,No,No,No,One year,Yes,Bank transfer,84.73,1772.99,No
CUST-01866,Female,0,No,Yes,66,Yes,No,DSL,No,No internet service,No internet service,One year,No,Credit card,69.33,4569.59,No
CUST-01867,Male,0,No,Yes,58,Yes,Yes,Fiber optic,Yes,Yes,No,One year,Yes,Credit card,30.78,1834.72,No
CUST-01868,Male,0,No,No,24,Yes,Yes,Fiber optic,No internet service,No,Yes,Two year,Yes,Bank transfer,18.23,484.92,No
CUST-01869,Female,0,No,No,16,No,No,Fiber optic,No internet service,No,Yes,Month-to-month,Yes,Mailed check,31.09,456.06,Yes
CUST-01870,Male,0,No,No,38,Yes,Yes,DSL,No internet service,Yes,No internet service,Month-to-month,No,Electronic check,32.97,1219.72,Yes
CUST-01871,Male,0,Yes,No,38,Yes,No,No,Yes,No internet service,No,Two year,No,Credit card,91.43,3518.5,No
CUST-01872,Male,0,Yes,No,23,Yes,No,DSL,No internet service,No internet service,Yes,Month-to-month,Yes,Electronic check,47.1,1065.2,Yes
CUST-01873,Female,0,No,No,37,Yes,No,DSL,No,No,No,Month-to-month,Yes,Mailed check,27.55,1030.5,No
CUST-01874,Female,0,No,No,56,Yes,No,Fiber optic,No,No internet service,Yes,One year,No,Credit card,95.05,5352.59,No
CUST-01875,Female,0,Yes,No,43,Yes,No,DSL,No,No,No internet service,Two year,Yes,Electronic check,113.93,4896.08,No
CUST-01876,Male,0,Yes,No,35,Yes,No phone service,Fiber optic,No internet service,No,No,Month-to-month,Yes,Bank transfer,28.25,940.41,No
CUST-01877,Female,0,No,No,69,Yes,No,Fiber optic,No,No,Yes,Month-to-month,No,Credit card,116.23,8052.68,Yes
CUST-01878,Female,0,Yes,No,44,Yes,Yes,DSL,No,No,Yes,One year,Yes,Mailed check,114.93,5082.54,No
CUST-01879,Male,0,Yes,No,25,Yes,No,DSL,No internet service,No,No,One year,Yes,Credit card,71.36,1738.14,Yes
CUST-01880,Female,0,No,No,10,Yes,No,Fiber optic,No,No,No internet service,Month-to-month,No,Credit card,48.17,521.44,No
CUST-01881,Female,0,Yes,Yes,51,Yes,No,Fiber optic,No internet service,No,No,Two year,Yes,Electronic check,32.09,1672.29,No
CUST-01882,Male,0,Yes,Yes,24,Yes,No,Fiber optic,No internet service,No,No,One year,Yes,Electronic check,102.03,2426.22,No
CUST-01883,Male,0,Yes,Yes,30,Yes,Yes,Fiber optic,No,No internet service,No,One year,Yes,Bank transfer,79.68,2348.41,No
CUST-01884,Male,1,Yes,No,44,Yes,No phone service,DSL,No,No,No,Month-to-month,Yes,Mailed check,84.43,3705.24,Yes
CUST-01885,Female,0,No,Yes,66,No,No,Fiber optic,Yes,Yes,No internet service,Two year,Yes,Bank transfer,105.81,7020.95,No
CUST-01886,Female,1,Yes,Yes,39,Yes,No,Fiber optic,No internet service,No,No,Month-to-month,Yes,Electronic check,63.28,2466.16,Yes
CUST-01887,Female,0,No,Yes,45,Yes,Yes,No,Yes,No,Yes,One year,No,Mailed check,55.55,2477.91,Yes
CUST-01888,Male,0,Yes,No,53,Yes,No,No,No,Yes,Yes,Month-to-month,No,Bank transfer,95.76,5048.46,No
CUST-01889,Male,0,No,No,40,Yes,No,DSL,Yes,No internet service,No,Month-to-month,Yes,Credit card,48.32,1918.3,No
CUST-01890,Female,0,No,No,37,Yes,Yes,DSL,Yes,Yes,No,One year,Yes,Bank transfer,51.45,1953.04,No
CUST-01891,Female,0,Yes,Yes,35,Yes,No,Fiber optic,No,No,Yes,Month-to-month,Yes,Mailed check,56.87,2028.29,Yes
CUST-01892,Male,0,No,Yes,43,Yes,No,Fiber optic,No internet service,No internet service,No,Month-to-month,Yes,Credit card,105.35,4534.75,Yes
CUST-01893,Male,0,No,No,56,Yes,Yes,DSL,No,No,No,Month-to-month,Yes,Electronic check,97.47,5489.16,Yes
CUST-01894,Male,1,No,No,65,Yes,No,Fiber optic,Yes,No,Yes,Two year,No,Credit card,47.72,3083.43,No
CUST-01895,Male,1,No,Yes,29,Yes,No,Fiber optic,No,No internet service,Yes,One year,Yes,Mailed check,32.65,958.37,No
CUST-01896,Female,0,No,Yes,9,Yes,No,Fiber optic,No,No internet service,No,Month-to-month,No,Credit card,58.06,559.82,Yes
CUST-01897,Male,0,Yes,No,60,Yes,Yes,Fiber optic,No,No internet service,No internet service,One year,No,Bank transfer,81.7,4888.77,No
CUST-01898,Female,0,No,No,62,Yes,Yes,DSL,No,No,Yes,Month-to-month,Yes,Bank transfer,86.98,5422.8,No
CUST-01899,Female,0,No,Yes,35,Yes,Yes,DSL,Yes,No,Yes,Month-to-month,No,Credit card,38.44,1356.83,Yes
CUST-01900,Female,0,Yes,Yes,53,Yes,Yes,Fiber optic,No,No,Yes,One year,Yes,Mailed check,43.44,2313.86,No
CUST-01901,Male,0,Yes,No,64,Yes,Yes,DSL,No,Yes,Yes,Month-to-month,Yes,Mailed check,112.87,7177.79,Yes
CUST-01902,Male,0,No,No,3,Yes,Yes,No,No internet service,No internet service,Yes,Month-to-month,Yes,Mailed check,57.28,211.77,No
CUST-01903,Male,0,Yes,No,54,Yes,Yes,DSL,No,No internet service,No,Two year,Yes,Mailed check,50.04,2729.77,No
CUST-01904,Male,1,Yes,No,53,Yes,Yes,DSL,No,No,No,Month-to-month,No,Bank transfer,88.96,4668.53,Yes
CUST-01905,Female,0,Yes,No,63,Yes,Yes,DSL,No,Yes,No,Month-to-month,No,Mailed check,65.72,4151.43,Yes
CUST-01906,Male,1,Yes,No,21,Yes,Yes,Fiber optic,No,Yes,Yes,One year,No,Mailed check,43.17,931.16,No
CUST-01907,Male,0,Yes,No,24,Yes,No,Fiber optic,No,Yes,No,One year,Yes,Credit card,59.75,1463.51,No
CUST-01908,Female,0,Yes,No,58,Yes,No,Fiber optic,No,No,Yes,One year,No,Credit card,32.71,1856.03,No
CUST-01909,Male,0,No,Yes,56,Yes,Yes,No,No,No,Yes,Month-to-month,No,Bank transfer,46.52,2619.11,Yes
CUST-01910,Female,0,No,No,53,Yes,Yes,Fiber optic,No internet service,No internet service,No internet service,Month-to-month,No,Bank transfer,60.68,3189.34,Yes
CUST-01911,Female,0,Yes,No,43,Yes,No,DSL,Yes,No internet service,Yes,One year,Yes,Bank transfer,70.84,3041.26,No
CUST-01912,Female,0,Yes,Yes,51,Yes,Yes,Fiber optic,No,No,Yes,Month-to-month,No,Mailed check,93.65,4778.8,No
CUST-01913,Female,0,No,No,15,Yes,No phone service,No,No,No internet service,No,Month-to-month,Yes,Credit card,57.26,811.63,No
CUST-01914,Female,0,Yes,No,15,Yes,No,DSL,No,No,No,One year,Yes,Credit card,73.66,1084.85,No
CUST-01915,Female,0,No,No,54,Yes,Yes,DSL,No internet service,Yes,Yes,One year,No,Mailed check,115.0,6239.74,No
CUST-01916,Female,0,Yes,No,60,Yes,No,Fiber optic,No,No internet service,Yes,Month-to-month,Yes,Electronic check,101.47,6122.43,Yes
CUST-01917,Female,0,No,No,39,Yes,No,Fiber optic,No,Yes,No,Two year,Yes,Mailed check,42.17,1627.63,Yes
CUST-01918,Male,0,No,Yes,20,Yes,Yes,Fiber optic,No,No internet service,No internet service,Two year,Yes,Electronic check,39.78,789.78,No
CUST-01919,Male,0,Yes,No,65,Yes,Yes,No,Yes,No,No internet service,Month-to-month,Yes,Mailed check,85.6,5597.12,Yes
CUST-01920,Male,0,Yes,No,7,No,No,DSL,Yes,No,No internet service,Month-to-month,Yes,Bank transfer,78.72,521.12,Yes
CUST-01921,Male,1,Yes,Yes,70,Yes,No phone service,Fiber optic,No internet service,No internet service,Yes,Month-to-month,Yes,Electronic check,73.78,5187.7,Yes
CUST-01922,Female,0,Yes,Yes,9,Yes,Yes,DSL,No internet service,No,Yes,Month-to-month,Yes,Electronic check,33.73,294.3,Yes
CUST-01923,Male,0,No,No,56,Yes,Yes,DSL,No,No internet service,Yes,One year,Yes,Bank transfer,54.99,3128.15,No
CUST-01924,Female,0,Yes,Yes,3,Yes,Yes,Fiber optic,No,No,Yes,One year,Yes,Electronic check,95.46,296.56,Yes
CUST-01925,Male,0,No,No,42,Yes,No,DSL,No,No internet service,Yes,Month-to-month,Yes,Credit card,91.81,3820.83,No
CUST-01926,Male,0,Yes,Yes,62,Yes,No,Fiber optic,No,No,No,One year,Yes,Mailed check,34.85,2127.89,No
CUST-01927,Male,0,No,Yes,42,Yes,No,DSL,No,No,Yes,Two year,No,Electronic check,61.54,2537.41,No
CUST-01928,Female,0,Yes,No,66,No,No,DSL,No,No,Yes,One year,No,Bank transfer,63.16,4190.04,No
CUST-01929,Male,0,Yes,Yes,50,Yes,Yes,DSL,Yes,No,No,Month-to-month,Yes,Mailed check,69.88,3488.33,No
CUST-01930,Female,0,No,No,55,No,No,No,Yes,No internet service,Yes,Month-to-month,Yes,Electronic check,65.04,3528.3,Yes
CUST-01931,Female,0,Yes,No,42,Yes,Yes,Fiber optic,No internet service,No internet service,Yes,One year,No,Mailed check,69.17,2865.28,No
CUST-01932,Male,0,Yes,Yes,23,Yes,No,DSL,No internet service,No,No,One year,Yes,Electronic check,100.94,2300.56,Yes
CUST-01933,Male,1,Yes,Yes,33,Yes,No,Fiber optic,No internet service,No internet service,Yes,One year,No,Credit card,57.73,1897.5,Yes
CUST-01934,Male,0,Yes,No,58,Yes,No,Fiber optic,No,No,No,Month-to-month,Yes,Bank transfer,74.31,4353.82,Yes
CUST-01935,Female,0,Yes,Yes,1,Yes,Yes,DSL,Yes,Yes,No internet service,Month-to-month,Yes,Credit card,79.89,84.02,Yes
CUST-01936,Male,0,No,No,1,Yes,No,No,No,No,No,Month-to-month,Yes,Credit card,114.12,153.54,Yes
CUST-01937,Female,0,Yes,No,9,Yes,No,No,Yes,No,No,One year,Yes,Electronic check,84.78,738.07,Yes
CUST-01938,Female,1,No,Yes,22,No,No phone service,Fiber optic,No,Yes,No,One year,Yes,Credit card,31.33,672.48,Yes
CUST-01939,Male,0,Yes,No,14,Yes,Yes,Fiber optic,No,No,No internet service,Two year,Yes,Bank transfer,77.41,1121.82,No
CUST-01940,Male,1,Yes,Yes,16,Yes,No,No,No,No,Yes,Two year,No,Mailed check,85.52,1367.46,No
CUST-01941,Female,0,No,Yes,13,Yes,Yes,Fiber optic,No internet service,Yes,No internet service,One year,Yes,Mailed check,18.97,255.63,No
CUST-01942,Female,0,No,Yes,15,No,Yes,No,No,No,No,Two year,No,Mailed check,25.68,392.62,No
CUST-01943,Female,0,No,No,31,Yes,Yes,DSL,No,Yes,No internet service,Month-to-month,Yes,Electronic check,19.94,632.68,Yes
CUST-01944,Male,0,No,No,22,Yes,Yes,Fiber optic,Yes,No,No internet service,Month-to-month,No,Bank transfer,22.92,513.14,Yes
CUST-01945,Female,1,No,No,33,Yes,Yes,No,Yes,No internet service,No,Month-to-month,No,Electronic check,27.15,915.39,Yes
CUST-01946,Male,0,Yes,No,15,Yes,Yes,DSL,No,Yes,Yes,Month-to-month,Yes,Credit card,115.7,1700.23,Yes
CUST-01947,Female,0,No,Yes,33,Yes,Yes,DSL,No,No,No,One year,Yes,Bank transfer,39.09,1311.03,No
CUST-01948,Female,0,No,No,70,Yes,No,Fiber optic,No,No,No internet service,Month-to-month,Yes,Credit card,38.86,2685.26,Yes
CUST-01949,Male,0,Yes,No,32,Yes,No,No,No internet service,No internet service,No,One year,Yes,Bank transfer,105.46,3358.76,No
CUST-01950,Female,0,Yes,No,67,Yes,No,DSL,No,No,No internet service,One year,No,Mailed check,94.78,6383.39,Yes
CUST-01951,Male,0,No,Yes,42,Yes,No,No,No,Yes,No,Two year,No,Bank transfer,86.93,3661.84,No
CUST-01952,Male,0,No,Yes,63,Yes,No,Fiber optic,No,No internet service,No internet service,Month-to-month,No,Electronic check,61.02,3890.98,No
CUST-01953,Female,0,No,No,70,No,No,No,Yes,No,No,Month-to-month,Yes,Mailed check,21.18,1457.83,No
CUST-01954,Male,1,Yes,No,17,Yes,Yes,Fiber optic,No,No,No,One year,Yes,Bank transfer,102.31,1781.34,Yes
CUST-01955,Male,0,No,No,67,Yes,No,Fiber optic,No,Yes,No,Month-to-month,Yes,Electronic check,105.8,7102.79,Yes
CUST-01956,Female,0,Yes,No,60,Yes,No,No,Yes,No internet service,Yes,Two year,Yes,Electronic check,67.14,4015.32,No
CUST-01957,Male,0,Yes,No,19,Yes,No,DSL,No internet service,No,No,One year,Yes,Credit card,83.78,1620.5,Yes
CUST-01958,Male,0,Yes,No,10,Yes,No,No,Yes,No internet service,No,Month-to-month,Yes,Mailed check,66.72,712.69,Yes
CUST-01959,Male,0,Yes,No,45,Yes,No,DSL,Yes,Yes,Yes,Month-to-month,No,Bank transfer,48.21,2197.41,No
CUST-01960,Female,0,No,No,63,Yes,No,DSL,Yes,No,No,Month-to-month,Yes,Bank transfer,73.11,4556.58,No
CUST-01961,Male,0,Yes,No,27,Yes,No,Fiber optic,No,Yes,Yes,Two year,Yes,Mailed check,88.24,2333.51,No
CUST-01962,Female,1,Yes,No,47,Yes,No,DSL,No,No,Yes,Month-to-month,Yes,Credit card,33.76,1549.34,Yes
CUST-01963,Female,0,No,Yes,34,Yes,Yes,Fiber optic,No,No internet service,No,One year,Yes,Credit card,72.13,2487.49,Yes
CUST-01964,Male,0,Yes,No,7,Yes,No,No,Yes,Yes,No,Month-to-month,Yes,Mailed check,97.15,705.07,No
CUST-01965,Male,0,No,No,21,Yes,No,DSL,Yes,Yes,No internet service,One year,Yes,Mailed check,66.51,1410.69,No
CUST-01966,Male,0,Yes,No,23,Yes,No,DSL,Yes,No,Yes,Month-to-month,Yes,Mailed check,34.0,801.45,No
CUST-01967,Female,0,No,Yes,65,Yes,No phone service,Fiber optic,Yes,Yes,No,One year,Yes,Electronic check,106.71,6948.13,Yes
CUST-01968,Male,1,Yes,Yes,63,No,Yes,No,No,No,Yes,Month-to-month,Yes,Mailed check,86.73,5448.78,No
CUST-01969,Male,1,Yes,No,64,Yes,No,No,No,No,Yes,One year,Yes,Credit card,82.52,5303.32,No
CUST-01970,Male,1,No,Yes,13,Yes,No,DSL,No,No internet service,No,Month-to-month,Yes,Bank transfer,84.47,1141.62,Yes
CUST-01971,Male,1,Yes,No,24,Yes,No,No,Yes,Yes,Yes,Two year,No,Bank transfer,43.0,1056.97,No
CUST-01972,Male,0,Yes,No,2,Yes,Yes,DSL,No internet service,No internet service,Yes,One year,No,Credit card,68.22,173.17,Yes
CUST-01973,Female,0,No,No,4,Yes,Yes,Fiber optic,No,No,No,Two year,Yes,Bank transfer,51.25,178.72,No
CUST-01974,Female,0,Yes,Yes,64,Yes,No,DSL,No internet service,No,No,Month-to-month,Yes,Credit card,103.02,6578.21,No
CUST-01975,Male,0,Yes,No,53,No,Yes,Fiber optic,Yes,Yes,No,Month-to-month,Yes,Electronic check,78.05,4137.42,Yes
CUST-01976,Male,0,No,No,18,Yes,No,Fiber optic,Yes,No internet service,No internet service,One year,Yes,Bank transfer,91.16,1638.03,Yes
CUST-01977,Male,0,No,No,53,Yes,Yes,Fiber optic,No,No,Yes,Two year,Yes,Electronic check,85.35,4520.15,No
CUST-01978,Male,0,No,No,9,Yes,No,No,Yes,No,No,Month-to-month,No,Bank transfer,67.34,620.12,No
CUST-01979,Female,0,No,Yes,15,Yes,Yes,Fiber optic,No,Yes,No,Month-to-month,Yes,Mailed check,100.1,1537.04,Yes
CUST-01980,Male,0,No,Yes,45,Yes,No,DSL,Yes,Yes,No internet service,One year,No,Electronic check,80.77,3673.37,No
CUST-01981,Female,0,Yes,Yes,28,Yes,No,Fiber optic,Yes,No,No,Month-to-month,No,Electronic check,41.13,1116.69,Yes
CUST-01982,Female,0,No,No,14,Yes,Yes,DSL,Yes,No,No,One year,Yes,Electronic check,47.66,626.26,No
CUST-01983,Male,0,Yes,Yes,47,No,No,Fiber optic,No,No,No,One year,No,Credit card,102.35,4791.57,No
CUST-01984,Female,0,No,No,10,Yes,Yes,Fiber optic,No,No internet service,No,Month-to-month,No,Bank transfer,114.01,1163.82,Yes
CUST-01985,Female,0,Yes,No,33,Yes,No,DSL,Yes,No,No,One year,Yes,Mailed check,73.9,2468.05,Yes
CUST-01986,Female,0,Yes,Yes,35,Yes,No,DSL,Yes,Yes,No,Two year,Yes,Credit card,57.33,1994.88,No
CUST-01987,Female,0,No,Yes,29,Yes,Yes,No,No,No internet service,Yes,Two year,No,Bank transfer,81.75,2351.79,No
CUST-01988,Male,0,Yes,No,72,Yes,Yes,Fiber optic,No,No,Yes,Month-to-month,No,Electronic check,67.32,4810.09,Yes
CUST-01989,Male,0,Yes,No,18,Yes,No,No,No,No internet service,Yes,One year,No,Credit card,103.85,1843.12,No
CUST-01990,Female,0,No,Yes,67,Yes,Yes,Fiber optic,No,No internet service,No internet service,Month-to-month,No,Mailed check,102.97,6859.07,Yes
CUST-01991,Male,0,No,Yes,69,Yes,Yes,No,Yes,No,No internet service,Two year,No,Electronic check,64.53,4432.96,No
CUST-01992,Male,0,No,No,32,Yes,No,Fiber optic,No,No,No,Month-to-month,No,Credit card,100.07,3219.85,Yes
CUST-01993,Male,0,No,Yes,21,Yes,Yes,Fiber optic,No,Yes,Yes,Two year,Yes,Electronic check,37.68,754.18,No
CUST-01994,Male,0,Yes,No,35,Yes,No,DSL,No,No,Yes,Month-to-month,No,Bank transfer,56.14,1947.03,Yes
CUST-01995,Male,0,Yes,Yes,22,Yes,No,DSL,Yes,No,No,Month-to-month,No,Bank transfer,26.12,577.5,No
CUST-01996,Female,0,Yes,No,62,Yes,Yes,No,No,No,No,Two year,Yes,Mailed check,100.4,6207.51,No
CUST-01997,Male,0,Yes,No,25,Yes,Yes,Fiber optic,No internet service,No,Yes,Two year,No,Bank transfer,117.47,2930.71,Yes
CUST-01998,Male,0,Yes,No,59,Yes,No,No,No internet service,No internet service,No internet service,One year,Yes,Bank transfer,76.83,4532.66,No
CUST-01999,Male,0,Yes,No,4,Yes,Yes,DSL,No,Yes,No,Month-to-month,Yes,Bank transfer,96.18,412.22,Yes
CUST-02000,Male,0,No,No,53,Yes,Yes,Fiber optic,No,Yes,Yes,Month-to-month,Yes,Electronic check,58.96,3159.19,Yes
CUST-02001,Female,0,Yes,Yes,37,No,No,DSL,No,No,Yes,One year,Yes,Electronic check,75.28,2754.6,No
CUST-02002,Female,0,Yes,Yes,61,Yes,No,DSL,Yes,No,No,One year,Yes,Bank transfer,53.43,3246.16,No
CUST-02003,Female,0,Yes,No,24,No,Yes,No,Yes,No,Yes,Two year,Yes,Electronic check,89.08,2145.44,No
CUST-02004,Female,0,No,No,11,Yes,No,Fiber optic,No,No,No,Month-to-month,Yes,Bank transfer,43.12,474.26,Yes
CUST-02005,Male,0,No,No,21,Yes,No,No,No,No,No,Month-to-month,No,Mailed check,33.63,664.27,No
CUST-02006,Female,0,No,No,8,Yes,No,Fiber optic,Yes,Yes,No internet service,One year,Yes,Credit card,109.65,861.7,Yes
CUST-02007,Male,0,No,No,28,Yes,No,No,No internet service,No,No,Month-to-month,Yes,Credit card,106.16,2945.23,No
CUST-02008,Male,0,Yes,No,43,Yes,No phone service,Fiber optic,Yes,No,No,Month-to-month,No,Bank transfer,103.17,4428.04,Yes
CUST-02009,Male,1,Yes,No,26,No,Yes,Fiber optic,No,Yes,No internet service,Month-to-month,No,Mailed check,101.8,2630.6,Yes
CUST-02010,Male,0,Yes,No,54,Yes,Yes,DSL,No,Yes,Yes,One year,No,Bank transfer,92.41,5009.68,No
CUST-02011,Male,0,No,No,4,No,Yes,No,Yes,Yes,No,Month-to-month,Yes,Credit card,107.23,419.06,Yes
CUST-02012,Female,0,Yes,No,51,Yes,Yes,No,No,No,Yes,Two year,No,Mailed check,39.44,1985.59,No
CUST-02013,Female,0,Yes,No,12,No,Yes,Fiber optic,Yes,No internet service,No,Month-to-month,Yes,Electronic check,106.78,1293.33,Yes
CUST-02014,Female,0,Yes,Yes,41,Yes,Yes,Fiber optic,No internet service,No internet service,Yes,Month-to-month,No,Credit card,111.61,4598.7,Yes
CUST-02015,Female,0,No,No,14,No,No,Fiber optic,No,No internet service,No,Month-to-month,Yes,Credit card,91.03,1235.25,Yes
CUST-02016,Male,0,No,Yes,17,Yes,Yes,Fiber optic,Yes,Yes,Yes,Two year,No,Bank transfer,79.13,1320.33,No
CUST-02017,Female,1,No,No,49,Yes,No,No,No internet service,No internet service,No,One year,Yes,Mailed check,42.08,2032.8,No
CUST-02018,Male,0,Yes,Yes,1,Yes,Yes,DSL,No,No,No internet service,Month-to-month,No,Mailed check,106.35,76.46,Yes
CUST-02019,Female,0,Yes,Yes,12,Yes,No phone service,Fiber optic,Yes,No internet service,No internet service,Two year,Yes,Electronic check,76.84,962.28,Yes
CUST-02020,Male,1,Yes,No,67,Yes,No,Fiber optic,No,No internet service,Yes,One year,Yes,Mailed check,80.29,5342.03,No
CUST-02021,Male,0,Yes,No,46,Yes,No,Fiber optic,No,No,Yes,Month-to-month,No,Bank transfer,79.87,3711.13,Yes
CUST-02022,Female,1,No,No,49,Yes,No,No,Yes,Yes,Yes,Month-to-month,No,Mailed check,106.41,5203.48,No
CUST-02023,Male,0,Yes,No,11,Yes,No,Fiber optic,No,No,Yes,Two year,Yes,Mailed check,31.97,365.75,No
CUST-02024,Male,0,No,No,12,Yes,No,DSL,Yes,No,Yes,One year,Yes,Mailed check,24.29,285.57,No
CUST-02025,Female,0,Yes,Yes,8,Yes,Yes,No,No,Yes,No,Month-to-month,Yes,Electronic check,40.85,336.67,No
CUST-02026,Male,0,No,No,58,Yes,No,Fiber optic,Yes,Yes,Yes,Two year,Yes,Electronic check,68.16,3958.45,No
CUST-02027,Female,1,Yes,No,44,Yes,Yes,Fiber optic,Yes,No,Yes,Month-to-month,Yes,Credit card,65.88,2892.01,Yes
CUST-02028,Female,0,Yes,No,69,Yes,Yes,DSL,No internet service,Yes,No,One year,No,Credit card,70.23,4823.37,No
CUST-02029,Female,0,No,No,42,Yes,Yes,DSL,No,No internet service,No,One year,Yes,Electronic check,29.66,1288.81,No
CUST-02030,Male,0,No,No,22,Yes,Yes,DSL,Yes,Yes,No,One year,No,Mailed check,98.88,2216.96,No
CUST-02031,Male,0,Yes,No,44,Yes,Yes,Fiber optic,No internet service,No,Yes,One year,Yes,Electronic check,48.82,2105.19,Yes
CUST-02032,Male,0,Yes,No,22,Yes,Yes,Fiber optic,No internet service,Yes,No,Month-to-month,Yes,Electronic check,111.15,2417.65,Yes
CUST-02033,Female,0,Yes,No,33,Yes,No,Fiber optic,Yes,No internet service,No internet service,Two year,No,Bank transfer,103.68,3428.85,No
CUST-02034,Male,0,No,No,15,No,Yes,DSL,No,No,No,Two year,Yes,Mailed check,24.47,415.09,No
CUST-02035,Female,0,Yes,No,62,Yes,No,DSL,No,Yes,No,Month-to-month,Yes,Electronic check,23.46,1477.26,Yes
CUST-02036,Female,0,No,Yes,50,Yes,No,DSL,No,No,Yes,One year,Yes,Bank transfer,82.16,4139.83,No
CUST-02037,Male,0,Yes,No,31,Yes,No,Fiber optic,No internet service,Yes,Yes,Month-to-month,Yes,Credit card,25.88,783.7,Yes
CUST-02038,Female,0,Yes,No,37,Yes,No phone service,DSL,No,No,No,One year,Yes,Bank transfer,76.33,2796.1,No
CUST-02039,Male,0,Yes,Yes,55,Yes,Yes,No,No internet service,No,No internet service,One year,Yes,Mailed check,26.07,1406.45,No
CUST-02040,Male,0,Yes,No,68,Yes,No,DSL,No internet service,Yes,No,One year,Yes,Credit card,66.89,4546.85,No
CUST-02041,Male,0,No,No,16,Yes,Yes,Fiber optic,Yes,No,No,One year,Yes,Credit card,60.75,1007.85,Yes
CUST-02042,Male,0,No,No,38,Yes,No phone service,Fiber optic,No internet service,Yes,No,Month-to-month,No,Mailed check,78.28,2946.28,Yes
CUST-02043,Male,0,Yes,No,40,No,Yes,DSL,No,No,No,Month-to-month,Yes,Credit card,54.33,2180.23,No
CUST-02044,Female,0,Yes,No,47,Yes,No,No,No,No,No internet service,Month-to-month,No,Credit card,32.28,1548.04,Yes
CUST-02045,Female,0,Yes,Yes,27,Yes,Yes,No,No internet service,No,Yes,One year,Yes,Bank transfer,103.9,2805.34,No
CUST-02046,Female,0,No,No,49,Yes,No,DSL,No,No internet service,No internet service,Month-to-month,Yes,Credit card,48.53,2369.66,Yes
CUST-02047,Male,0,Yes,No,0,No,Yes,Fiber optic,Yes,No,No,Month-to-month,No,Mailed check,24.88,0.0,No
CUST-02048,Male,0,No,No,49,Yes,No,Fiber optic,No internet service,No,Yes,Month-to-month,Yes,Credit card,69.06,3393.98,Yes
CUST-02049,Male,0,No,Yes,18,Yes,No,No,Yes,No internet service,Yes,Month-to-month,Yes,Bank transfer,107.52,1967.13,Yes
CUST-02050,Female,1,No,Yes,58,Yes,No phone service,Fiber optic,No,No internet service,No,Month-to-month,Yes,Electronic check,46.63,2754.15,No
CUST-02051,Male,0,No,No,67,Yes,No,DSL,No,No internet service,Yes,Two year,Yes,Credit card,63.98,4323.6,No
CUST-02052,Female,0,Yes,No,66,Yes,Yes,Fiber optic,Yes,No internet service,No,One year,No,Mailed check,59.06,3893.24,Yes
CUST-02053,Female,1,Yes,No,40,No,Yes,Fiber optic,No internet service,No internet service,Yes,Month-to-month,No,Electronic check,22.94,875.52,No
CUST-02054,Male,0,No,No,9,Yes,No,No,Yes,Yes,No,Month-to-month,No,Credit card,106.57,921.18,Yes
CUST-02055,Male,0,Yes,No,27,Yes,Yes,No,No internet service,Yes,No,One year,Yes,Mailed check,95.41,2529.0,No
CUST-02056,Female,0,Yes,No,33,Yes,No,DSL,No internet service,No,No,Two year,Yes,Bank transfer,27.77,902.68,No
CUST-02057,Male,0,Yes,No,38,Yes,Yes,No,No,No internet service,No internet service,Month-to-month,No,Electronic check,31.48,1194.4,Yes
CUST-02058,Female,1,No,Yes,55,Yes,No,No,No,Yes,No internet service,Month-to-month,Yes,Bank transfer,19.08,1081.46,Yes
CUST-02059,Male,1,Yes,No,51,Yes,No,No,No,No,No internet service,One year,Yes,Bank transfer,118.54,6004.11,Yes
CUST-02060,Male,0,Yes,No,2,Yes,Yes,Fiber optic,No,No internet service,No,Two year,No,Bank transfer,60.45,93.71,Yes
CUST-02061,Female,0,Yes,No,22,Yes,No,Fiber optic,No,No internet service,No,Month-to-month,Yes,Mailed check,112.9,2484.87,Yes
CUST-02062,Male,1,Yes,No,16,Yes,Yes,DSL,No internet service,No,No,Month-to-month,Yes,Mailed check,60.85,1008.58,Yes
CUST-02063,Female,0,Yes,No,70,Yes,Yes,No,No,No,No,Month-to-month,Yes,Bank transfer,28.59,1960.06,Yes
CUST-02064,Male,0,Yes,No,25,Yes,No phone service,Fiber optic,No internet service,Yes,Yes,Month-to-month,Yes,Bank transfer,53.02,1299.84,Yes
CUST-02065,Female,1,Yes,No,17,Yes,Yes,DSL,No,No internet service,No,Month-to-month,Yes,Mailed check,60.66,1035.61,Yes
CUST-02066,Female,0,Yes,No,45,Yes,No,Fiber optic,No,No internet service,No,Two year,Yes,Credit card,36.01,1602.89,No
CUST-02067,Male,0,Yes,No,69,Yes,No,Fiber optic,Yes,No internet service,No,Two year,Yes,Electronic check,23.46,1667.98,No
CUST-02068,Female,0,Yes,No,30,No,No,Fiber optic,No,No internet service,Yes,Month-to-month,Yes,Mailed check,50.28,1503.61,No
CUST-02069,Male,1,No,No,8,Yes,Yes,Fiber optic,No internet service,Yes,Yes,Two year,No,Credit card,73.01,625.22,Yes
CUST-02070,Male,0,Yes,No,34,Yes,No,Fiber optic,No,No,Yes,Month-to-month,No,Mailed check,44.04,1541.45,No
CUST-02071,Male,0,No,No,59,Yes,Yes,DSL,No internet service,Yes,No internet service,One year,No,Mailed check,115.79,6807.55,No
CUST-02072,Female,0,Yes,Yes,62,Yes,No,DSL,No,No,Yes,Two year,No,Electronic check,67.11,4143.47,No
CUST-02073,Female,0,No,No,51,Yes,No phone service,Fiber optic,Yes,Yes,No internet service,Month-to-month,No,Mailed check,31.29,1578.2,Yes
CUST-02074,Male,0,No,No,47,Yes,Yes,DSL,Yes,Yes,No internet service,Month-to-month,Yes,Credit card,60.18,2822.09,Yes
CUST-02075,Male,0,Yes,No,60,Yes,No,Fiber optic,No,No internet service,No internet service,Month-to-month,Yes,Mailed check,90.19,5367.72,Yes
CUST-02076,Female,0,No,Yes,23,Yes,Yes,DSL,No,No,No,Month-to-month,Yes,Electronic check,67.69,1587.61,No
CUST-02077,Male,0,No,No,57,Yes,Yes,No,Yes,No internet service,No internet service,Two year,No,Mailed check,51.79,2915.12,No
CUST-02078,Male,1,No,Yes,63,Yes,Yes,Fiber optic,Yes,No,Yes,One year,No,Bank transfer,28.84,1856.29,No
CUST-02079,Female,0,Yes,No,29,Yes,Yes,Fiber optic,No internet service,No,Yes,Month-to-month,No,Electronic check,64.87,1888.89,No
CUST-02080,Male,1,No,No,28,No,Yes,DSL,No,No,No internet service,Month-to-month,Yes,Mailed check,27.93,780.19,No
CUST-02081,Female,0,No,No,9,No,Yes,DSL,No,No internet service,Yes,Two year,No,Bank transfer,55.83,,No
CUST-02082,Male,0,Yes,Yes,38,Yes,No,Fiber optic,No,No,Yes,One year,No,Bank transfer,29.85,1177.61,No
CUST-02083,Female,0,No,Yes,54,Yes,Yes,Fiber optic,Yes,No internet service,Yes,Month-to-month,Yes,Electronic check,86.97,4676.05,Yes
CUST-02084,Male,0,No,Yes,27,No,Yes,DSL,No,Yes,No,Two year,No,Electronic check,96.81,2590.89,No
CUST-02085,Male,1,No,Yes,17,Yes,Yes,DSL,Yes,No,No,Two year,Yes,Mailed check,42.84,,No
CUST-02086,Female,0,Yes,No,40,Yes,No,No,No internet service,No internet service,Yes,Month-to-month,Yes,Credit card,25.62,1023.48,Yes
CUST-02087,Male,0,No,No,64,Yes,Yes,DSL,Yes,Yes,No,Month-to-month,No,Electronic check,53.4,3375.17,No
CUST-02088,Female,0,Yes,No,45,Yes,No phone service,DSL,No internet service,No,No,Month-to-month,Yes,Mailed check,75.17,3400.65,Yes
CUST-02089,Male,0,No,No,59,No,Yes,DSL,No,No,No internet service,Two year,No,Bank transfer,96.33,5685.56,No
CUST-02090,Female,0,No,Yes,8,Yes,Yes,Fiber optic,No,No,Yes,Two year,Yes,Bank transfer,59.1,476.79,Yes
CUST-02091,Female,0,No,Yes,44,Yes,Yes,Fiber optic,No internet service,Yes,Yes,Two year,Yes,Mailed check,55.33,2409.48,No
CUST-02092,Female,0,No,Yes,59,Yes,Yes,Fiber optic,Yes,No,No,Month-to-month,Yes,Electronic check,110.65,6562.41,Yes
CUST-02093,Female,0,Yes,No,27,No,No,DSL,Yes,No internet service,No internet service,Two year,No,Mailed check,63.87,1714.3,No
CUST-02094,Male,0,No,No,2,Yes,No,Fiber optic,No,Yes,Yes,One year,No,Mailed check,63.62,142.47,Yes
CUST-02095,Male,0,Yes,Yes,50,Yes,Yes,DSL,No internet service,No,Yes,Two year,Yes,Electronic check,59.82,2965.01,No
CUST-02096,Female,0,No,Yes,7,Yes,Yes,Fiber optic,Yes,Yes,Yes,One year,No,Credit card,55.05,416.98,No
CUST-02097,Female,0,Yes,No,69,No,Yes,DSL,Yes,No,No,Two year,Yes,Credit card,92.31,6349.36,No
CUST-02098,Female,0,No,No,58,Yes,No phone service,DSL,No,No,No,Month-to-month,Yes,Credit card,46.74,2753.09,No
CUST-02099,Male,0,No,No,60,Yes,No,No,No,No,No,One year,No,Mailed check,56.64,3393.88,No
CUST-02100,Male,0,Yes,No,57,Yes,No,Fiber optic,No,Yes,No,Month-to-month,No,Electronic check,46.79,2631.55,Yes
CUST-02101,Male,0,Yes,Yes,69,Yes,No,No,No,No,No,Month-to-month,Yes,Credit card,76.17,5266.85,No
CUST-02102,Male,1,Yes,No,11,Yes,No,Fiber optic,No,No,Yes,One year,Yes,Electronic check,115.96,1281.22,No
CUST-02103,Female,0,Yes,No,8,Yes,No,No,Yes,No internet service,No,One year,No,Credit card,57.81,454.62,Yes
CUST-02104,Female,0,No,No,48,Yes,No,No,No,Yes,No,Month-to-month,Yes,Bank transfer,116.76,5636.45,No
CUST-02105,Female,1,Yes,No,16,Yes,No,DSL,No,No,Yes,Month-to-month,No,Bank transfer,84.98,1351.81,Yes
CUST-02106,Male,1,Yes,No,53,Yes,Yes,Fiber optic,No internet service,No,No,Month-to-month,Yes,Electronic check,99.14,5218.04,Yes
CUST-02107,Male,0,Yes,Yes,43,Yes,No,Fiber optic,No,Yes,No,Month-to-month,No,Credit card,51.97,2187.57,No
CUST-02108,Male,1,No,No,31,Yes,No,Fiber optic,Yes,No,No,Month-to-month,No,Electronic check,40.89,1306.81,Yes
CUST-02109,Female,0,No,Yes,34,Yes,No,No,No,No,Yes,One year,Yes,Electronic check,76.83,2608.89,Yes
CUST-02110,Female,0,No,Yes,48,Yes,Yes,Fiber optic,No internet service,No,No,Month-to-month,Yes,Electronic check,119.06,5721.18,Yes
CUST-02111,Male,0,No,No,53,Yes,No,Fiber optic,No,Yes,Yes,Two year,Yes,Mailed check,90.44,4754.79,Yes
CUST-02112,Female,0,Yes,Yes,15,Yes,Yes,Fiber optic,No,No internet service,Yes,Month-to-month,Yes,Credit card,87.53,1311.89,Yes
CUST-02113,Male,0,No,No,11,Yes,Yes,Fiber optic,No,Yes,No internet service,Month-to-month,Yes,Credit card,63.91,706.35,Yes
CUST-02114,Male,0,Yes,No,7,Yes,No,No,Yes,Yes,No,One year,Yes,Electronic check,107.71,750.5,Yes
CUST-02115,Female,0,No,Yes,20,Yes,No,No,No,No,No,Two year,Yes,Bank transfer,89.09,1827.21,No
CUST-02116,Male,0,Yes,No,47,Yes,No,DSL,No,Yes,No internet service,Month-to-month,Yes,Electronic check,86.84,4088.62,Yes
CUST-02117,Female,1,Yes,No,7,Yes,No phone service,Fiber optic,No,Yes,No,Two year,Yes,Bank transfer,47.84,382.32,No
CUST-02118,Male,0,Yes,No,27,Yes,No,Fiber optic,Yes,No,No,Month-to-month,Yes,Credit card,115.69,3088.96,Yes
CUST-02119,Female,1,Yes,No,9,Yes,No,Fiber optic,No internet service,No,Yes,One year,No,Credit card,43.54,433.28,Yes
CUST-02120,Female,1,Yes,No,51,Yes,No,No,Yes,No,Yes,Two year,No,Electronic check,71.42,3647.71,No
CUST-02121,Female,0,No,No,14,Yes,Yes,Fiber optic,No,No,Yes,Month-to-month,Yes,Mailed check,52.63,716.43,Yes
CUST-02122,Male,0,Yes,No,3,Yes,No,DSL,No,No internet service,No internet service,One year,Yes,Credit card,36.44,133.89,No
CUST-02123,Male,0,Yes,No,61,Yes,Yes,Fiber optic,Yes,No internet service,No,Two year,Yes,Credit card,32.7,2000.33,No
CUST-02124,Female,1,Yes,No,3,Yes,No,Fiber optic,No internet service,Yes,Yes,Two year,No,Credit card,47.87,151.18,No
CUST-02125,Female,0,Yes,No,40,Yes,Yes,Fiber optic,No,No,No,Month-to-month,No,Mailed check,88.28,3498.39,Yes
CUST-02126,Male,0,No,Yes,72,No,Yes,DSL,No,Yes,Yes,Two year,Yes,Credit card,117.43,8472.95,No
CUST-02127,Male,0,No,No,54,Yes,Yes,DSL,No,No internet service,No internet service,One year,Yes,Electronic check,105.03,5651.03,No
CUST-02128,Male,0,Yes,No,27,Yes,No,Fiber optic,No internet service,No internet service,No,Month-to-month,Yes,Bank transfer,40.24,1072.06,Yes
CUST-02129,Female,0,Yes,No,46,No,Yes,Fiber optic,No internet service,No,No internet service,Month-to-month,Yes,Credit card,26.0,1236.66,Yes
CUST-02130,Male,0,Yes,No,8,Yes,Yes,Fiber optic,No,No,Yes,Month-to-month,Yes,Credit card,88.04,672.27,Yes
CUST-02131,Male,0,Yes,Yes,1,Yes,No,Fiber optic,No,No internet service,Yes,Month-to-month,Yes,Mailed check,21.06,59.72,Yes
CUST-02132,Female,0,No,Yes,66,Yes,Yes,No,No,No,No,Month-to-month,Yes,Bank transfer,105.63,6971.62,Yes
CUST-02133,Male,1,No,Yes,47,Yes,Yes,No,No,No,No internet service,Two year,Yes,Bank transfer,102.21,4771.72,No
CUST-02134,Male,0,Yes,Yes,68,Yes,Yes,Fiber optic,Yes,No internet service,No,Two year,No,Mailed check,98.96,6760.44,No
CUST-02135,Male,1,Yes,No,27,Yes,No,DSL,No internet service,No internet service,No internet service,Month-to-month,Yes,Electronic check,74.35,2022.7,Yes
CUST-02136,Female,0,Yes,No,13,Yes,No,DSL,No internet service,No,Yes,Month-to-month,Yes,Credit card,117.3,1509.58,Yes
CUST-02137,Female,0,Yes,No,45,Yes,No,Fiber optic,No,No internet service,No,One year,Yes,Bank transfer,64.75,2893.82,Yes
CUST-02138,Female,0,Yes,Yes,12,Yes,Yes,No,No,No,No,Two year,Yes,Bank transfer,118.63,1415.65,Yes
CUST-02139,Female,0,No,No,15,Yes,Yes,Fiber optic,No internet service,Yes,No,Month-to-month,No,Electronic check,107.95,1582.87,Yes
CUST-02140,Female,1,No,No,39,Yes,Yes,Fiber optic,No internet service,No,No,Month-to-month,Yes,Electronic check,30.91,1236.41,Yes
CUST-02141,Female,0,Yes,No,71,Yes,No phone service,Fiber optic,No,No,No,Two year,Yes,Credit card,109.28,7736.75,No
CUST-02142,Female,1,No,No,29,Yes,No,Fiber optic,No internet service,No,No,One year,Yes,Mailed check,49.1,1456.59,No
CUST-02143,Male,0,No,Yes,64,Yes,No,No,Yes,No internet service,Yes,Month-to-month,No,Mailed check,96.36,6190.17,No
CUST-02144,Male,0,No,No,57,Yes,No phone service,No,Yes,No internet service,Yes,One year,Yes,Electronic check,18.02,1071.32,No
CUST-02145,Female,0,Yes,No,47,Yes,Yes,No,Yes,No internet service,No,One year,No,Electronic check,46.14,2128.49,No
CUST-02146,Male,0,No,Yes,48,Yes,Yes,Fiber optic,Yes,No,No,Two year,No,Bank transfer,95.36,4562.2,No
CUST-02147,Male,0,No,Yes,1,No,No,DSL,No,No,No,Two year,No,Electronic check,117.18,129.57,No
CUST-02148,Female,1,Yes,Yes,13,Yes,No,DSL,No internet service,No internet service,No,Month-to-month,No,Bank transfer,35.44,496.58,No
CUST-02149,Male,0,No,Yes,16,Yes,No,DSL,No,No internet service,Yes,Month-to-month,Yes,Mailed check,64.86,1003.32,Yes
CUST-02150,Male,0,Yes,No,30,Yes,No,DSL,No,No internet service,Yes,Month-to-month,Yes,Mailed check,77.89,2372.84,Yes
CUST-02151,Male,0,No,No,9,Yes,No,No,No,No,Yes,Month-to-month,No,Bank transfer,115.16,993.14,Yes
CUST-02152,Male,0,Yes,Yes,69,Yes,No,DSL,No,No internet service,No,Month-to-month,No,Credit card,64.23,4429.31,No
CUST-02153,Male,1,Yes,No,36,Yes,No,DSL,No,No internet service,No internet service,Two year,Yes,Mailed check,113.22,4034.36,No
CUST-02154,Female,0,No,No,63,Yes,Yes,Fiber optic,No,Yes,No internet service,One year,Yes,Credit card,117.78,7385.13,No
CUST-02155,Female,0,No,Yes,29,Yes,No,Fiber optic,No,Yes,No internet service,Month-to-month,No,Bank transfer,114.05,3334.94,No
CUST-02156,Female,0,Yes,Yes,33,Yes,No,No,No,No internet service,Yes,Two year,No,Credit card,94.37,3066.07,No
CUST-02157,Male,0,Yes,Yes,17,Yes,No,DSL,No,No,Yes,Two year,Yes,Bank transfer,30.88,530.5,No
CUST-02158,Female,0,No,No,62,Yes,Yes,No,No internet service,Yes,No,Two year,Yes,Bank transfer,79.45,4885.73,No
CUST-02159,Male,0,No,Yes,48,Yes,Yes,DSL,Yes,Yes,No,Two year,No,Electronic check,94.86,4584.41,No
CUST-02160,Male,0,No,No,55,Yes,Yes,No,No,No,Yes,Month-to-month,No,Mailed check,115.4,6377.82,No
CUST-02161,Male,0,No,No,57,Yes,No phone service,Fiber optic,No internet service,Yes,No,One year,Yes,Mailed check,97.35,5569.23,No
CUST-02162,Male,0,Yes,No,26,No,Yes,Fiber optic,No internet service,Yes,No,Month-to-month,Yes,Bank transfer,72.97,1922.81,Yes
CUST-02163,Female,0,Yes,Yes,54,No,No,DSL,Yes,Yes,No internet service,One year,Yes,Credit card,38.93,2111.3,No
CUST-02164,Female,0,Yes,No,18,Yes,No,Fiber optic,No,No internet service,No internet service,Month-to-month,Yes,Electronic check,64.62,1161.71,Yes
CUST-02165,Male,0,No,No,22,No,No,Fiber optic,No,Yes,Yes,Two year,Yes,Credit card,83.11,1819.43,No
CUST-02166,Female,0,No,No,46,Yes,No,DSL,No,No,Yes,Two year,No,Mailed check,51.11,2367.19,No
CUST-02167,Male,0,Yes,No,65,Yes,No phone service,DSL,No,No,No,One year,Yes,Credit card,64.56,4184.68,Yes
CUST-02168,Female,0,Yes,No,50,Yes,No,No,No,No,Yes,One year,No,Electronic check,19.77,938.78,No
CUST-02169,Female,0,Yes,No,27,Yes,No,Fiber optic,No,Yes,Yes,Two year,No,Credit card,107.66,2866.89,No
CUST-02170,Male,0,Yes,No,56,No,Yes,No,Yes,No,No internet service,Month-to-month,Yes,Mailed check,21.55,1221.98,No
CUST-02171,Female,1,Yes,No,57,Yes,No,Fiber optic,No internet service,Yes,No internet service,One year,Yes,Bank transfer,59.75,3392.24,No
CUST-02172,Male,0,Yes,Yes,14,Yes,No,Fiber optic,No,No internet service,No,Month-to-month,Yes,Mailed check,70.12,1030.64,Yes
CUST-02173,Female,0,No,No,15,Yes,Yes,DSL,No,No,No internet service,Two year,No,Electronic check,117.19,1743.24,No
CUST-02174,Male,0,Yes,No,46,Yes,No,No,No,Yes,Yes,Two year,Yes,Bank transfer,113.39,5176.78,No
CUST-02175,Male,1,Yes,No,62,Yes,Yes,Fiber optic,No internet service,No internet service,No,Month-to-month,Yes,Electronic check,83.93,5186.5,Yes
CUST-02176,Female,0,Yes,Yes,11,Yes,Yes,DSL,No internet service,Yes,No,One year,Yes,Mailed check,77.57,871.95,No
CUST-02177,Female,1,Yes,No,42,Yes,Yes,Fiber optic,No,No,No internet service,Month-to-month,No,Credit card,55.39,2329.21,Yes
CUST-02178,Male,0,Yes,No,28,Yes,No,DSL,No,No,Yes,Month-to-month,No,Mailed check,22.19,632.35,Yes
CUST-02179,Female,0,Yes,Yes,48,Yes,Yes,No,No,No,No,Month-to-month,No,Credit card,45.31,2136.0,Yes
CUST-02180,Female,0,Yes,Yes,2,Yes,Yes,DSL,No,No,No internet service,Month-to-month,Yes,Bank transfer,104.47,241.64,No
CUST-02181,Male,0,No,No,68,Yes,No,DSL,Yes,No,No,Month-to-month,Yes,Credit card,84.12,5760.4,No
CUST-02182,Male,1,Yes,No,59,No,No phone service,DSL,No,No,No,Month-to-month,Yes,Credit card,101.07,5927.66,Yes
CUST-02183,Female,0,No,No,65,Yes,Yes,DSL,No,No,No internet service,One year,No,Bank transfer,103.37,6731.66,Yes
CUST-02184,Male,0,No,Yes,25,Yes,No,Fiber optic,Yes,Yes,Yes,Month-to-month,Yes,Electronic check,24.35,581.73,Yes
CUST-02185,Male,0,No,No,70,Yes,No,Fiber optic,No,No,Yes,Two year,No,Bank transfer,52.39,3635.53,No
CUST-02186,Male,0,Yes,No,68,Yes,Yes,No,No,No internet service,Yes,One year,Yes,Electronic check,86.95,5883.06,No
CUST-02187,Female,0,Yes,No,46,Yes,No,Fiber optic,No,No,No,One year,No,Bank transfer,105.02,4833.05,No
CUST-02188,Female,0,Yes,No,41,No,No,Fiber optic,No internet service,No,No internet service,Two year,Yes,Credit card,99.75,4128.34,No
CUST-02189,Male,1,Yes,No,30,Yes,No,Fiber optic,Yes,No,No,Two year,No,Mailed check,61.06,1863.66,No
CUST-02190,Female,0,Yes,No,21,No,No,No,No,No internet service,No,Month-to-month,Yes,Credit card,113.07,2338.81,Yes
CUST-02191,Male,0,Yes,Yes,16,No,No,Fiber optic,No,Yes,No internet service,One year,Yes,Electronic check,48.67,779.71,Yes
CUST-02192,Female,0,Yes,No,19,Yes,Yes,DSL,Yes,No,No,Month-to-month,Yes,Mailed check,56.33,1035.36,Yes
CUST-02193,Male,0,Yes,No,7,Yes,No,Fiber optic,No,No,No internet service,One year,Yes,Credit card,36.5,249.3,Yes
CUST-02194,Male,0,Yes,No,48,Yes,No,DSL,No,Yes,No internet service,Two year,No,Credit card,41.15,1981.45,No
CUST-02195,Female,1,Yes,No,37,Yes,No,DSL,No,No,No,Month-to-month,Yes,Mailed check,18.89,730.09,No
CUST-02196,Male,0,No,No,52,Yes,No,Fiber optic,No,No,Yes,Month-to-month,Yes,Credit card,49.47,2608.57,No
CUST-02197,Female,0,Yes,Yes,27,Yes,No,No,No internet service,No internet service,Yes,Month-to-month,No,Electronic check,49.27,1283.06,No
CUST-02198,Female,0,Yes,Yes,28,Yes,Yes,Fiber optic,No internet service,No,No,Two year,No,Bank transfer,24.86,715.0,No
CUST-02199,Male,1,Yes,No,71,Yes,No,Fiber optic,No internet service,Yes,No,Month-to-month,Yes,Electronic check,52.73,3734.85,Yes
CUST-02200,Male,0,No,No,10,Yes,No,DSL,No internet service,Yes,Yes,Month-to-month,Yes,Credit card,48.74,486.9,Yes
CUST-02201,Female,0,Yes,No,46,Yes,No,Fiber optic,Yes,No,Yes,Month-to-month,No,Mailed check,99.5,4549.18,Yes
CUST-02202,Male,0,Yes,Yes,44,Yes,No,Fiber optic,No,No,No,Month-to-month,No,Mailed check,33.94,1446.79,Yes
CUST-02203,Male,0,No,No,17,Yes,Yes,Fiber optic,No internet service,Yes,No,Month-to-month,No,Mailed check,91.96,1596.86,Yes
CUST-02204,Male,0,Yes,Yes,49,Yes,No,DSL,No,No,No,Two year,No,Credit card,31.26,1504.8,No
CUST-02205,Male,0,No,Yes,48,Yes,Yes,Fiber optic,No,No internet service,No,Month-to-month,Yes,Mailed check,68.62,3331.79,No
CUST-02206,Male,0,No,No,21,Yes,Yes,No,No,Yes,No,Two year,Yes,Electronic check,93.11,1912.28,No
CUST-02207,Female,0,No,No,44,Yes,No,Fiber optic,Yes,No,No internet service,Two year,Yes,Electronic check,79.86,3504.68,No
CUST-02208,Female,0,No,No,60,Yes,Yes,DSL,No,No,No,One year,Yes,Credit card,83.88,5057.03,No
CUST-02209,Male,0,Yes,Yes,20,Yes,Yes,DSL,No,No,No,Month-to-month,Yes,Electronic check,39.05,756.67,Yes
CUST-02210,Male,0,No,No,70,Yes,Yes,DSL,No,No,Yes,One year,Yes,Electronic check,102.4,7214.74,No
CUST-02211,Male,0,No,No,60,Yes,No,DSL,No,No,No,Month-to-month,Yes,Mailed check,115.12,6920.95,No
CUST-02212,Female,0,Yes,No,35,Yes,Yes,No,No internet service,No internet service,No,Two year,Yes,Bank transfer,33.75,1152.99,No
CUST-02213,Male,0,Yes,No,23,Yes,No,Fiber optic,Yes,Yes,Yes,Month-to-month,No,Electronic check,108.6,2527.16,Yes
CUST-02214,Female,0,Yes,No,31,No,No,Fiber optic,No,No,No,Month-to-month,Yes,Credit card,58.56,1863.82,Yes
CUST-02215,Female,0,No,No,58,Yes,No,No,No,No,Yes,Month-to-month,No,Mailed check,89.28,5153.15,No
CUST-02216,Female,0,Yes,No,4,Yes,Yes,DSL,No,Yes,Yes,Two year,No,Electronic check,69.69,311.01,Yes
CUST-02217,Male,1,No,No,15,Yes,No,Fiber optic,No,No,No,Two year,Yes,Credit card,98.92,1531.53,No
CUST-02218,Female,0,No,Yes,10,Yes,Yes,DSL,No internet service,Yes,Yes,One year,Yes,Credit card,22.62,198.27,No
CUST-02219,Male,1,Yes,No,34,Yes,Yes,DSL,No,No,Yes,Two year,Yes,Mailed check,51.02,1708.13,No
CUST-02220,Female,0,Yes,Yes,41,Yes,Yes,DSL,Yes,No,No,Two year,Yes,Credit card,22.84,958.15,No
CUST-02221,Male,0,Yes,Yes,9,Yes,Yes,No,No,No,No,Month-to-month,Yes,Bank transfer,114.05,1071.52,No
CUST-02222,Female,0,Yes,Yes,7,Yes,No,Fiber optic,Yes,No internet service,No,One year,No,Bank transfer,35.36,267.05,No
CUST-02223,Male,0,Yes,No,25,Yes,No,DSL,No,Yes,Yes,One year,Yes,Electronic check,61.31,1533.21,No
CUST-02224,Female,0,Yes,No,2,Yes,Yes,Fiber optic,Yes,No internet service,Yes,One year,Yes,Bank transfer,83.43,127.38,Yes
CUST-02225,Male,0,No,No,58,Yes,No phone service,DSL,No,No internet service,No,Month-to-month,Yes,Mailed check,65.07,3816.5,Yes
CUST-02226,Male,1,No,No,2,No,Yes,DSL,No,Yes,No,Two year,Yes,Mailed check,72.73,102.37,No
CUST-02227,Male,1,Yes,Yes,37,Yes,No,Fiber optic,Yes,No internet service,No internet service,Month-to-month,No,Electronic check,38.81,1407.12,No
CUST-02228,Male,0,No,No,1,Yes,No,DSL,No internet service,No,No,One year,No,Bank transfer,24.84,19.91,Yes
CUST-02229,Female,0,No,Yes,16,Yes,No,No,No,No internet service,No,Month-to-month,No,Credit card,44.25,708.06,Yes
CUST-02230,Female,0,No,No,72,Yes,Yes,Fiber optic,No,No internet service,No internet service,Month-to-month,No,Credit card,50.35,3580.72,No
CUST-02231,Male,0,No,No,35,Yes,No,DSL,No internet service,No internet service,Yes,One year,Yes,Bank transfer,60.41,2072.58,No
CUST-02232,Female,0,No,Yes,72,Yes,Yes,DSL,No,No,Yes,Month-to-month,Yes,Mailed check,48.19,3432.19,No
CUST-02233,Male,1,No,Yes,1,Yes,Yes,Fiber optic,No,No,No,Month-to-month,Yes,Mailed check,21.65,0.0,Yes
CUST-02234,Male,0,Yes,No,33,Yes,No,DSL,No,No,No,Month-to-month,No,Mailed check,27.65,960.19,Yes
CUST-02235,Female,0,Yes,No,26,Yes,No,Fiber optic,No,No,Yes,Month-to-month,Yes,Mailed check,86.73,2228.77,No
CUST-02236,Male,0,Yes,No,36,Yes,Yes,No,No,Yes,No,One year,Yes,Bank transfer,24.44,917.79,No
CUST-02237,Male,0,No,No,70,Yes,Yes,No,No,No,Yes,Two year,No,Electronic check,22.71,1618.13,No
CUST-02238,Female,0,Yes,No,21,Yes,Yes,Fiber optic,No,No internet service,No,Month-to-month,No,Bank transfer,100.8,2137.39,Yes
CUST-02239,Male,0,Yes,No,67,Yes,Yes,No,No,No internet service,Yes,One year,No,Bank transfer,22.21,1503.86,No
CUST-02240,Male,0,Yes,Yes,13,Yes,Yes,DSL,No,No internet service,No internet service,Two year,Yes,Mailed check,25.01,324.99,No
CUST-02241,Male,0,No,Yes,22,Yes,No phone service,DSL,No,No,Yes,One year,Yes,Mailed check,74.05,1635.48,No
CUST-02242,Male,0,Yes,No,43,Yes,Yes,No,No,No,No internet service,Month-to-month,Yes,Mailed check,63.17,2755.38,Yes
CUST-02243,Female,1,No,No,64,Yes,Yes,DSL,No,No,No,Two year,No,Electronic check,116.37,7475.43,No
CUST-02244,Female,0,Yes,Yes,60,No,No,Fiber optic,No,Yes,No internet service,Two year,No,Electronic check,113.56,6786.68,Yes
CUST-02245,Female,0,Yes,Yes,54,Yes,No,Fiber optic,Yes,No,No internet service,Month-to-month,Yes,Mailed check,85.34,4568.78,Yes
CUST-02246,Male,0,Yes,Yes,70,Yes,No,Fiber optic,No,No,Yes,Month-to-month,Yes,Mailed check,25.33,1752.47,Yes
CUST-02247,Male,0,No,Yes,49,Yes,No,DSL,No internet service,No internet service,Yes,Two year,No,Bank transfer,69.33,3360.42,No
CUST-02248,Female,0,No,Yes,11,Yes,Yes,Fiber optic,No,No internet service,No,One year,No,Bank transfer,22.6,294.05,No
CUST-02249,Male,0,No,No,14,Yes,No,No,No internet service,No internet service,Yes,Month-to-month,Yes,Bank transfer,110.61,1536.81,Yes
CUST-02250,Male,0,No,No,16,No,No,DSL,No,No,No internet service,One year,No,Mailed check,85.32,1332.44,Yes
CUST-02251,Male,0,No,No,33,Yes,No,Fiber optic,No internet service,Yes,Yes,One year,Yes,Bank transfer,76.54,2538.06,No
CUST-02252,Male,0,Yes,No,34,No,No phone service,Fiber optic,Yes,No internet service,Yes,Month-to-month,Yes,Credit card,61.65,2085.92,No
CUST-02253,Female,0,Yes,No,38,Yes,No,DSL,Yes,Yes,Yes,One year,No,Electronic check,69.99,2631.42,Yes
CUST-02254,Female,1,No,No,54,Yes,No,DSL,Yes,No,Yes,Month-to-month,No,Bank transfer,58.83,3132.59,Yes
CUST-02255,Female,1,No,No,58,Yes,Yes,DSL,No internet service,Yes,No,Month-to-month,Yes,Electronic check,28.16,1592.53,No
CUST-02256,Male,0,Yes,No,4,Yes,No,Fiber optic,No,No internet service,No,Month-to-month,Yes,Bank transfer,85.42,348.01,Yes
CUST-02257,Female,0,No,No,29,Yes,No phone service,Fiber optic,No,Yes,No,Month-to-month,No,Electronic check,119.63,3494.3,Yes
CUST-02258,Female,0,Yes,No,3,Yes,No,No,No internet service,Yes,No internet service,Month-to-month,No,Mailed check,29.47,130.99,Yes
CUST-02259,Male,1,No,No,14,Yes,Yes,DSL,Yes,No,Yes,Month-to-month,No,Credit card,119.41,1680.28,Yes
CUST-02260,Male,0,Yes,No,34,Yes,No,No,No,Yes,No,Month-to-month,Yes,Electronic check,109.76,3747.11,No
CUST-02261,Female,1,No,No,54,Yes,Yes,Fiber optic,No,No internet service,Yes,One year,Yes,Bank transfer,109.21,5871.54,No
CUST-02262,Female,0,No,No,65,Yes,No,DSL,No,No,Yes,Two year,No,Mailed check,102.79,6658.79,Yes
CUST-02263,Female,0,Yes,Yes,59,Yes,No,DSL,Yes,No internet service,Yes,Two year,No,Credit card,112.2,6611.56,No
CUST-02264,Female,0,Yes,No,23,Yes,No,Fiber optic,No,No,No internet service,Month-to-month,Yes,Mailed check,43.14,1029.09,Yes
CUST-02265,Male,1,No,No,21,Yes,Yes,No,No,No,No,One year,No,Mailed check,62.59,1307.92,Yes
CUST-02266,Female,1,No,Yes,43,Yes,Yes,Fiber optic,Yes,No internet service,No,Month-to-month,No,Electronic check,66.94,2852.38,Yes
CUST-02267,Female,0,Yes,No,31,Yes,No,Fiber optic,Yes,No,No,Month-to-month,No,Credit card,24.93,814.78,Yes
CUST-02268,Male,0,No,No,50,Yes,No,DSL,Yes,No,No,Month-to-month,Yes,Mailed check,118.06,5894.14,No
CUST-02269,Female,0,Yes,Yes,2,Yes,No,DSL,No,Yes,No,Two year,Yes,Bank transfer,88.32,134.59,No
CUST-02270,Male,0,Yes,No,69,Yes,No,DSL,Yes,Yes,Yes,One year,Yes,Mailed check,64.06,4424.69,No
CUST-02271,Male,0,No,Yes,31,Yes,Yes,DSL,No,No internet service,Yes,Month-to-month,Yes,Bank transfer,119.21,3708.15,Yes
CUST-02272,Male,0,Yes,No,1,Yes,No,Fiber optic,No,Yes,No,One year,No,Mailed check,45.76,91.3,No
CUST-02273,Female,0,Yes,No,58,No,No,No,No internet service,No,No,Month-to-month,No,Credit card,52.38,3068.7,Yes
CUST-02274,Female,0,No,No,72,No,No phone service,DSL,No internet service,No,Yes,Month-to-month,Yes,Credit card,37.47,2657.95,No
CUST-02275,Male,0,Yes,No,13,No,Yes,No,No,No,Yes,Two year,No,Credit card,37.02,482.45,No
CUST-02276,Female,0,Yes,No,50,Yes,Yes,DSL,No,Yes,Yes,One year,Yes,Electronic check,37.22,1854.41,No
CUST-02277,Female,0,Yes,No,10,Yes,No,DSL,No,No internet service,No,One year,Yes,Mailed check,80.31,792.44,No
CUST-02278,Male,0,Yes,No,9,Yes,No,DSL,No internet service,Yes,No,Month-to-month,Yes,Credit card,48.0,395.98,No
CUST-02279,Male,0,No,No,57,Yes,Yes,DSL,No internet service,No internet service,No,Month-to-month,No,Bank transfer,115.08,6547.09,Yes
CUST-02280,Female,0,Yes,No,33,Yes,No phone service,DSL,No,No internet service,No,One year,Yes,Bank transfer,101.31,3340.24,Yes
CUST-02281,Male,0,No,No,52,Yes,Yes,Fiber optic,No,Yes,Yes,Month-to-month,Yes,Mailed check,34.44,1762.77,Yes
CUST-02282,Female,0,Yes,Yes,27,No,Yes,Fiber optic,No,No internet service,No internet service,Month-to-month,Yes,Credit card,103.07,2790.48,Yes
CUST-02283,Female,0,No,No,17,Yes,Yes,DSL,Yes,No,No internet service,One year,No,Electronic check,53.26,877.55,No
CUST-02284,Female,0,Yes,Yes,25,Yes,No,Fiber optic,No internet service,No internet service,Yes,Month-to-month,No,Credit card,41.23,992.88,Yes
CUST-02285,Female,0,No,No,6,Yes,Yes,Fiber optic,No,No,No,Month-to-month,Yes,Mailed check,97.77,635.02,Yes
CUST-02286,Male,1,Yes,No,44,Yes,No,No,No,Yes,No internet service,One year,Yes,Electronic check,105.41,4656.88,No
CUST-02287,Male,1,Yes,Yes,44,Yes,Yes,No,No,No internet service,No,Two year,No,Bank transfer,115.97,5112.16,Yes
CUST-02288,Male,0,Yes,Yes,70,Yes,No,No,Yes,No internet service,No internet service,Month-to-month,No,Credit card,60.86,4242.95,No
CUST-02289,Male,0,Yes,Yes,34,Yes,Yes,Fiber optic,Yes,Yes,Yes,Two year,No,Credit card,75.34,2532.39,No
CUST-02290,Female,0,No,No,51,Yes,No,Fiber optic,Yes,No internet service,No,One year,No,Bank transfer,80.72,4079.87,Yes
CUST-02291,Female,1,No,No,20,Yes,Yes,DSL,No,No internet service,Yes,One year,Yes,Mailed check,82.03,1596.86,No
CUST-02292,Male,0,Yes,No,27,Yes,No phone service,Fiber optic,Yes,No,Yes,One year,No,Electronic check,59.02,1613.51,No
CUST-02293,Female,0,No,No,43,Yes,No,DSL,No internet service,Yes,No internet service,One year,No,Bank transfer,33.54,1419.84,No
CUST-02294,Female,0,Yes,Yes,55,Yes,Yes,DSL,No,No,Yes,Month-to-month,No,Electronic check,25.19,1367.26,No
CUST-02295,Female,0,Yes,No,9,Yes,No phone service,DSL,No,No internet service,Yes,Two year,Yes,Mailed check,110.41,959.79,No
CUST-02296,Male,0,No,No,22,Yes,Yes,Fiber optic,No,Yes,No,Month-to-month,No,Electronic check,55.39,1180.3,No
CUST-02297,Male,0,No,No,47,Yes,No,DSL,Yes,No,No internet service,Month-to-month,No,Electronic check,36.43,1711.71,Yes
CUST-02298,Male,0,No,Yes,51,Yes,No,No,No internet service,No,Yes,Month-to-month,No,Credit card,118.32,6057.07,Yes
CUST-02299,Female,0,Yes,No,14,No,No,DSL,No,Yes,Yes,Month-to-month,Yes,Bank transfer,99.9,1447.69,No
CUST-02300,Male,0,Yes,No,54,Yes,Yes,No,Yes,No,No,Two year,Yes,Electronic check,118.08,6360.27,No
CUST-02301,Male,0,No,No,42,Yes,No,DSL,Yes,Yes,No internet service,Month-to-month,Yes,Electronic check,46.44,1966.86,No
CUST-02302,Male,1,Yes,No,49,Yes,Yes,Fiber optic,No,No,Yes,Two year,No,Bank transfer,65.25,3158.86,No
CUST-02303,Male,0,No,No,5,Yes,No,Fiber optic,No,No,Yes,One year,Yes,Bank transfer,100.49,508.02,Yes
CUST-02304,Male,0,No,No,32,Yes,Yes,Fiber optic,No,Yes,No,Two year,Yes,Mailed check,74.29,2379.09,No
CUST-02305,Male,0,No,Yes,61,Yes,No,Fiber optic,No,No internet service,Yes,Two year,Yes,Bank transfer,54.21,3260.02,No
CUST-02306,Female,0,No,No,54,Yes,No,Fiber optic,No,No,Yes,Two year,No,Electronic check,34.16,1842.94,No
CUST-02307,Female,1,No,No,38,Yes,No,Fiber optic,No,No,No internet service,Month-to-month,Yes,Credit card,75.3,2860.94,No
CUST-02308,Male,0,No,Yes,11,Yes,No,Fiber optic,No,No internet service,No internet service,Two year,No,Mailed check,79.04,856.64,Yes
CUST-02309,Male,1,Yes,No,30,Yes,Yes,Fiber optic,No,Yes,No internet service,Month-to-month,No,Bank transfer,91.52,2752.95,Yes
CUST-02310,Female,0,Yes,No,52,Yes,Yes,DSL,Yes,Yes,Yes,Month-to-month,No,Bank transfer,98.63,5083.32,Yes
CUST-02311,Female,1,No,No,33,Yes,Yes,DSL,No,Yes,Yes,One year,No,Bank transfer,30.05,1026.09,No
CUST-02312,Male,0,No,No,40,Yes,No phone service,DSL,Yes,No,Yes,One year,No,Mailed check,82.05,3284.05,Yes
CUST-02313,Male,0,No,No,9,Yes,No,No,Yes,No internet service,Yes,Month-to-month,Yes,Mailed check,97.71,832.6,Yes
CUST-02314,Male,0,Yes,No,51,Yes,No,Fiber optic,No,No,No internet service,Two year,Yes,Bank transfer,57.68,2990.06,No
CUST-02315,Male,1,No,Yes,56,Yes,No,DSL,No,No internet service,No internet service,Month-to-month,Yes,Mailed check,46.11,,No
CUST-02316,Female,1,No,No,2,Yes,No phone service,Fiber optic,Yes,No,No internet service,Month-to-month,Yes,Credit card,66.92,182.51,Yes
CUST-02317,Male,0,No,Yes,56,Yes,No,Fiber optic,Yes,Yes,Yes,Month-to-month,No,Electronic check,49.63,2747.31,Yes
CUST-02318,Male,1,Yes,Yes,32,Yes,No,DSL,No internet service,No,No,Month-to-month,Yes,Credit card,70.01,2193.32,Yes
CUST-02319,Male,0,No,No,6,Yes,No,No,No,Yes,No,Month-to-month,Yes,Electronic check,49.47,318.16,Yes
CUST-02320,Male,0,Yes,No,3,Yes,No,Fiber optic,Yes,Yes,No internet service,Month-to-month,Yes,Mailed check,61.12,227.9,Yes
CUST-02321,Female,0,Yes,No,38,Yes,No,Fiber optic,Yes,No,No,Month-to-month,No,Bank transfer,111.34,4188.68,No
CUST-02322,Female,0,No,Yes,47,Yes,No,No,No,No,Yes,Two year,Yes,Mailed check,111.49,5263.58,No
CUST-02323,Female,0,Yes,No,15,No,No,Fiber optic,No,No,Yes,Month-to-month,Yes,Credit card,119.2,1744.92,Yes
CUST-02324,Male,0,Yes,Yes,37,Yes,Yes,Fiber optic,Yes,Yes,No internet service,Month-to-month,Yes,Credit card,67.58,2529.85,Yes
CUST-02325,Male,0,Yes,No,3,Yes,No,Fiber optic,No,No,No,Month-to-month,Yes,Mailed check,35.14,113.55,Yes
CUST-02326,Female,0,No,No,3,Yes,No,Fiber optic,No,Yes,No,One year,No,Bank transfer,108.68,354.22,Yes
CUST-02327,Male,0,Yes,Yes,26,No,Yes,No,No,No,No internet service,Two year,Yes,Bank transfer,78.88,2038.03,No
CUST-02328,Male,0,No,No,16,Yes,Yes,Fiber optic,No internet service,No,No,Two year,Yes,Electronic check,94.27,1548.86,Yes
CUST-02329,Female,0,No,Yes,69,Yes,No,DSL,Yes,Yes,Yes,Month-to-month,Yes,Credit card,34.58,2366.29,No
CUST-02330,Female,0,No,No,53,Yes,No,No,No internet service,No,Yes,Month-to-month,No,Electronic check,50.61,2660.65,Yes
CUST-02331,Female,0,Yes,No,7,Yes,Yes,Fiber optic,No internet service,Yes,Yes,Month-to-month,No,Mailed check,46.07,368.55,Yes
CUST-02332,Female,0,No,No,52,Yes,Yes,DSL,No,No,Yes,One year,Yes,Electronic check,75.1,3867.48,No
CUST-02333,Male,0,Yes,No,4,No,No,Fiber optic,No internet service,Yes,Yes,Month-to-month,Yes,Bank transfer,119.71,488.1,Yes
CUST-02334,Male,0,Yes,No,68,Yes,Yes,Fiber optic,No,No internet service,Yes,Month-to-month,No,Credit card,80.46,5478.68,Yes
CUST-02335,Female,0,Yes,Yes,46,Yes,No,No,No internet service,Yes,Yes,Month-to-month,Yes,Bank transfer,76.43,3489.45,Yes
CUST-02336,Male,0,Yes,Yes,39,Yes,No,No,No,No internet service,Yes,Two year,No,Electronic check,95.43,3703.48,No
CUST-02337,Female,0,No,No,6,Yes,No,DSL,Yes,No,Yes,Two year,Yes,Mailed check,51.54,287.9,No
CUST-02338,Female,0,No,No,11,No,No phone service,No,No,No,No internet service,Month-to-month,Yes,Electronic check,43.83,516.74,Yes
CUST-02339,Male,0,Yes,Yes,24,Yes,Yes,Fiber optic,Yes,No internet service,No internet service,Month-to-month,Yes,Bank transfer,103.48,2472.48,Yes
CUST-02340,Female,1,No,No,27,Yes,Yes,Fiber optic,Yes,No,No,Two year,No,Credit card,115.98,3117.33,No
CUST-02341,Male,1,No,No,42,Yes,Yes,Fiber optic,No,Yes,No internet service,Month-to-month,Yes,Electronic check,60.98,2574.83,No
CUST-02342,Male,0,No,No,46,Yes,Yes,DSL,No internet service,Yes,No,Two year,Yes,Credit card,22.21,1021.21,No
CUST-02343,Male,0,Yes,No,48,Yes,Yes,Fiber optic,No,No,No internet service,Month-to-month,No,Credit card,36.27,1733.56,Yes
CUST-02344,Male,0,No,No,53,Yes,No,DSL,No internet service,Yes,No,One year,No,Electronic check,105.41,5607.67,No
CUST-02345,Female,0,Yes,No,17,Yes,Yes,Fiber optic,Yes,No,No,Month-to-month,Yes,Bank transfer,30.41,508.23,No
CUST-02346,Male,1,No,Yes,26,Yes,No phone service,No,No,No internet service,No internet service,Two year,Yes,Mailed check,95.83,2463.8,No
CUST-02347,Female,0,Yes,No,71,Yes,Yes,No,No,No,No,Two year,Yes,Bank transfer,81.26,5793.64,No
CUST-02348,Female,0,Yes,Yes,5,Yes,No,DSL,Yes,Yes,No,Month-to-month,Yes,Electronic check,92.13,417.43,Yes
CUST-02349,Female,0,Yes,Yes,68,Yes,No phone service,DSL,Yes,Yes,No,One year,No,Credit card,44.17,3053.53,No
CUST-02350,Female,1,No,No,70,Yes,Yes,No,No internet service,Yes,No internet service,Month-to-month,No,Bank transfer,19.87,1400.56,No
CUST-02351,Male,0,Yes,No,21,No,No,Fiber optic,No,No,No,Month-to-month,No,Mailed check,22.05,434.68,Yes
CUST-02352,Male,0,No,Yes,58,Yes,No,No,No,No,No,Two year,No,Credit card,91.93,5301.76,Yes
CUST-02353,Female,0,Yes,No,46,Yes,No,Fiber optic,No internet service,No,No,Month-to-month,No,Mailed check,80.57,3683.59,Yes
CUST-02354,Female,0,No,No,67,Yes,No,Fiber optic,No internet service,Yes,No internet service,Two year,Yes,Credit card,103.73,6987.84,No
CUST-02355,Male,0,Yes,Yes,31,Yes,Yes,DSL,No,Yes,No,Two year,Yes,Mailed check,58.72,1852.99,No
CUST-02356,Female,0,No,No,0,Yes,No,DSL,No internet service,No internet service,No,Month-to-month,No,Mailed check,74.67,0.0,Yes
CUST-02357,Male,1,Yes,No,53,Yes,No,DSL,Yes,Yes,No,Two year,Yes,Electronic check,97.92,5199.76,No
CUST-02358,Female,1,Yes,Yes,45,Yes,Yes,DSL,Yes,No,Yes,Month-to-month,No,Electronic check,68.66,3130.79,Yes
CUST-02359,Male,1,Yes,No,40,No,No phone service,Fiber optic,No internet service,Yes,Yes,Month-to-month,No,Credit card,119.32,4796.11,Yes
CUST-02360,Female,0,No,No,40,Yes,No,Fiber optic,No,Yes,No,Month-to-month,Yes,Electronic check,93.77,3759.55,Yes
CUST-02361,Female,0,Yes,No,7,Yes,No,Fiber optic,No,No internet service,No,One year,Yes,Electronic check,87.7,584.76,Yes
CUST-02362,Male,0,Yes,No,31,Yes,No,No,Yes,Yes,Yes,Month-to-month,No,Mailed check,99.76,3136.91,Yes
CUST-02363,Female,0,Yes,Yes,29,Yes,No,Fiber optic,No internet service,No,Yes,Two year,Yes,Credit card,97.27,2860.01,No
CUST-02364,Female,0,Yes,No,45,Yes,Yes,Fiber optic,Yes,No,No internet service,Two year,Yes,Mailed check,40.41,1800.57,No
CUST-02365,Male,0,No,Yes,51,No,No,No,Yes,No,No,Month-to-month,Yes,Electronic check,39.46,2012.23,Yes
CUST-02366,Female,0,Yes,No,60,Yes,No,Fiber optic,Yes,No internet service,Yes,One year,Yes,Electronic check,79.82,4747.38,No
CUST-02367,Male,0,Yes,No,12,Yes,No,DSL,No,Yes,Yes,One year,Yes,Bank transfer,62.48,762.91,No
CUST-02368,Male,0,No,Yes,39,Yes,No phone service,Fiber optic,No,Yes,No,One year,Yes,Mailed check,106.9,4124.54,Yes
CUST-02369,Female,0,No,No,60,Yes,Yes,Fiber optic,No,Yes,No,Month-to-month,No,Electronic check,47.59,2896.0,Yes
CUST-02370,Female,0,No,Yes,43,Yes,Yes,Fiber optic,Yes,No,No internet service,Month-to-month,Yes,Credit card,51.75,2263.29,Yes
CUST-02371,Female,0,Yes,No,61,Yes,No,DSL,No internet service,No,Yes,Two year,Yes,Credit card,34.96,2110.71,No
CUST-02372,Female,0,No,No,43,Yes,No,DSL,No internet service,No internet service,No,Month-to-month,No,Electronic check,118.14,5104.22,Yes
CUST-02373,Female,0,No,Yes,47,Yes,Yes,Fiber optic,Yes,Yes,No,Month-to-month,Yes,Electronic check,29.84,1396.42,Yes
CUST-02374,Female,0,No,No,58,Yes,No,DSL,No internet service,No,No,One year,Yes,Electronic check,118.26,6893.62,No
CUST-02375,Female,0,Yes,No,56,Yes,Yes,Fiber optic,No internet service,Yes,No internet service,Two year,No,Credit card,90.05,4998.95,No
CUST-02376,Male,0,Yes,Yes,10,Yes,Yes,Fiber optic,No,Yes,Yes,Month-to-month,Yes,Electronic check,27.09,271.47,No
CUST-02377,Female,0,Yes,No,24,No,No phone service,Fiber optic,Yes,No,Yes,One year,Yes,Mailed check,33.51,793.98,Yes
CUST-02378,Male,0,No,No,60,Yes,Yes,DSL,No internet service,No internet service,No internet service,Month-to-month,Yes,Bank transfer,51.35,3057.04,No
CUST-02379,Female,0,Yes,No,45,Yes,No phone service,DSL,Yes,Yes,Yes,One year,No,Bank transfer,44.56,1976.13,Yes
CUST-02380,Female,0,No,No,53,Yes,Yes,No,Yes,Yes,No internet service,Month-to-month,No,Bank transfer,117.26,6232.43,Yes
CUST-02381,Male,0,No,No,33,Yes,Yes,Fiber optic,No,No,No,One year,No,Mailed check,80.56,2628.67,Yes
CUST-02382,Female,0,No,No,6,Yes,No,No,No,No,Yes,Month-to-month,No,Electronic check,25.59,166.76,Yes
CUST-02383,Female,0,Yes,No,61,Yes,No,Fiber optic,No,No internet service,Yes,One year,Yes,Bank transfer,71.59,4355.96,No
CUST-02384,Male,0,No,No,56,Yes,No,Fiber optic,No,Yes,Yes,One year,No,Credit card,109.51,6106.82,Yes
CUST-02385,Female,1,No,Yes,4,Yes,Yes,Fiber optic,No,No,No,Two year,No,Electronic check,60.45,270.17,Yes
CUST-02386,Female,0,Yes,No,34,Yes,No,No,No,No,Yes,Month-to-month,No,Credit card,85.95,2908.69,Yes
CUST-02387,Female,0,No,No,36,Yes,Yes,No,No,No,No,One year,No,Bank transfer,96.87,3438.81,No
CUST-02388,Male,0,No,No,59,Yes,No,No,No,Yes,Yes,Month-to-month,No,Mailed check,36.87,2210.44,Yes
CUST-02389,Female,0,No,Yes,64,Yes,Yes,No,No internet service,Yes,No internet service,Month-to-month,No,Bank transfer,105.26,6718.09,No
CUST-02390,Female,0,Yes,No,15,Yes,No,Fiber optic,No internet service,No internet service,No internet service,Month-to-month,No,Bank transfer,63.78,988.93,No
CUST-02391,Female,0,No,No,29,Yes,No,DSL,No,No,No,Month-to-month,Yes,Electronic check,23.78,694.25,Yes
CUST-02392,Female,0,Yes,No,72,Yes,No,Fiber optic,Yes,Yes,No internet service,Month-to-month,No,Electronic check,107.65,7788.93,Yes
CUST-02393,Male,0,Yes,No,41,Yes,No,DSL,No internet service,No internet service,No,One year,No,Bank transfer,75.56,3089.77,No
CUST-02394,Male,0,No,No,60,No,Yes,DSL,Yes,No,Yes,One year,Yes,Mailed check,38.23,2260.75,No
CUST-02395,Female,0,No,No,47,Yes,No,Fiber optic,Yes,No,Yes,Month-to-month,Yes,Credit card,50.38,2319.66,Yes
CUST-02396,Female,0,No,No,61,Yes,Yes,Fiber optic,No internet service,No,No,One year,Yes,Credit card,76.08,4668.73,No
CUST-02397,Male,0,No,Yes,63,Yes,Yes,Fiber optic,No,No,Yes,Month-to-month,No,Mailed check,56.17,3566.64,No
CUST-02398,Male,0,Yes,No,56,Yes,No,Fiber optic,No,Yes,No internet service,Two year,Yes,Electronic check,41.8,2310.36,No
CUST-02399,Female,1,Yes,Yes,67,Yes,No,Fiber optic,No internet service,No internet service,No internet service,Month-to-month,Yes,Bank transfer,66.89,4527.18,Yes
CUST-02400,Male,0,No,No,45,Yes,Yes,No,No internet service,No,No,Month-to-month,Yes,Bank transfer,36.87,1704.06,No
CUST-02401,Female,0,Yes,No,27,Yes,No,Fiber optic,No,No internet service,No,Month-to-month,Yes,Bank transfer,43.03,1148.36,No
CUST-02402,Male,0,No,No,2,Yes,No,Fiber optic,No internet service,No,Yes,Month-to-month,No,Credit card,102.33,169.42,Yes
CUST-02403,Male,0,No,Yes,36,Yes,Yes,Fiber optic,No,No,Yes,Month-to-month,Yes,Mailed check,41.31,1465.55,Yes
CUST-02404,Male,1,No,No,47,Yes,Yes,No,Yes,Yes,No,Month-to-month,No,Mailed check,88.93,4222.64,Yes
CUST-02405,Male,0,No,Yes,18,Yes,No,Fiber optic,No internet service,No,No,Two year,Yes,Bank transfer,43.55,794.84,No
CUST-02406,Female,1,Yes,Yes,16,Yes,Yes,DSL,Yes,No,No,Two year,Yes,Bank transfer,39.66,676.0,No
CUST-02407,Male,0,Yes,Yes,39,Yes,No,DSL,No,Yes,Yes,One year,Yes,Mailed check,43.62,1653.46,No
CUST-02408,Male,0,No,No,49,Yes,No,Fiber optic,No,No,No,Month-to-month,No,Credit card,65.77,3271.82,No
CUST-02409,Female,0,No,No,72,Yes,No,DSL,No,Yes,No internet service,Month-to-month,Yes,Electronic check,32.92,2383.04,No
CUST-02410,Male,1,Yes,No,28,Yes,Yes,Fiber optic,Yes,No internet service,No,Month-to-month,No,Bank transfer,28.87,776.93,Yes
CUST-02411,Male,0,Yes,No,50,Yes,No,DSL,No internet service,No internet service,Yes,Month-to-month,Yes,Mailed check,95.19,4760.18,Yes
CUST-02412,Female,0,Yes,Yes,41,Yes,Yes,DSL,No,No,Yes,Month-to-month,No,Credit card,20.38,867.59,No
CUST-02413,Male,0,No,No,28,Yes,No,DSL,Yes,Yes,Yes,One year,No,Electronic check,57.32,1569.07,Yes
CUST-02414,Female,0,Yes,Yes,65,Yes,No phone service,No,No,No,No,Two year,Yes,Mailed check,58.4,3806.86,No
CUST-02415,Female,1,No,Yes,16,Yes,Yes,Fiber optic,No,No,Yes,Month-to-month,Yes,Bank transfer,109.09,1764.8,Yes
CUST-02416,Female,0,No,Yes,30,Yes,No,DSL,No,No internet service,No,Month-to-month,Yes,Mailed check,97.0,2901.28,No
CUST-02417,Female,0,Yes,No,51,Yes,No,Fiber optic,Yes,Yes,Yes,Month-to-month,Yes,Credit card,70.09,3578.75,No
CUST-02418,Male,0,No,No,38,Yes,No,Fiber optic,No,No,No,Month-to-month,Yes,Bank transfer,66.94,2577.45,Yes
CUST-02419,Female,0,Yes,No,59,Yes,Yes,Fiber optic,Yes,Yes,No,Two year,Yes,Mailed check,75.69,4510.89,No
CUST-02420,Male,1,No,No,50,Yes,Yes,Fiber optic,No internet service,No internet service,Yes,Month-to-month,Yes,Mailed check,54.5,2730.42,No
CUST-02421,Male,0,No,No,15,Yes,No,No,Yes,No internet service,No internet service,One year,Yes,Bank transfer,89.48,1362.46,Yes
CUST-02422,Male,0,No,Yes,13,Yes,Yes,Fiber optic,No,No internet service,No internet service,Month-to-month,No,Bank transfer,87.98,1126.02,Yes
CUST-02423,Male,1,No,No,41,Yes,No,No,No,No,No,Month-to-month,No,Credit card,76.61,3124.42,No
CUST-02424,Male,0,No,No,50,Yes,No,DSL,No,No,No,Month-to-month,No,Bank transfer,23.88,1232.84,No
CUST-02425,Male,0,No,No,23,Yes,No,No,Yes,No internet service,No,Month-to-month,No,Credit card,30.94,671.49,Yes
CUST-02426,Male,0,Yes,No,42,Yes,Yes,Fiber optic,Yes,No,No,One year,Yes,Mailed check,22.01,894.97,Yes
CUST-02427,Male,0,Yes,No,72,Yes,Yes,DSL,Yes,Yes,No,Two year,Yes,Bank transfer,91.29,6549.87,No
CUST-02428,Male,0,No,Yes,18,Yes,No,DSL,No,No internet service,No internet service,Month-to-month,No,Credit card,66.72,1160.4,Yes
CUST-02429,Male,1,Yes,No,60,Yes,Yes,Fiber optic,Yes,No,No,One year,Yes,Mailed check,115.41,6941.36,No
CUST-02430,Female,0,No,No,62,Yes,No,DSL,Yes,No,No,Month-to-month,Yes,Electronic check,115.14,7179.31,Yes
CUST-02431,Female,0,Yes,Yes,25,Yes,Yes,No,Yes,Yes,Yes,Two year,Yes,Mailed check,99.41,2437.95,No
CUST-02432,Female,1,Yes,No,34,Yes,Yes,No,No internet service,Yes,Yes,Two year,Yes,Bank transfer,63.19,2123.69,No
CUST-02433,Male,0,No,No,66,Yes,Yes,DSL,No internet service,No,No,Month-to-month,Yes,Credit card,50.27,3359.88,No
CUST-02434,Female,0,Yes,Yes,55,Yes,Yes,DSL,No,No,No internet service,Two year,Yes,Electronic check,38.5,2114.06,No
CUST-02435,Female,0,No,No,39,No,No phone service,No,No,No,No,One year,No,Credit card,41.71,1665.25,No
CUST-02436,Female,1,Yes,No,28,Yes,Yes,DSL,Yes,No,No,Two year,Yes,Credit card,119.01,3376.68,No
CUST-02437,Male,0,No,No,5,Yes,No,DSL,No,No,Yes,One year,Yes,Electronic check,72.1,409.59,Yes
CUST-02438,Male,0,Yes,Yes,51,Yes,Yes,DSL,No,No internet service,No,Month-to-month,Yes,Electronic check,19.25,971.32,Yes
CUST-02439,Male,0,No,Yes,0,Yes,No,No,No,No,Yes,One year,Yes,Credit card,22.52,0.0,No
CUST-02440,Male,0,Yes,No,51,Yes,No,No,No,No internet service,No,One year,No,Bank transfer,64.79,3329.15,No
CUST-02441,Female,0,No,No,23,Yes,No phone service,Fiber optic,No,Yes,No,Month-to-month,No,Electronic check,63.24,1463.98,Yes
CUST-02442,Female,1,Yes,No,33,Yes,No,DSL,Yes,No internet service,No internet service,One year,Yes,Bank transfer,59.37,1975.13,No
CUST-02443,Female,0,No,Yes,6,Yes,No phone service,Fiber optic,Yes,No,No internet service,One year,Yes,Electronic check,102.01,615.3,Yes
CUST-02444,Female,0,Yes,Yes,10,Yes,No,DSL,Yes,No,No,Two year,No,Credit card,89.72,898.61,No
CUST-02445,Male,1,No,Yes,35,Yes,Yes,Fiber optic,Yes,Yes,No internet service,One year,Yes,Electronic check,28.96,995.1,Yes
CUST-02446,Male,0,Yes,No,19,Yes,No phone service,DSL,Yes,No internet service,No,Month-to-month,Yes,Credit card,54.99,1054.37,Yes
CUST-02447,Male,0,No,No,62,Yes,No phone service,Fiber optic,Yes,No internet service,No internet service,Two year,Yes,Electronic check,78.86,4866.14,No
CUST-02448,Female,0,No,No,62,Yes,Yes,Fiber optic,Yes,No internet service,No,One year,Yes,Electronic check,57.01,3520.19,Yes
CUST-02449,Male,1,No,No,68,Yes,No phone service,DSL,Yes,No,No internet service,Month-to-month,Yes,Electronic check,39.25,2682.06,No
CUST-02450,Male,0,No,No,29,Yes,No,No,Yes,Yes,Yes,Month-to-month,Yes,Mailed check,82.06,2393.4,Yes
CUST-02451,Female,0,Yes,No,29,Yes,No phone service,DSL,No,No,No,One year,No,Electronic check,79.43,2311.18,No
CUST-02452,Female,0,Yes,Yes,21,Yes,No phone service,DSL,No,No,Yes,Month-to-month,No,Mailed check,117.41,2483.08,Yes
CUST-02453,Male,0,Yes,No,60,Yes,No,No,No,Yes,Yes,Two year,Yes,Bank transfer,75.23,4504.99,No
CUST-02454,Male,0,No,No,20,Yes,No,DSL,No internet service,No,No,Two year,No,Bank transfer,107.18,2153.04,No
CUST-02455,Male,0,No,Yes,36,Yes,Yes,DSL,No internet service,No,Yes,Month-to-month,No,Electronic check,114.82,4093.05,Yes
CUST-02456,Male,0,No,Yes,26,Yes,Yes,Fiber optic,No,No,No,Month-to-month,Yes,Bank transfer,62.35,1619.47,Yes
CUST-02457,Male,0,No,No,34,No,Yes,DSL,No,Yes,No,One year,Yes,Electronic check,23.4,804.2,No
CUST-02458,Male,0,No,No,37,Yes,Yes,No,Yes,Yes,Yes,Month-to-month,Yes,Mailed check,32.64,1199.9,No
CUST-02459,Female,0,Yes,Yes,59,Yes,Yes,DSL,No internet service,No,No,Month-to-month,Yes,Bank transfer,69.4,4046.3,Yes
CUST-02460,Female,0,Yes,Yes,69,Yes,No,DSL,No,No internet service,No internet service,Month-to-month,Yes,Credit card,109.08,7546.62,Yes
CUST-02461,Female,0,Yes,No,31,Yes,Yes,No,No internet service,No internet service,No,Two year,Yes,Electronic check,84.72,2621.87,No
CUST-02462,Male,0,No,No,26,Yes,No,DSL,Yes,Yes,Yes,Two year,No,Electronic check,38.55,967.87,No
CUST-02463,Female,0,No,No,2,No,No,No,No,No,No,Month-to-month,No,Bank transfer,89.51,226.27,Yes
CUST-02464,Male,0,No,Yes,48,Yes,No,DSL,Yes,No,Yes,One year,No,Bank transfer,109.21,5286.32,No
CUST-02465,Male,0,No,Yes,29,Yes,No,DSL,No internet service,No,No,Month-to-month,No,Bank transfer,21.08,577.19,Yes
CUST-02466,Female,1,No,Yes,21,Yes,Yes,DSL,Yes,Yes,No,Two year,No,Electronic check,42.77,918.89,No
CUST-02467,Male,0,No,Yes,18,Yes,Yes,DSL,No,No,No internet service,Month-to-month,Yes,Credit card,33.62,606.91,No
CUST-02468,Male,1,No,No,30,Yes,No,Fiber optic,Yes,Yes,No,Month-to-month,No,Electronic check,97.98,2918.33,Yes
CUST-02469,Female,0,Yes,No,19,Yes,No,DSL,No internet service,No,No,Month-to-month,No,Electronic check,108.93,2088.11,Yes
CUST-02470,Female,0,Yes,No,18,Yes,No,Fiber optic,Yes,No,No,Month-to-month,Yes,Mailed check,74.56,1336.86,Yes
CUST-02471,Female,1,No,No,1,No,No,DSL,No internet service,No,No,Month-to-month,No,Electronic check,104.52,144.37,Yes
CUST-02472,Male,0,No,Yes,39,Yes,Yes,Fiber optic,No,No,No internet service,Month-to-month,Yes,Electronic check,85.01,3335.75,Yes
CUST-02473,Female,0,No,No,38,No,Yes,DSL,No,No internet service,Yes,Month-to-month,Yes,Electronic check,84.98,3230.0,Yes
CUST-02474,Female,0,Yes,No,71,Yes,No,Fiber optic,Yes,Yes,Yes,Month-to-month,No,Credit card,77.13,5471.42,Yes
CUST-02475,Male,0,Yes,No,53,Yes,Yes,DSL,No internet service,No,Yes,Month-to-month,Yes,Bank transfer,23.1,1177.46,Yes
CUST-02476,Female,0,No,Yes,26,Yes,No,DSL,No,No internet service,Yes,Month-to-month,No,Electronic check,113.57,2918.91,No
CUST-02477,Female,0,Yes,No,11,Yes,No,No,No,No,No,Two year,No,Mailed check,54.29,551.7,No
CUST-02478,Female,0,Yes,Yes,70,Yes,Yes,Fiber optic,No,No,Yes,One year,No,Mailed check,99.86,6946.54,No
CUST-02479,Male,0,Yes,Yes,16,Yes,No,DSL,Yes,Yes,No internet service,Month-to-month,Yes,Bank transfer,100.62,1566.63,Yes
CUST-02480,Male,1,No,No,9,Yes,No,DSL,Yes,No,No,Month-to-month,No,Mailed check,116.51,1000.0,Yes
CUST-02481,Male,0,Yes,No,18,Yes,No,DSL,No,Yes,No,Month-to-month,No,Mailed check,51.32,952.89,Yes
CUST-02482,Male,0,Yes,Yes,29,Yes,Yes,Fiber optic,No,No,No,Month-to-month,Yes,Credit card,119.73,3470.03,Yes
CUST-02483,Female,0,No,Yes,29,Yes,No,DSL,No,No,No internet service,Month-to-month,No,Electronic check,48.66,1436.05,Yes
CUST-02484,Male,0,No,No,24,Yes,Yes,Fiber optic,No,No,No,Month-to-month,No,Electronic check,64.04,1503.73,Yes
CUST-02485,Male,0,Yes,Yes,65,No,No,Fiber optic,No,No,Yes,One year,Yes,Electronic check,90.04,5886.72,Yes
CUST-02486,Female,0,No,No,34,Yes,No,No,No internet service,No,Yes,Two year,Yes,Electronic check,33.81,1108.95,No
CUST-02487,Female,0,Yes,Yes,50,No,Yes,DSL,No,No,No internet service,Month-to-month,Yes,Electronic check,45.17,2240.71,Yes
CUST-02488,Female,0,Yes,Yes,70,Yes,Yes,Fiber optic,No,Yes,No,Month-to-month,Yes,Mailed check,92.27,6445.97,Yes
CUST-02489,Male,0,No,No,70,Yes,Yes,DSL,No internet service,No,Yes,Month-to-month,Yes,Credit card,117.39,8190.87,Yes
CUST-02490,Male,1,No,No,26,Yes,No,Fiber optic,No,Yes,No,Month-to-month,Yes,Electronic check,92.75,2375.23,Yes
CUST-02491,Male,0,Yes,Yes,9,Yes,Yes,Fiber optic,No,Yes,No internet service,Month-to-month,Yes,Mailed check,105.95,966.36,Yes
CUST-02492,Female,0,No,No,42,Yes,No,DSL,No,No internet service,No internet service,One year,No,Bank transfer,21.82,867.29,No
CUST-02493,Female,0,No,Yes,54,Yes,Yes,Fiber optic,No internet service,No,No,Month-to-month,No,Mailed check,76.86,4179.6,Yes
CUST-02494,Male,0,Yes,Yes,70,Yes,No,Fiber optic,No,Yes,No internet service,Month-to-month,No,Credit card,111.24,7741.03,Yes
CUST-02495,Female,1,Yes,No,5,No,No,DSL,Yes,Yes,No,Two year,No,Electronic check,87.6,484.4,No
CUST-02496,Female,0,Yes,No,5,Yes,No,DSL,No,Yes,No,Two year,No,Electronic check,87.0,471.83,No
CUST-02497,Female,0,Yes,No,47,Yes,No,DSL,Yes,No internet service,No,One year,Yes,Electronic check,38.71,1810.83,No
CUST-02498,Male,0,Yes,No,1,Yes,Yes,DSL,No,No,No internet service,Month-to-month,Yes,Credit card,105.84,70.11,Yes
CUST-02499,Female,0,Yes,No,50,Yes,No phone service,DSL,No,No,No,One year,Yes,Bank transfer,106.23,5348.56,No
CUST-02500,Female,0,No,No,60,Yes,No,Fiber optic,Yes,No internet service,Yes,Two year,No,Bank transfer,80.63,4852.21,No
CUST-02501,Male,0,No,Yes,18,Yes,No phone service,DSL,No,No internet service,No,Month-to-month,No,Mailed check,61.52,1107.84,No
CUST-02502,Male,1,Yes,Yes,1,Yes,Yes,DSL,No,No internet service,No,One year,No,Mailed check,102.08,84.02,Yes
CUST-02503,Female,0,No,No,50,Yes,No,Fiber optic,No internet service,No internet service,No,Two year,Yes,Electronic check,65.43,3277.63,No
CUST-02504,Female,1,No,No,25,Yes,No,Fiber optic,Yes,No internet service,Yes,One year,Yes,Electronic check,101.91,2539.26,No
CUST-02505,Male,0,Yes,No,69,Yes,No,No,No,Yes,No,Month-to-month,No,Electronic check,67.46,4651.28,Yes
CUST-02506,Male,0,No,No,19,No,Yes,No,No,Yes,Yes,Month-to-month,Yes,Mailed check,77.14,1500.21,Yes
CUST-02507,Female,1,No,No,22,Yes,No,Fiber optic,Yes,No internet service,No internet service,Month-to-month,Yes,Electronic check,94.3,2119.85,Yes
CUST-02508,Female,0,Yes,Yes,53,Yes,No,DSL,No,No,No,Month-to-month,No,Mailed check,45.03,2432.86,No
CUST-02509,Female,0,No,No,14,Yes,No,Fiber optic,No internet service,No,No internet service,Two year,Yes,Mailed check,43.18,645.31,No
CUST-02510,Female,0,No,No,5,Yes,No,Fiber optic,Yes,Yes,No,Two year,Yes,Credit card,86.12,460.83,No
CUST-02511,Male,0,Yes,No,34,Yes,No,Fiber optic,No,No,No,Month-to-month,Yes,Electronic check,115.3,3915.57,Yes
CUST-02512,Female,0,No,Yes,7,Yes,Yes,DSL,No,No,Yes,Month-to-month,No,Electronic check,63.5,403.32,No
CUST-02513,Female,0,No,No,56,No,No,Fiber optic,Yes,Yes,No,Month-to-month,Yes,Mailed check,109.62,6151.78,Yes
CUST-02514,Male,0,No,No,49,Yes,No,Fiber optic,Yes,No,No internet service,One year,Yes,Mailed check,70.86,3462.34,Yes
CUST-02515,Female,0,Yes,No,48,Yes,Yes,Fiber optic,No internet service,No internet service,Yes,One year,No,Mailed check,117.34,5651.03,No
CUST-02516,Male,0,Yes,No,20,Yes,No,Fiber optic,No internet service,No,Yes,Month-to-month,Yes,Credit card,98.79,1947.88,Yes
CUST-02517,Female,0,No,No,35,Yes,Yes,DSL,No,No,No internet service,One year,No,Credit card,105.67,3724.92,Yes
CUST-02518,Female,0,No,No,70,No,Yes,Fiber optic,No,Yes,No internet service,One year,No,Mailed check,87.32,6079.47,Yes
CUST-02519,Male,1,Yes,No,68,Yes,No,Fiber optic,No,Yes,No,One year,Yes,Credit card,106.59,7278.98,Yes
CUST-02520,Male,0,Yes,Yes,57,Yes,No,DSL,Yes,No,No,Month-to-month,Yes,Credit card,78.47,4513.96,No
CUST-02521,Female,0,No,No,62,Yes,No,No,No internet service,No internet service,No,One year,Yes,Bank transfer,75.87,4743.97,No
CUST-02522,Female,1,Yes,No,15,Yes,No,No,No,No internet service,No,One year,Yes,Electronic check,107.12,1591.46,No
CUST-02523,Female,0,No,No,5,Yes,No,DSL,No,No,No,Month-to-month,Yes,Mailed check,19.54,86.68,Yes
CUST-02524,Male,1,No,Yes,51,Yes,No,DSL,Yes,No,No,Month-to-month,Yes,Bank transfer,66.84,3442.65,No
CUST-02525,Female,0,Yes,No,1,Yes,Yes,Fiber optic,No internet service,No,No,Two year,No,Bank transfer,106.75,125.97,Yes
CUST-02526,Male,0,Yes,Yes,17,Yes,No,Fiber optic,No,No,Yes,Month-to-month,Yes,Credit card,38.01,648.84,Yes
CUST-02527,Male,0,No,Yes,34,Yes,Yes,Fiber optic,Yes,Yes,Yes,Month-to-month,Yes,Mailed check,115.72,3980.54,Yes
CUST-02528,Female,0,No,No,38,Yes,No,Fiber optic,No,No internet service,No,Month-to-month,No,Credit card,93.54,3556.15,No
CUST-02529,Male,0,Yes,Yes,0,No,Yes,No,No,No,Yes,Month-to-month,Yes,Bank transfer,95.77,0.0,Yes
CUST-02530,Female,0,No,Yes,36,No,No phone service,Fiber optic,Yes,No internet service,No,Month-to-month,No,Bank transfer,85.88,3109.67,Yes
CUST-02531,Female,0,Yes,No,20,Yes,No,DSL,No,No,Yes,Month-to-month,No,Bank transfer,63.64,1274.02,Yes
CUST-02532,Female,0,Yes,Yes,0,No,No,Fiber optic,No,No internet service,Yes,Two year,Yes,Electronic check,65.02,0.0,No
CUST-02533,Female,0,Yes,No,3,Yes,Yes,Fiber optic,Yes,Yes,Yes,Two year,No,Mailed check,103.59,276.01,Yes
CUST-02534,Female,0,Yes,Yes,57,Yes,Yes,No,No,Yes,Yes,One year,Yes,Electronic check,32.19,1820.34,No
CUST-02535,Male,0,Yes,No,0,Yes,Yes,DSL,Yes,No internet service,No,One year,No,Bank transfer,71.25,47.06,Yes
CUST-02536,Male,0,No,No,12,Yes,No,Fiber optic,No,No,Yes,One year,No,Bank transfer,49.61,559.9,No
CUST-02537,Female,1,Yes,No,45,No,No,Fiber optic,Yes,Yes,No,One year,No,Bank transfer,118.4,5325.14,No
CUST-02538,Female,0,Yes,Yes,46,Yes,Yes,Fiber optic,Yes,No internet service,Yes,Two year,No,Electronic check,18.38,828.17,No
CUST-02539,Male,1,Yes,Yes,6,Yes,Yes,DSL,No internet service,No internet service,Yes,Two year,Yes,Credit card,24.49,191.24,No
CUST-02540,Male,0,Yes,Yes,50,Yes,Yes,No,No internet service,No,No,One year,Yes,Mailed check,116.67,5821.25,Yes
CUST-02541,Male,0,Yes,No,2,No,No,Fiber optic,No internet service,No,No,Month-to-month,No,Credit card,73.47,119.57,Yes
CUST-02542,Male,0,Yes,No,49,Yes,Yes,No,Yes,No internet service,Yes,Month-to-month,Yes,Credit card,32.13,1572.19,No
CUST-02543,Female,0,Yes,Yes,25,No,No phone service,Fiber optic,No,No,No,Month-to-month,Yes,Bank transfer,63.76,1559.37,No
CUST-02544,Female,0,No,Yes,30,Yes,Yes,Fiber optic,No,No internet service,Yes,Month-to-month,No,Electronic check,50.91,1515.24,Yes
CUST-02545,Male,0,No,Yes,61,Yes,No,No,Yes,No,No,Month-to-month,Yes,Credit card,110.94,6790.59,No
CUST-02546,Female,0,No,No,25,Yes,No,No,No internet service,Yes,No,Two year,Yes,Electronic check,88.13,2213.18,No
CUST-02547,Male,0,No,No,66,Yes,Yes,No,No internet service,No,Yes,Two year,No,Electronic check,31.31,2017.55,No
CUST-02548,Female,0,Yes,No,54,Yes,No,DSL,No,No,No internet service,Month-to-month,No,Electronic check,72.72,3926.67,No
CUST-02549,Male,0,No,No,27,Yes,No,Fiber optic,Yes,Yes,No internet service,Month-to-month,Yes,Mailed check,31.71,887.48,Yes
CUST-02550,Female,0,Yes,No,43,Yes,No,DSL,No,Yes,Yes,Month-to-month,Yes,Credit card,85.85,3697.83,Yes
CUST-02551,Male,0,No,Yes,37,Yes,No,DSL,Yes,Yes,Yes,Two year,No,Bank transfer,92.18,3407.7,No
CUST-02552,Male,0,No,Yes,29,Yes,Yes,DSL,No,Yes,Yes,Two year,Yes,Bank transfer,75.34,2176.37,No
CUST-02553,Female,0,Yes,No,65,Yes,No,Fiber optic,No,No,No internet service,Month-to-month,No,Mailed check,116.53,7578.12,No
CUST-02554,Male,0,Yes,No,7,Yes,No,No,No,No,No,Month-to-month,No,Credit card,114.32,757.64,Yes
CUST-02555,Female,0,No,No,13,Yes,No,Fiber optic,Yes,No,Yes,One year,No,Bank transfer,39.0,536.97,No
CUST-02556,Female,0,No,No,61,Yes,No,No,Yes,No,No internet service,Month-to-month,Yes,Electronic check,18.03,1135.48,Yes
CUST-02557,Male,0,No,No,62,No,Yes,DSL,No,No,No,Month-to-month,Yes,Bank transfer,85.6,5316.43,Yes
CUST-02558,Female,0,No,No,65,Yes,Yes,No,No internet service,Yes,No,Month-to-month,No,Credit card,66.52,4371.7,No
CUST-02559,Female,0,Yes,No,39,Yes,No phone service,DSL,No,No,No internet service,Month-to-month,Yes,Electronic check,52.14,2038.98,Yes
CUST-02560,Female,1,No,No,12,Yes,No phone service,Fiber optic,Yes,No,No internet service,One year,No,Mailed check,111.52,,Yes
CUST-02561,Female,1,No,Yes,16,Yes,No,Fiber optic,No,No internet service,Yes,Month-to-month,Yes,Bank transfer,117.81,1881.35,Yes
CUST-02562,Female,0,No,No,14,Yes,Yes,No,No,No,No,Two year,Yes,Bank transfer,112.92,1570.87,No
CUST-02563,Male,0,No,No,32,Yes,No,No,No internet service,No,No,Month-to-month,No,Mailed check,69.02,2178.05,No
CUST-02564,Female,0,No,No,15,Yes,No,DSL,No,No,Yes,Month-to-month,No,Credit card,89.74,1349.54,Yes
CUST-02565,Female,0,Yes,No,12,Yes,No,DSL,Yes,No,Yes,Month-to-month,No,Electronic check,35.5,421.48,No
CUST-02566,Female,0,Yes,No,22,Yes,Yes,Fiber optic,Yes,No internet service,No,Two year,Yes,Bank transfer,114.99,2496.9,No
CUST-02567,Female,0,Yes,Yes,35,Yes,Yes,Fiber optic,No internet service,No,No internet service,Two year,Yes,Credit card,46.94,1643.51,No
CUST-02568,Female,1,Yes,No,42,Yes,Yes,Fiber optic,Yes,No,No internet service,Two year,Yes,Electronic check,37.66,1615.16,No
CUST-02569,Male,0,Yes,Yes,49,Yes,Yes,DSL,No,No,No internet service,Month-to-month,Yes,Bank transfer,24.14,1183.79,No
CUST-02570,Female,0,No,No,12,No,No,Fiber optic,Yes,No internet service,No internet service,One year,No,Credit card,74.14,861.42,No
CUST-02571,Male,0,Yes,No,29,Yes,No,DSL,No,No internet service,Yes,Month-to-month,No,Credit card,114.74,3346.05,Yes
CUST-02572,Male,0,Yes,Yes,56,Yes,No,DSL,Yes,No internet service,No,Month-to-month,Yes,Mailed check,31.83,1819.46,No
CUST-02573,Male,0,No,Yes,29,Yes,Yes,DSL,Yes,Yes,No,Month-to-month,Yes,Bank transfer,30.32,863.79,Yes
CUST-02574,Male,1,Yes,No,70,Yes,No,No,No,No,No,Month-to-month,No,Electronic check,45.8,3163.11,Yes
CUST-02575,Female,0,Yes,No,9,Yes,No,DSL,No,No,No internet service,Month-to-month,No,Bank transfer,85.87,814.31,Yes
CUST-02576,Male,0,Yes,Yes,65,Yes,Yes,Fiber optic,No,No,No,Month-to-month,No,Mailed check,73.88,4820.42,Yes
CUST-02577,Male,0,Yes,No,38,Yes,No,DSL,No,Yes,No,Month-to-month,No,Electronic check,27.81,1105.92,No
CUST-02578,Female,0,No,No,36,Yes,No,Fiber optic,No,No internet service,No,Two year,Yes,Credit card,63.11,2291.41,No
CUST-02579,Female,0,No,Yes,2,Yes,No,No,No,No,No,One year,Yes,Mailed check,24.83,12.08,No
CUST-02580,Female,0,Yes,No,33,Yes,Yes,DSL,No,No,Yes,Month-to-month,Yes,Electronic check,104.89,3454.68,No
CUST-02581,Male,0,No,No,37,Yes,No,No,No,No,No internet service,Two year,No,Electronic check,28.93,1024.7,No
CUST-02582,Female,0,Yes,No,13,Yes,No phone service,No,No,No,Yes,Month-to-month,No,Bank transfer,66.07,843.06,No
CUST-02583,Female,0,No,No,63,Yes,No,Fiber optic,No internet service,No internet service,Yes,Month-to-month,No,Credit card,70.07,4442.94,Yes
CUST-02584,Male,0,No,Yes,38,Yes,No,DSL,No,No,Yes,Month-to-month,Yes,Mailed check,72.07,2744.22,Yes
CUST-02585,Female,0,No,Yes,53,Yes,Yes,No,No,No,No,Month-to-month,No,Credit card,80.13,4242.78,Yes
CUST-02586,Female,0,No,Yes,1,Yes,No,No,No,Yes,No internet service,Month-to-month,Yes,Mailed check,89.56,124.34,No
CUST-02587,Female,0,No,No,42,Yes,No,No,No,No,No internet service,Two year,Yes,Bank transfer,18.44,742.19,No
CUST-02588,Female,0,No,No,52,Yes,No,No,No,Yes,No,Month-to-month,Yes,Electronic check,21.15,1103.66,No
CUST-02589,Male,0,No,No,2,No,Yes,Fiber optic,No internet service,Yes,No,Two year,Yes,Bank transfer,80.38,175.5,No
CUST-02590,Female,0,No,No,40,Yes,No phone service,Fiber optic,No,No,No,Month-to-month,No,Mailed check,36.58,1505.78,No
CUST-02591,Female,0,No,No,7,Yes,No,Fiber optic,No internet service,Yes,No internet service,Two year,Yes,Credit card,102.85,686.32,Yes
CUST-02592,Male,0,No,No,62,Yes,No phone service,Fiber optic,No,No internet service,Yes,Month-to-month,Yes,Electronic check,82.01,5105.29,Yes
CUST-02593,Female,0,No,No,64,Yes,No,Fiber optic,Yes,No,No,One year,No,Mailed check,118.0,7506.58,No
CUST-02594,Male,0,Yes,Yes,3,Yes,No,Fiber optic,No internet service,No,No,Month-to-month,Yes,Electronic check,92.26,283.51,Yes
CUST-02595,Female,0,No,Yes,67,Yes,No,Fiber optic,No internet service,Yes,Yes,Month-to-month,Yes,Electronic check,27.25,1840.25,No
CUST-02596,Male,1,Yes,No,9,Yes,No,No,Yes,Yes,No,Month-to-month,Yes,Bank transfer,35.44,352.95,Yes
CUST-02597,Male,0,No,No,49,Yes,Yes,DSL,Yes,No,No,Month-to-month,Yes,Mailed check,22.75,1097.13,Yes
CUST-02598,Male,0,Yes,No,22,No,Yes,Fiber optic,No,No internet service,No internet service,Month-to-month,Yes,Credit card,93.6,2078.87,Yes
CUST-02599,Male,0,Yes,No,60,Yes,No,DSL,Yes,Yes,No internet service,Month-to-month,Yes,Bank transfer,30.94,1815.67,Yes
CUST-02600,Female,0,Yes,Yes,46,Yes,No phone service,DSL,No,No,No,Month-to-month,No,Bank transfer,85.7,3914.46,Yes
CUST-02601,Male,0,No,No,2,Yes,No,Fiber optic,No internet service,Yes,No internet service,Two year,No,Bank transfer,74.65,176.65,No
CUST-02602,Female,0,No,No,16,Yes,Yes,No,Yes,No internet service,Yes,Two year,No,Mailed check,82.6,1360.87,No
CUST-02603,Male,0,No,No,21,Yes,Yes,Fiber optic,Yes,No,No,Month-to-month,Yes,Mailed check,69.88,1419.1,No
CUST-02604,Male,0,No,No,15,Yes,No,DSL,No,Yes,No,One year,No,Electronic check,19.33,256.59,No
CUST-02605,Male,0,Yes,No,2,Yes,No,Fiber optic,Yes,No,No,Month-to-month,No,Electronic check,43.83,58.68,Yes
CUST-02606,Female,0,No,No,51,Yes,No phone service,Fiber optic,No internet service,No internet service,No internet service,Two year,Yes,Electronic check,108.27,5523.71,Yes
CUST-02607,Male,0,No,No,32,Yes,No,Fiber optic,Yes,No,Yes,Month-to-month,No,Electronic check,112.79,3574.7,Yes
CUST-02608,Female,0,No,No,41,Yes,Yes,Fiber optic,No,Yes,No internet service,Month-to-month,Yes,Bank transfer,27.92,1192.33,Yes
CUST-02609,Female,1,No,No,1,Yes,No,DSL,Yes,Yes,Yes,Two year,No,Credit card,115.17,103.96,No
CUST-02610,Female,1,No,Yes,38,Yes,No,Fiber optic,No,No internet service,No,Two year,No,Electronic check,86.39,3247.1,No
CUST-02611,Female,1,No,Yes,45,Yes,No,Fiber optic,No,No,Yes,Two year,Yes,Mailed check,112.1,5071.92,No
CUST-02612,Female,0,No,Yes,47,Yes,Yes,Fiber optic,No internet service,No,No internet service,Month-to-month,Yes,Electronic check,58.92,2775.42,Yes
CUST-02613,Female,0,No,Yes,26,No,Yes,DSL,No,Yes,Yes,Month-to-month,No,Mailed check,28.38,779.29,Yes
CUST-02614,Female,0,Yes,No,14,Yes,No,No,No internet service,No internet service,No,Month-to-month,No,Credit card,48.85,727.46,No
CUST-02615,Female,0,Yes,No,6,Yes,Yes,DSL,No,No,No internet service,Two year,No,Bank transfer,88.35,565.69,Yes
CUST-02616,Female,0,No,Yes,56,No,Yes,DSL,No internet service,Yes,No internet service,Month-to-month,No,Credit card,99.11,5556.59,Yes
CUST-02617,Male,0,No,Yes,41,Yes,Yes,Fiber optic,No,Yes,No internet service,Two year,No,Credit card,23.11,919.77,No
CUST-02618,Male,0,No,Yes,8,Yes,No phone service,Fiber optic,No,No internet service,No,Two year,No,Bank transfer,67.67,534.22,Yes
CUST-02619,Male,0,No,No,5,Yes,Yes,DSL,No,No,No,Month-to-month,No,Mailed check,24.57,121.1,No
CUST-02620,Male,0,Yes,No,56,Yes,No,Fiber optic,Yes,Yes,No internet service,One year,Yes,Credit card,106.09,5988.59,Yes
CUST-02621,Male,1,Yes,No,29,Yes,No,DSL,No,No,No internet service,Month-to-month,No,Bank transfer,66.59,1906.37,No
CUST-02622,Female,0,No,No,54,Yes,No,No,No internet service,No,No,Month-to-month,Yes,Mailed check,111.31,6004.21,Yes
CUST-02623,Female,0,Yes,Yes,53,Yes,No,Fiber optic,No,No internet service,No,One year,Yes,Mailed check,26.02,1385.29,No
CUST-02624,Female,1,Yes,No,26,Yes,Yes,DSL,Yes,Yes,No internet service,Month-to-month,Yes,Mailed check,51.71,1333.57,No
CUST-02625,Female,0,No,Yes,58,Yes,Yes,DSL,Yes,No,No internet service,Month-to-month,No,Bank transfer,87.01,5008.64,Yes
CUST-02626,Female,0,No,No,6,Yes,Yes,Fiber optic,Yes,Yes,Yes,One year,Yes,Electronic check,47.95,326.74,No
CUST-02627,Female,0,No,No,39,Yes,No,Fiber optic,No internet service,Yes,No,One year,Yes,Bank transfer,103.84,4079.88,Yes
CUST-02628,Female,0,Yes,No,71,No,No phone service,No,No,Yes,No internet service,Month-to-month,No,Credit card,118.66,8400.51,Yes
CUST-02629,Male,1,Yes,No,1,Yes,No phone service,No,No,Yes,Yes,Month-to-month,No,Bank transfer,46.68,41.43,Yes
CUST-02630,Male,0,No,No,13,Yes,No,Fiber optic,No,Yes,No internet service,Month-to-month,No,Bank transfer,54.83,736.32,No
CUST-02631,Male,0,No,Yes,9,Yes,No phone service,No,Yes,No internet service,No,Two year,No,Credit card,116.67,1097.39,Yes
CUST-02632,Male,0,Yes,Yes,49,Yes,No phone service,Fiber optic,Yes,No internet service,No,One year,No,Bank transfer,54.52,2638.23,No
CUST-02633,Female,0,Yes,No,17,Yes,No,Fiber optic,No,Yes,Yes,Month-to-month,No,Bank transfer,74.71,1283.87,Yes
CUST-02634,Female,1,No,No,17,Yes,Yes,Fiber optic,No internet service,No,Yes,Month-to-month,No,Credit card,96.46,1671.58,Yes
CUST-02635,Female,0,Yes,Yes,15,Yes,No,DSL,No internet service,No,No,Month-to-month,Yes,Electronic check,62.71,893.24,Yes
CUST-02636,Male,0,No,No,51,Yes,No phone service,DSL,No internet service,Yes,No,Month-to-month,Yes,Electronic check,56.01,2887.61,Yes
CUST-02637,Female,0,No,No,68,Yes,No,No,No internet service,Yes,Yes,Month-to-month,Yes,Mailed check,68.55,4690.39,Yes
CUST-02638,Female,0,Yes,No,51,Yes,No,Fiber optic,Yes,No,No,Month-to-month,No,Electronic check,97.51,5015.36,Yes
CUST-02639,Female,1,Yes,No,30,Yes,Yes,No,Yes,No,No,Month-to-month,Yes,Bank transfer,49.84,1453.64,No
CUST-02640,Male,0,Yes,No,22,Yes,Yes,DSL,Yes,No,No internet service,One year,No,Credit card,53.78,1145.59,No
CUST-02641,Female,0,No,No,41,Yes,Yes,DSL,No,No,No internet service,Two year,Yes,Mailed check,37.29,1530.76,No
CUST-02642,Male,0,No,No,61,Yes,Yes,Fiber optic,No,Yes,No,Month-to-month,No,Bank transfer,89.56,5500.32,Yes
CUST-02643,Male,0,No,No,49,No,No phone service,Fiber optic,No,No,No internet service,One year,No,Mailed check,109.74,5414.71,Yes
CUST-02644,Male,0,No,No,14,No,Yes,No,No,Yes,No internet service,One year,No,Credit card,36.95,537.31,No
CUST-02645,Male,1,No,No,43,Yes,No,DSL,No,No,No,Two year,Yes,Bank transfer,21.53,920.66,No
CUST-02646,Female,0,No,Yes,41,Yes,Yes,Fiber optic,No,No,Yes,Month-to-month,Yes,Mailed check,56.89,2305.6,Yes
CUST-02647,Male,1,Yes,Yes,44,Yes,Yes,Fiber optic,Yes,No,Yes,Two year,Yes,Mailed check,59.84,2630.43,No
CUST-02648,Male,0,No,No,34,Yes,Yes,Fiber optic,No internet service,No,No internet service,Two year,Yes,Electronic check,83.88,2823.63,No
CUST-02649,Female,0,No,No,21,Yes,No phone service,Fiber optic,No internet service,Yes,Yes,Month-to-month,No,Mailed check,26.73,588.63,Yes
CUST-02650,Female,0,No,No,37,No,No,Fiber optic,No,No,Yes,Month-to-month,No,Electronic check,101.79,3758.38,Yes
CUST-02651,Male,0,No,Yes,69,No,No,Fiber optic,No,No internet service,Yes,One year,Yes,Electronic check,76.55,5285.89,No
CUST-02652,Female,1,Yes,Yes,63,Yes,No phone service,DSL,No,No internet service,No,Month-to-month,No,Credit card,73.69,4660.56,No
CUST-02653,Male,0,No,No,6,Yes,No phone service,No,Yes,No,No,Month-to-month,No,Electronic check,50.27,304.26,Yes
CUST-02654,Male,0,Yes,Yes,43,Yes,No,No,Yes,Yes,No,Month-to-month,No,Mailed check,55.26,2401.71,Yes
CUST-02655,Male,0,Yes,Yes,6,Yes,Yes,Fiber optic,Yes,No internet service,Yes,Month-to-month,Yes,Electronic check,23.65,170.51,Yes
CUST-02656,Male,0,No,No,65,Yes,Yes,Fiber optic,No,No,Yes,Month-to-month,No,Electronic check,94.88,6141.47,Yes
CUST-02657,Female,0,No,Yes,59,Yes,Yes,Fiber optic,Yes,Yes,Yes,One year,No,Mailed check,79.68,4680.93,No
CUST-02658,Male,0,Yes,No,0,Yes,Yes,No,No internet service,No,No,Two year,No,Credit card,117.6,0.0,No
CUST-02659,Female,0,Yes,No,61,Yes,Yes,DSL,No internet service,Yes,No,Month-to-month,Yes,Credit card,54.06,3256.58,Yes
CUST-02660,Female,0,No,Yes,17,Yes,Yes,Fiber optic,Yes,No,Yes,One year,No,Mailed check,85.96,1494.27,No
CUST-02661,Female,0,Yes,No,6,Yes,No,DSL,Yes,No,Yes,Month-to-month,No,Bank transfer,111.79,642.14,Yes
CUST-02662,Female,0,No,No,53,Yes,No,DSL,No,No internet service,No internet service,Month-to-month,No,Bank transfer,90.59,4834.74,No
CUST-02663,Male,0,No,No,66,Yes,Yes,Fiber optic,No internet service,No,No internet service,Month-to-month,Yes,Mailed check,22.11,1507.85,Yes
CUST-02664,Female,0,Yes,No,9,Yes,No,No,No,No,Yes,One year,Yes,Electronic check,82.49,716.69,Yes
CUST-02665,Male,1,No,No,60,Yes,No,Fiber optic,No,No,No,Month-to-month,No,Mailed check,73.63,4413.84,Yes
CUST-02666,Female,0,No,No,58,Yes,Yes,Fiber optic,No internet service,No,No,Month-to-month,No,Mailed check,68.93,4001.65,No
CUST-02667,Female,0,No,No,58,Yes,No,Fiber optic,No,No internet service,Yes,Month-to-month,Yes,Bank transfer,74.41,4360.06,No
CUST-02668,Male,0,Yes,No,68,Yes,Yes,No,Yes,Yes,No internet service,One year,Yes,Bank transfer,64.98,4386.5,No
CUST-02669,Male,0,Yes,Yes,62,Yes,Yes,Fiber optic,No internet service,No,Yes,Month-to-month,Yes,Mailed check,88.57,5524.94,Yes
CUST-02670,Male,0,Yes,Yes,7,Yes,No,DSL,Yes,No,Yes,Month-to-month,No,Electronic check,19.52,182.42,No
CUST-02671,Female,0,No,Yes,54,Yes,No,No,Yes,No,Yes,Month-to-month,Yes,Credit card,37.23,2015.86,No
CUST-02672,Female,0,Yes,No,5,Yes,Yes,Fiber optic,No,No,No internet service,One year,No,Mailed check,55.27,241.59,Yes
CUST-02673,Male,0,Yes,Yes,0,No,No,DSL,Yes,Yes,No internet service,Month-to-month,Yes,Mailed check,64.17,0.0,Yes
CUST-02674,Male,0,Yes,No,55,Yes,No phone service,Fiber optic,No internet service,No,No,One year,Yes,Credit card,31.31,1767.96,No
CUST-02675,Male,0,No,No,9,Yes,No,Fiber optic,No,No,No,Two year,No,Bank transfer,101.65,881.67,Yes
CUST-02676,Male,1,No,Yes,22,Yes,No,Fiber optic,No internet service,Yes,Yes,Month-to-month,No,Electronic check,112.8,2480.36,Yes
CUST-02677,Female,0,Yes,No,15,Yes,No,No,Yes,Yes,No internet service,Two year,No,Bank transfer,94.62,1388.29,No
CUST-02678,Male,0,Yes,No,15,No,No,DSL,Yes,Yes,Yes,One year,Yes,Credit card,112.74,1731.51,No
CUST-02679,Male,1,Yes,Yes,55,Yes,Yes,DSL,No,No,Yes,Month-to-month,No,Credit card,93.81,5168.59,Yes
CUST-02680,Male,0,No,No,5,Yes,No phone service,DSL,No internet service,No,No internet service,Two year,Yes,Credit card,62.99,357.28,Yes
CUST-02681,Male,0,Yes,No,29,No,No,DSL,Yes,No internet service,No internet service,One year,Yes,Credit card,58.1,1729.52,No
CUST-02682,Female,0,No,No,62,Yes,Yes,Fiber optic,No,Yes,No,Month-to-month,Yes,Electronic check,34.97,2167.04,No
CUST-02683,Male,1,No,Yes,0,Yes,No,Fiber optic,Yes,No,No,Two year,No,Mailed check,26.82,43.71,No
CUST-02684,Female,0,No,No,50,Yes,No,No,No internet service,No,No internet service,Month-to-month,No,Mailed check,40.4,1970.07,Yes
CUST-02685,Male,1,Yes,No,45,Yes,Yes,No,No internet service,No,No internet service,One year,Yes,Credit card,72.28,3221.81,No
CUST-02686,Male,0,Yes,No,20,Yes,Yes,Fiber optic,No,No,No internet service,Month-to-month,Yes,Electronic check,31.76,658.6,Yes
CUST-02687,Female,0,No,Yes,37,Yes,Yes,DSL,No,No,Yes,One year,Yes,Credit card,115.02,4258.39,No
CUST-02688,Male,1,No,No,68,No,No,Fiber optic,Yes,Yes,No internet service,Month-to-month,No,Electronic check,40.29,2788.82,No
CUST-02689,Female,0,No,No,62,Yes,Yes,Fiber optic,Yes,No internet service,Yes,One year,Yes,Mailed check,103.03,6416.29,No
CUST-02690,Female,0,No,No,49,Yes,Yes,DSL,Yes,Yes,No,Month-to-month,Yes,Electronic check,101.52,4990.89,Yes
CUST-02691,Male,0,Yes,No,11,Yes,Yes,Fiber optic,Yes,No,Yes,Month-to-month,Yes,Mailed check,32.4,397.62,No
CUST-02692,Female,0,Yes,No,68,Yes,No,DSL,No,Yes,Yes,Month-to-month,No,Electronic check,90.5,6137.72,No
CUST-02693,Female,1,No,No,72,Yes,No phone service,No,No,No,No,One year,No,Bank transfer,102.06,7315.08,No
CUST-02694,Female,0,No,No,43,Yes,No,Fiber optic,Yes,No,Yes,Month-to-month,Yes,Electronic check,108.2,4657.31,Yes
CUST-02695,Female,0,No,No,51,Yes,Yes,No,No internet service,Yes,Yes,One year,No,Credit card,115.31,5854.66,No
CUST-02696,Female,0,Yes,Yes,8,Yes,No,Fiber optic,No internet service,Yes,Yes,Month-to-month,Yes,Bank transfer,112.87,876.2,Yes
CUST-02697,Female,0,No,No,64,Yes,No,Fiber optic,No,Yes,No internet service,Month-to-month,Yes,Bank transfer,49.74,3163.99,Yes
CUST-02698,Female,0,Yes,No,9,No,No,Fiber optic,No,No internet service,Yes,Two year,Yes,Bank transfer,45.3,425.21,No
CUST-02699,Female,0,No,Yes,45,No,No,No,Yes,No internet service,Yes,Two year,No,Bank transfer,58.55,2587.11,No
CUST-02700,Male,0,Yes,No,57,Yes,Yes,Fiber optic,No,No internet service,No,Two year,No,Bank transfer,65.43,3764.51,No
CUST-02701,Male,1,Yes,Yes,36,No,Yes,No,No,Yes,No internet service,Two year,Yes,Bank transfer,41.86,1518.16,No
CUST-02702,Female,0,No,No,51,Yes,Yes,DSL,No internet service,Yes,No,Month-to-month,Yes,Bank transfer,26.78,1346.23,No
CUST-02703,Male,0,Yes,No,12,Yes,No phone service,DSL,No,Yes,No internet service,Month-to-month,Yes,Electronic check,84.97,980.95,No
CUST-02704,Female,1,Yes,Yes,5,Yes,No,DSL,No internet service,Yes,Yes,Month-to-month,No,Credit card,35.77,207.85,Yes
CUST-02705,Female,0,Yes,No,57,Yes,No,No,Yes,No,No,Two year,No,Electronic check,111.32,6338.88,Yes
CUST-02706,Male,0,Yes,Yes,47,Yes,No,DSL,No,No internet service,No internet service,Month-to-month,No,Bank transfer,47.34,2218.51,Yes
CUST-02707,Female,0,No,No,31,Yes,No,No,Yes,Yes,No,Month-to-month,Yes,Bank transfer,38.16,1179.98,No
CUST-02708,Female,1,No,No,10,Yes,Yes,Fiber optic,No internet service,No,Yes,Month-to-month,Yes,Bank transfer,37.8,369.39,Yes
CUST-02709,Female,0,No,No,4,Yes,Yes,DSL,Yes,No,No,One year,Yes,Electronic check,47.53,191.45,No
CUST-02710,Female,1,No,Yes,5,Yes,No phone service,Fiber optic,No,No internet service,No internet service,Month-to-month,No,Credit card,80.44,415.27,Yes
CUST-02711,Male,0,No,Yes,20,Yes,No phone service,DSL,Yes,No,No internet service,Month-to-month,No,Credit card,117.79,2348.9,Yes
CUST-02712,Female,0,Yes,No,41,Yes,No,Fiber optic,No,No internet service,Yes,Month-to-month,Yes,Electronic check,67.6,2818.88,Yes
CUST-02713,Female,0,Yes,No,26,Yes,No,Fiber optic,No,No,Yes,Two year,No,Mailed check,79.17,2048.18,No
CUST-02714,Female,0,Yes,Yes,2,Yes,Yes,DSL,No,No,No internet service,Month-to-month,Yes,Mailed check,103.95,179.34,Yes
CUST-02715,Male,0,Yes,Yes,59,Yes,Yes,No,Yes,Yes,Yes,One year,No,Credit card,52.07,3120.14,Yes
CUST-02716,Female,0,No,Yes,65,Yes,No,Fiber optic,No,No internet service,No,Two year,No,Mailed check,36.35,2342.36,No
CUST-02717,Male,0,No,No,48,Yes,No,Fiber optic,No,No,Yes,Two year,No,Electronic check,62.23,,No
CUST-02718,Male,0,Yes,No,33,Yes,No,No,No internet service,No,Yes,Month-to-month,Yes,Credit card,50.51,1699.69,Yes
CUST-02719,Female,0,No,Yes,36,Yes,No,DSL,Yes,No,No internet service,Month-to-month,Yes,Credit card,106.35,3779.0,No
CUST-02720,Female,0,Yes,No,41,No,Yes,Fiber optic,No internet service,Yes,No,Two year,Yes,Electronic check,117.75,4806.03,No
CUST-02721,Male,0,Yes,Yes,64,Yes,Yes,Fiber optic,No,Yes,No,Month-to-month,Yes,Electronic check,88.21,5648.62,Yes
CUST-02722,Female,0,No,No,59,Yes,No phone service,Fiber optic,Yes,Yes,Yes,One year,Yes,Electronic check,84.68,4991.71,No
CUST-02723,Male,0,No,No,0,No,Yes,DSL,No,No internet service,No internet service,Two year,No,Bank transfer,90.85,0.0,Yes
CUST-02724,Male,0,No,No,58,No,No,DSL,No,No internet service,Yes,Two year,Yes,Mailed check,65.7,3805.31,No
CUST-02725,Female,0,No,No,3,Yes,No,Fiber optic,Yes,No internet service,No,Month-to-month,Yes,Mailed check,82.14,207.01,Yes
CUST-02726,Female,0,No,No,13,Yes,No,DSL,No,No,Yes,Month-to-month,No,Credit card,25.27,303.5,No
CUST-02727,Male,1,No,No,17,Yes,No phone service,DSL,No,No,No,Month-to-month,Yes,Mailed check,68.33,1186.49,No
CUST-02728,Male,0,No,No,33,Yes,Yes,DSL,No,Yes,No,Two year,No,Credit card,51.9,1680.56,No
CUST-02729,Male,0,Yes,No,0,Yes,No,Fiber optic,No,Yes,No,Month-to-month,Yes,Credit card,23.42,16.53,Yes
CUST-02730,Male,0,No,Yes,52,Yes,Yes,DSL,No,No internet service,No internet service,Month-to-month,Yes,Bank transfer,73.57,3872.93,No
CUST-02731,Female,0,Yes,No,21,Yes,Yes,Fiber optic,No,Yes,No,Month-to-month,No,Credit card,54.75,1124.45,Yes
CUST-02732,Female,0,Yes,No,60,Yes,No,No,Yes,No,Yes,Two year,Yes,Bank transfer,78.24,4670.35,No
CUST-02733,Female,0,No,Yes,21,Yes,Yes,Fiber optic,No,No,Yes,Month-to-month,No,Mailed check,70.34,1522.45,Yes
CUST-02734,Female,0,Yes,Yes,49,Yes,No phone service,No,Yes,No,Yes,Two year,Yes,Bank transfer,46.17,2278.84,No
CUST-02735,Female,0,No,No,15,Yes,No,Fiber optic,Yes,No internet service,No internet service,Two year,Yes,Electronic check,73.08,1123.21,No
CUST-02736,Male,0,Yes,Yes,27,Yes,Yes,Fiber optic,No,Yes,Yes,Month-to-month,No,Bank transfer,56.63,1558.16,Yes
CUST-02737,Female,0,Yes,No,69,Yes,Yes,DSL,Yes,No internet service,Yes,Month-to-month,No,Credit card,111.95,7747.54,No
CUST-02738,Female,0,Yes,No,41,Yes,Yes,DSL,No,No,No,Month-to-month,Yes,Mailed check,56.31,2356.39,Yes
CUST-02739,Female,0,No,No,65,Yes,No,DSL,No,No internet service,Yes,Month-to-month,Yes,Credit card,22.1,1413.97,No
CUST-02740,Female,1,Yes,No,70,No,No,DSL,No internet service,No internet service,No internet service,Month-to-month,Yes,Mailed check,95.88,6713.44,No
CUST-02741,Female,0,Yes,No,34,Yes,No,No,Yes,Yes,No,Month-to-month,Yes,Credit card,116.3,3970.61,Yes
CUST-02742,Male,0,Yes,No,19,Yes,Yes,No,No,No,Yes,Month-to-month,No,Bank transfer,35.28,691.05,No
CUST-02743,Male,1,No,Yes,1,Yes,Yes,DSL,No,No internet service,No,Two year,No,Credit card,117.22,86.44,No
CUST-02744,Male,0,Yes,No,6,Yes,Yes,Fiber optic,No internet service,Yes,No,One year,No,Electronic check,80.95,523.25,Yes
CUST-02745,Female,0,No,Yes,48,Yes,No,Fiber optic,No internet service,No,No internet service,Month-to-month,No,Electronic check,104.43,5044.11,Yes
CUST-02746,Male,0,Yes,Yes,8,Yes,Yes,Fiber optic,No,No,No internet service,Month-to-month,Yes,Mailed check,66.24,506.34,Yes
CUST-02747,Male,1,Yes,No,26,Yes,Yes,Fiber optic,No,No,Yes,One year,Yes,Mailed check,81.5,2123.4,Yes
CUST-02748,Female,0,Yes,Yes,1,Yes,Yes,DSL,No,No,Yes,One year,Yes,Bank transfer,103.79,83.26,Yes
CUST-02749,Female,0,No,No,67,Yes,No,Fiber optic,No,No,No,Month-to-month,No,Credit card,118.25,7909.34,No
CUST-02750,Female,0,Yes,Yes,59,Yes,No,Fiber optic,No,No,No,Two year,No,Electronic check,36.85,2177.51,No
CUST-02751,Male,1,Yes,Yes,48,Yes,No,Fiber optic,No,No,Yes,Month-to-month,Yes,Bank transfer,109.67,5268.11,No
CUST-02752,Male,0,Yes,Yes,1,Yes,No,Fiber optic,Yes,No internet service,No internet service,Two year,No,Mailed check,86.06,89.27,No
CUST-02753,Female,0,Yes,Yes,16,Yes,No,No,No,No,No,Two year,No,Bank transfer,114.58,1837.71,No
CUST-02754,Female,1,No,No,19,Yes,Yes,No,No internet service,Yes,No,One year,Yes,Mailed check,50.45,972.16,No
CUST-02755,Male,0,Yes,No,31,Yes,Yes,Fiber optic,Yes,No,Yes,One year,Yes,Mailed check,42.74,1276.51,No
CUST-02756,Male,0,Yes,No,50,Yes,No,DSL,No,No internet service,Yes,Month-to-month,Yes,Bank transfer,55.28,2727.98,No
CUST-02757,Female,0,Yes,No,41,Yes,Yes,Fiber optic,No,Yes,No,Two year,No,Credit card,108.22,4434.05,Yes
CUST-02758,Female,0,Yes,Yes,62,Yes,Yes,Fiber optic,No,No,No internet service,Two year,Yes,Bank transfer,64.88,4043.4,No
CUST-02759,Male,1,No,No,60,Yes,Yes,DSL,No,No,No internet service,Month-to-month,No,Mailed check,115.05,6903.93,No
CUST-02760,Female,0,Yes,Yes,61,No,Yes,Fiber optic,No internet service,No internet service,No,Month-to-month,No,Electronic check,42.72,2618.81,Yes
CUST-02761,Male,0,Yes,No,2,Yes,Yes,DSL,No,No internet service,No,Two year,Yes,Credit card,40.5,128.07,No
CUST-02762,Male,0,No,No,25,Yes,No,DSL,No,No internet service,No,Month-to-month,No,Credit card,87.2,2203.01,Yes
CUST-02763,Male,0,Yes,No,47,Yes,Yes,DSL,No,Yes,Yes,Month-to-month,Yes,Electronic check,47.75,2288.24,Yes
CUST-02764,Male,1,Yes,No,7,Yes,Yes,DSL,No internet service,Yes,No,Month-to-month,Yes,Credit card,31.17,170.09,Yes
CUST-02765,Female,0,Yes,No,4,Yes,Yes,Fiber optic,No,Yes,No internet service,Two year,Yes,Mailed check,56.35,220.12,Yes
CUST-02766,Female,0,No,No,10,Yes,No,No,No,No,No,One year,Yes,Bank transfer,45.15,436.95,No
CUST-02767,Male,0,Yes,No,41,Yes,No,Fiber optic,No internet service,Yes,Yes,Month-to-month,Yes,Mailed check,60.12,2485.47,Yes
CUST-02768,Male,1,No,Yes,40,No,Yes,Fiber optic,Yes,No,No,Month-to-month,Yes,Credit card,37.02,1523.74,No
CUST-02769,Male,0,No,No,18,Yes,No,No,No,Yes,No,Month-to-month,No,Electronic check,115.61,2035.01,No
CUST-02770,Male,0,No,No,47,Yes,Yes,DSL,No,No,No,One year,No,Credit card,99.77,4644.92,Yes
CUST-02771,Male,0,No,No,52,Yes,No,DSL,No,No internet service,No internet service,Month-to-month,Yes,Mailed check,103.77,5413.32,No
CUST-02772,Female,0,No,Yes,54,Yes,No,DSL,No internet service,No,Yes,Month-to-month,Yes,Credit card,48.37,2596.59,Yes
CUST-02773,Female,0,No,No,60,Yes,No,No,Yes,No internet service,No,Two year,No,Credit card,105.39,6293.7,No
CUST-02774,Female,0,No,No,31,Yes,No,Fiber optic,No,Yes,No internet service,Month-to-month,No,Mailed check,78.26,2471.53,Yes
CUST-02775,Female,0,Yes,No,45,Yes,Yes,DSL,No,Yes,No,One year,Yes,Credit card,23.79,1021.95,No
CUST-02776,Male,0,Yes,Yes,35,No,No,Fiber optic,Yes,Yes,No internet service,Month-to-month,Yes,Mailed check,33.63,1154.45,Yes
CUST-02777,Male,0,No,No,17,Yes,Yes,No,No,No internet service,Yes,Month-to-month,Yes,Electronic check,63.49,1062.5,No
CUST-02778,Male,1,No,No,17,Yes,No phone service,DSL,Yes,No,Yes,Month-to-month,No,Credit card,58.17,1017.17,Yes
CUST-02779,Male,0,No,No,11,Yes,Yes,Fiber optic,No internet service,No internet service,Yes,Month-to-month,Yes,Electronic check,99.12,1096.49,Yes
CUST-02780,Male,1,No,No,71,Yes,No,Fiber optic,Yes,Yes,No internet service,Month-to-month,No,Bank transfer,107.11,7587.65,Yes
CUST-02781,Female,0,No,No,45,Yes,Yes,Fiber optic,Yes,No internet service,No internet service,Month-to-month,Yes,Credit card,106.22,4746.88,No
CUST-02782,Male,0,No,Yes,54,Yes,Yes,Fiber optic,Yes,No,Yes,Month-to-month,Yes,Bank transfer,56.28,3010.91,No
CUST-02783,Female,1,Yes,Yes,37,Yes,No,Fiber optic,Yes,No,Yes,Month-to-month,Yes,Electronic check,82.85,3019.32,Yes
CUST-02784,Female,0,Yes,No,1,Yes,No,Fiber optic,No,No internet service,Yes,Month-to-month,Yes,Electronic check,68.7,102.39,Yes
CUST-02785,Female,0,No,No,8,Yes,Yes,Fiber optic,No internet service,No internet service,No,Month-to-month,Yes,Mailed check,108.67,831.08,No
CUST-02786,Female,1,No,Yes,4,No,Yes,DSL,No,No internet service,Yes,Month-to-month,Yes,Bank transfer,108.68,467.02,Yes
CUST-02787,Male,0,No,No,18,Yes,No,DSL,Yes,Yes,Yes,Month-to-month,Yes,Bank transfer,23.49,386.74,Yes
CUST-02788,Female,0,Yes,No,70,Yes,Yes,Fiber optic,No,No,No,One year,Yes,Mailed check,76.36,5385.79,Yes
CUST-02789,Female,0,No,No,38,Yes,No,DSL,No,No internet service,No internet service,One year,Yes,Bank transfer,69.35,2653.15,No
CUST-02790,Female,0,Yes,Yes,41,Yes,No,DSL,No,No,No,Month-to-month,No,Electronic check,96.58,3944.98,Yes
CUST-02791,Male,0,Yes,Yes,16,Yes,No,DSL,No,No,No,One year,Yes,Electronic check,37.97,596.79,No
CUST-02792,Male,0,Yes,No,62,Yes,Yes,Fiber optic,No,Yes,No,Month-to-month,Yes,Electronic check,88.89,5489.64,Yes
CUST-02793,Male,0,No,No,45,No,No,DSL,No,Yes,Yes,Month-to-month,Yes,Electronic check,93.34,4171.43,Yes
CUST-02794,Female,0,No,No,19,Yes,Yes,Fiber optic,No,No,No,Month-to-month,No,Credit card,20.73,434.98,Yes
CUST-02795,Female,0,Yes,No,69,No,Yes,DSL,No,No,No,One year,Yes,Mailed check,61.99,4245.75,No
CUST-02796,Male,0,Yes,No,7,Yes,No,Fiber optic,Yes,Yes,No,One year,Yes,Credit card,117.85,792.54,Yes
CUST-02797,Female,0,Yes,No,18,Yes,Yes,Fiber optic,No internet service,Yes,Yes,Two year,Yes,Credit card,48.66,861.91,No
CUST-02798,Male,0,Yes,No,31,Yes,Yes,No,Yes,No,Yes,One year,Yes,Bank transfer,108.22,3403.25,Yes
CUST-02799,Male,0,No,No,18,Yes,No,Fiber optic,No,No,No internet service,Two year,No,Mailed check,77.86,1397.97,Yes
CUST-02800,Female,0,Yes,No,23,Yes,No phone service,No,No internet service,Yes,Yes,Month-to-month,No,Credit card,48.25,1095.28,Yes
CUST-02801,Female,0,No,Yes,23,Yes,No,DSL,Yes,No internet service,No,Month-to-month,No,Credit card,103.27,2425.07,Yes
CUST-02802,Female,0,Yes,No,55,Yes,Yes,Fiber optic,Yes,Yes,Yes,Month-to-month,Yes,Mailed check,119.05,6571.75,Yes
CUST-02803,Female,1,No,Yes,17,Yes,Yes,DSL,No,No,No internet service,Month-to-month,No,Electronic check,93.68,1637.02,Yes
CUST-02804,Male,0,Yes,No,11,Yes,No,Fiber optic,Yes,No,No internet service,Month-to-month,No,Mailed check,24.25,241.64,Yes
CUST-02805,Male,0,No,No,40,Yes,Yes,DSL,No,No,No internet service,Two year,Yes,Mailed check,23.35,959.42,No
CUST-02806,Male,0,No,Yes,47,Yes,Yes,Fiber optic,No internet service,No,No,One year,Yes,Mailed check,68.14,3241.64,No
CUST-02807,Male,0,No,No,63,Yes,No,Fiber optic,No,No,No,One year,Yes,Electronic check,18.62,1176.0,No
CUST-02808,Male,1,Yes,No,15,Yes,Yes,No,No,No,Yes,One year,Yes,Mailed check,86.95,1296.64,No
CUST-02809,Female,1,No,No,22,Yes,Yes,DSL,No,No internet service,Yes,One year,Yes,Electronic check,19.66,412.12,Yes
CUST-02810,Male,0,Yes,Yes,38,Yes,Yes,Fiber optic,No internet service,Yes,Yes,Month-to-month,Yes,Credit card,117.25,4462.23,Yes
CUST-02811,Male,0,No,No,32,Yes,No,No,No,No,No,One year,No,Credit card,107.82,3419.45,No
CUST-02812,Male,1,No,Yes,23,Yes,Yes,DSL,No internet service,No,No internet service,Month-to-month,Yes,Electronic check,101.17,2320.09,Yes
CUST-02813,Female,1,Yes,Yes,60,Yes,Yes,No,No,No internet service,Yes,Month-to-month,Yes,Bank transfer,100.87,6070.45,No
CUST-02814,Female,0,No,Yes,54,Yes,Yes,DSL,Yes,No,No,Month-to-month,Yes,Mailed check,103.11,5583.18,Yes
CUST-02815,Female,0,No,Yes,60,Yes,No,No,No,Yes,No,Two year,Yes,Credit card,62.29,3757.39,No
CUST-02816,Female,0,Yes,No,39,No,No,No,No internet service,No,Yes,Two year,Yes,Credit card,98.77,3860.69,No
CUST-02817,Male,1,No,No,57,Yes,Yes,No,Yes,No internet service,Yes,Two year,Yes,Electronic check,55.45,3110.91,Yes
CUST-02818,Male,0,No,No,71,Yes,No,Fiber optic,No,Yes,No,Two year,No,Bank transfer,104.54,7375.01,No
CUST-02819,Female,0,No,No,0,Yes,Yes,No,No,No,No internet service,One year,No,Bank transfer,81.03,8.03,Yes
CUST-02820,Female,0,No,Yes,24,Yes,Yes,DSL,No internet service,No,No internet service,Two year,Yes,Bank transfer,54.55,1355.8,No
CUST-02821,Male,0,Yes,No,52,Yes,No,Fiber optic,No,Yes,Yes,Month-to-month,No,Electronic check,94.04,,Yes
CUST-02822,Male,0,No,Yes,60,Yes,No,DSL,No,No,No internet service,Month-to-month,Yes,Electronic check,42.77,2587.94,Yes
CUST-02823,Female,1,No,No,45,Yes,Yes,Fiber optic,No internet service,Yes,No internet service,Month-to-month,Yes,Mailed check,116.4,5231.32,Yes
CUST-02824,Female,0,No,No,59,No,No,Fiber optic,No internet service,No internet service,No,Month-to-month,Yes,Credit card,85.8,5026.11,Yes
CUST-02825,Female,0,No,Yes,50,Yes,No,DSL,No,No,Yes,Two year,No,Credit card,58.92,2899.33,No
CUST-02826,Female,0,No,No,72,Yes,No phone service,No,No internet service,No internet service,No internet service,Month-to-month,No,Electronic check,74.17,5361.58,No
CUST-02827,Male,0,No,Yes,47,Yes,No,Fiber optic,Yes,No,Yes,Two year,No,Credit card,93.23,4346.2,No
CUST-02828,Male,0,No,No,39,Yes,No phone service,No,No,Yes,No,Two year,No,Mailed check,99.33,3853.71,No
CUST-02829,Male,0,No,Yes,6,Yes,No,No,No,No,No,One year,No,Electronic check,117.45,694.84,Yes
CUST-02830,Female,0,Yes,No,18,Yes,Yes,Fiber optic,No,No,Yes,Month-to-month,No,Credit card,39.31,728.17,Yes
CUST-02831,Female,0,Yes,Yes,14,Yes,No,DSL,No internet service,No internet service,No,Month-to-month,Yes,Bank transfer,69.45,961.06,Yes
CUST-02832,Male,0,Yes,No,69,Yes,No,Fiber optic,No,No internet service,No,Month-to-month,No,Electronic check,27.33,1874.4,No
CUST-02833,Male,0,Yes,No,60,Yes,No,DSL,No,No,No,Month-to-month,No,Credit card,26.39,1612.82,Yes
CUST-02834,Male,1,No,No,55,Yes,Yes,DSL,Yes,No,No,One year,No,Credit card,28.64,1525.9,No
CUST-02835,Male,1,No,No,9,Yes,No,Fiber optic,No internet service,No internet service,No,Month-to-month,Yes,Mailed check,44.47,425.62,Yes
CUST-02836,Female,0,Yes,No,45,Yes,No,Fiber optic,No,No internet service,No internet service,Month-to-month,Yes,Mailed check,89.03,4008.52,No
CUST-02837,Male,0,Yes,No,56,Yes,No,DSL,Yes,No,Yes,Month-to-month,No,Bank transfer,105.84,5931.21,Yes
CUST-02838,Male,1,Yes,Yes,34,Yes,Yes,Fiber optic,No,No,No,Two year,Yes,Bank transfer,62.47,2108.54,No
CUST-02839,Male,0,No,Yes,71,Yes,No,Fiber optic,No,No,No,One year,No,Bank transfer,74.63,5257.98,No
CUST-02840,Male,0,No,No,2,Yes,No,DSL,No,No,No,Two year,Yes,Mailed check,39.05,37.18,No
CUST-02841,Male,1,Yes,No,65,Yes,Yes,Fiber optic,Yes,No internet service,Yes,Month-to-month,No,Credit card,98.69,6398.93,Yes
CUST-02842,Male,0,Yes,No,52,Yes,No phone service,Fiber optic,No,Yes,No,Month-to-month,No,Electronic check,108.61,5669.76,Yes
CUST-02843,Male,0,Yes,Yes,51,Yes,No,No,No internet service,No,No,One year,Yes,Electronic check,67.53,3483.19,No
CUST-02844,Female,1,Yes,No,52,Yes,No,DSL,No internet service,No,No,One year,Yes,Mailed check,34.41,1820.54,No
CUST-02845,Female,0,Yes,Yes,53,Yes,No,Fiber optic,No internet service,No,No,Month-to-month,Yes,Mailed check,18.52,1011.35,No
CUST-02846,Female,0,No,No,46,Yes,Yes,Fiber optic,No,No,Yes,Two year,Yes,Mailed check,72.71,3295.23,No
CUST-02847,Female,0,Yes,No,2,Yes,No,No,Yes,No,Yes,Two year,No,Mailed check,68.76,106.68,No
CUST-02848,Male,0,No,Yes,64,Yes,No,Fiber optic,No,No,No,Month-to-month,No,Electronic check,112.43,7240.03,No
CUST-02849,Female,0,Yes,No,14,Yes,No,Fiber optic,No,No,Yes,Month-to-month,Yes,Bank transfer,21.72,341.1,Yes
CUST-02850,Female,0,Yes,Yes,33,Yes,No,DSL,Yes,No,No,One year,Yes,Electronic check,33.19,1057.94,No
CUST-02851,Male,1,No,No,49,Yes,Yes,DSL,Yes,No internet service,No,Two year,No,Mailed check,38.16,1883.46,Yes
CUST-02852,Male,0,Yes,No,32,Yes,No,DSL,No,No,No,Month-to-month,No,Bank transfer,73.81,2355.23,No
CUST-02853,Female,0,No,No,72,No,Yes,Fiber optic,No,No internet service,No,Month-to-month,No,Electronic check,47.04,3337.65,No
CUST-02854,Female,0,No,No,2,Yes,Yes,Fiber optic,Yes,Yes,No,Month-to-month,Yes,Mailed check,38.98,107.98,Yes
CUST-02855,Male,0,Yes,Yes,1,Yes,No,DSL,No,No,Yes,One year,No,Mailed check,70.47,114.78,Yes
CUST-02856,Female,0,Yes,No,3,Yes,No,Fiber optic,No internet service,No,Yes,One year,No,Credit card,22.15,108.53,Yes
CUST-02857,Male,1,No,No,15,Yes,No,DSL,Yes,No,No,One year,Yes,Credit card,117.47,1750.48,Yes
CUST-02858,Male,1,No,No,53,Yes,No,Fiber optic,No,Yes,No internet service,Month-to-month,Yes,Mailed check,105.82,5637.24,Yes
CUST-02859,Male,0,Yes,Yes,32,Yes,No,No,No,No,No,Month-to-month,Yes,Electronic check,45.74,1463.48,Yes
CUST-02860,Male,0,No,No,8,Yes,No,No,No internet service,No,No,Month-to-month,No,Credit card,52.29,,Yes
CUST-02861,Female,0,Yes,No,56,No,No,DSL,No,Yes,No,Two year,Yes,Electronic check,43.08,2458.81,No
CUST-02862,Male,0,No,No,39,Yes,Yes,Fiber optic,Yes,No,No,Two year,No,Electronic check,112.7,4422.64,No
CUST-02863,Male,0,Yes,No,51,Yes,No,No,Yes,No,Yes,One year,No,Credit card,84.63,4313.26,Yes
CUST-02864,Female,0,No,No,15,Yes,Yes,Fiber optic,No,No internet service,No,Two year,Yes,Mailed check,71.16,1107.59,No
CUST-02865,Male,1,No,No,7,Yes,No,Fiber optic,Yes,No,Yes,One year,Yes,Credit card,69.88,461.56,Yes
CUST-02866,Female,0,Yes,No,59,Yes,No,Fiber optic,No,No,No,One year,No,Electronic check,34.92,2031.7,No
CUST-02867,Female,0,No,Yes,35,Yes,No,Fiber optic,No,No,No,Month-to-month,No,Bank transfer,116.19,4072.47,No
CUST-02868,Female,0,No,No,2,Yes,Yes,Fiber optic,Yes,No internet service,Yes,One year,No,Credit card,111.29,254.48,Yes
CUST-02869,Male,0,No,No,14,No,Yes,DSL,No,No internet service,No,Two year,Yes,Bank transfer,115.15,1568.31,No
CUST-02870,Female,0,No,No,22,No,Yes,Fiber optic,No,No,No,One year,Yes,Mailed check,47.68,1077.43,No
CUST-02871,Female,0,No,No,2,Yes,No,No,Yes,No,No,One year,No,Credit card,66.62,178.17,Yes
CUST-02872,Male,0,No,No,29,Yes,Yes,No,No internet service,No internet service,Yes,Month-to-month,Yes,Bank transfer,70.93,2061.57,Yes
CUST-02873,Female,0,No,Yes,44,Yes,Yes,DSL,No internet service,No internet service,No,One year,Yes,Mailed check,67.95,2961.16,No
CUST-02874,Female,0,Yes,No,16,Yes,Yes,Fiber optic,Yes,Yes,No internet service,Month-to-month,Yes,Electronic check,19.96,332.53,Yes
CUST-02875,Female,0,No,No,57,Yes,Yes,DSL,Yes,No,Yes,Month-to-month,No,Mailed check,102.98,5839.54,Yes
CUST-02876,Female,0,No,No,57,Yes,No,No,No internet service,No,Yes,Month-to-month,No,Mailed check,94.15,5355.6,Yes
CUST-02877,Female,0,Yes,No,56,Yes,No,DSL,No,Yes,No,Month-to-month,Yes,Electronic check,66.43,3740.04,No
CUST-02878,Male,0,No,No,6,Yes,No phone service,Fiber optic,No internet service,No internet service,Yes,Two year,Yes,Mailed check,45.27,259.76,No
CUST-02879,Female,0,No,Yes,38,No,No,DSL,No,No,No internet service,One year,No,Credit card,82.77,3143.7,Yes
CUST-02880,Female,0,Yes,No,57,Yes,No,Fiber optic,No,No,No,Month-to-month,Yes,Mailed check,32.11,1834.8,No
CUST-02881,Male,0,No,No,55,Yes,No,DSL,No internet service,Yes,Yes,One year,Yes,Bank transfer,119.72,6568.54,No
CUST-02882,Male,0,No,No,14,Yes,No,Fiber optic,No,No,No,Month-to-month,No,Mailed check,30.78,388.55,Yes
CUST-02883,Male,0,Yes,No,43,Yes,No,Fiber optic,No,Yes,No internet service,One year,Yes,Bank transfer,23.96,1031.37,No
CUST-02884,Female,0,Yes,Yes,11,Yes,Yes,Fiber optic,No,No internet service,Yes,One year,Yes,Mailed check,80.47,883.95,Yes
CUST-02885,Male,0,No,Yes,7,Yes,No,Fiber optic,No internet service,No,No,One year,No,Credit card,65.27,449.54,Yes
CUST-02886,Female,0,No,No,40,Yes,No,DSL,No internet service,Yes,Yes,Month-to-month,No,Electronic check,91.34,3622.05,Yes
CUST-02887,Female,1,Yes,No,33,No,No,DSL,No,Yes,Yes,Two year,Yes,Electronic check,31.05,979.88,No
CUST-02888,Male,0,No,No,45,Yes,No,Fiber optic,Yes,No,Yes,Two year,No,Bank transfer,55.1,2512.16,No
CUST-02889,Male,1,Yes,No,28,Yes,No phone service,Fiber optic,Yes,No,Yes,Month-to-month,No,Mailed check,69.11,1938.31,No
CUST-02890,Female,0,Yes,No,15,Yes,No phone service,DSL,No internet service,No,No,Month-to-month,Yes,Mailed check,63.59,1001.88,Yes
CUST-02891,Male,0,Yes,No,4,Yes,No,Fiber optic,No,No internet service,No internet service,Two year,Yes,Credit card,77.47,357.66,No
CUST-02892,Female,1,No,Yes,4,Yes,No,DSL,Yes,No,Yes,Two year,Yes,Mailed check,28.38,121.53,No
CUST-02893,Male,0,Yes,No,29,Yes,Yes,Fiber optic,No internet service,No,Yes,Month-to-month,Yes,Bank transfer,69.38,2011.03,No
CUST-02894,Male,0,Yes,No,49,Yes,Yes,No,No,No,No,Month-to-month,Yes,Bank transfer,74.59,3623.56,Yes
CUST-02895,Male,0,Yes,Yes,4,Yes,Yes,DSL,No internet service,No,Yes,Two year,Yes,Credit card,107.86,419.37,No
CUST-02896,Female,0,No,No,12,Yes,No,Fiber optic,No,No,Yes,Month-to-month,Yes,Bank transfer,76.25,943.54,No
CUST-02897,Male,0,No,No,48,Yes,Yes,Fiber optic,No,No,No internet service,Month-to-month,Yes,Bank transfer,73.82,3589.68,No
CUST-02898,Female,0,No,No,49,Yes,Yes,Fiber optic,Yes,No,No,Month-to-month,Yes,Credit card,100.83,4950.65,Yes
CUST-02899,Female,1,Yes,Yes,13,Yes,Yes,Fiber optic,No,Yes,No internet service,Month-to-month,Yes,Bank transfer,24.63,331.88,Yes
CUST-02900,Female,0,No,No,45,Yes,Yes,Fiber optic,Yes,No,Yes,Month-to-month,No,Bank transfer,84.09,3828.3,No
CUST-02901,Female,1,No,Yes,33,No,No,DSL,No,Yes,No,Month-to-month,No,Electronic check,100.8,3289.09,No
CUST-02902,Male,1,Yes,Yes,70,Yes,Yes,Fiber optic,No,Yes,No,Month-to-month,Yes,Credit card,27.65,1946.68,No
CUST-02903,Female,0,Yes,No,46,Yes,No,Fiber optic,Yes,No,No internet service,Month-to-month,Yes,Electronic check,100.78,4644.42,Yes
CUST-02904,Female,0,No,No,59,Yes,Yes,No,No,No,Yes,Month-to-month,Yes,Mailed check,98.29,5769.62,No
CUST-02905,Male,1,No,No,10,Yes,Yes,Fiber optic,No internet service,Yes,No internet service,Month-to-month,No,Credit card,18.1,208.38,Yes
CUST-02906,Female,1,Yes,No,49,Yes,No,Fiber optic,No internet service,Yes,Yes,Month-to-month,No,Mailed check,43.11,2074.31,Yes
CUST-02907,Male,0,No,No,3,Yes,No phone service,Fiber optic,No,No,No internet service,Two year,Yes,Bank transfer,33.43,56.61,No
CUST-02908,Female,0,Yes,No,40,No,No,Fiber optic,Yes,Yes,Yes,One year,Yes,Electronic check,70.16,2805.01,Yes
CUST-02909,Male,0,Yes,No,58,Yes,Yes,Fiber optic,No internet service,No internet service,No,Two year,No,Bank transfer,111.23,6431.31,No
CUST-02910,Female,0,No,No,59,Yes,No phone service,No,No,No internet service,Yes,One year,No,Electronic check,79.48,4682.93,No
CUST-02911,Male,0,No,No,61,Yes,No,No,No internet service,No internet service,No,Two year,No,Electronic check,79.38,4803.44,No
CUST-02912,Female,0,No,No,24,Yes,No,DSL,No,No,Yes,Two year,Yes,Electronic check,30.53,727.96,No
CUST-02913,Female,0,No,Yes,32,Yes,Yes,DSL,No,No internet service,No,Two year,No,Electronic check,85.97,2745.0,No
CUST-02914,Male,0,Yes,No,18,Yes,Yes,Fiber optic,No internet service,No,No,Month-to-month,Yes,Bank transfer,108.61,2001.63,No
CUST-02915,Male,0,No,No,56,Yes,No,Fiber optic,No,No,No,One year,Yes,Bank transfer,61.79,3482.5,Yes
CUST-02916,Male,0,No,No,14,Yes,No,Fiber optic,Yes,No,Yes,Month-to-month,Yes,Bank transfer,87.54,1267.61,Yes
CUST-02917,Male,0,No,No,40,Yes,No,Fiber optic,No,No,No internet service,Two year,No,Electronic check,48.08,1951.32,Yes
CUST-02918,Female,0,Yes,Yes,68,Yes,Yes,Fiber optic,Yes,No,Yes,Month-to-month,Yes,Mailed check,45.43,3118.02,No
CUST-02919,Female,0,No,No,59,Yes,No,DSL,No,No internet service,No internet service,Two year,Yes,Bank transfer,36.88,2212.49,No
CUST-02920,Male,0,No,No,21,Yes,Yes,Fiber optic,No,No,No internet service,Month-to-month,No,Bank transfer,42.63,870.82,Yes
CUST-02921,Female,0,Yes,Yes,42,No,No,DSL,Yes,No,No,Month-to-month,Yes,Credit card,52.96,2216.99,Yes
CUST-02922,Male,1,Yes,No,31,Yes,Yes,Fiber optic,No internet service,Yes,Yes,Month-to-month,No,Mailed check,75.81,2387.63,Yes
CUST-02923,Male,0,Yes,No,12,Yes,No,No,No,No internet service,Yes,Month-to-month,No,Bank transfer,97.63,1128.25,Yes
CUST-02924,Female,0,Yes,No,37,Yes,Yes,DSL,Yes,Yes,No,Month-to-month,Yes,Bank transfer,47.54,1714.49,Yes
CUST-02925,Female,0,Yes,No,25,Yes,No,DSL,Yes,No internet service,Yes,Month-to-month,Yes,Credit card,35.15,893.54,Yes
CUST-02926,Female,1,No,No,4,Yes,Yes,DSL,No internet service,No,No,One year,Yes,Electronic check,63.88,296.48,Yes
CUST-02927,Female,0,Yes,No,48,Yes,No,Fiber optic,No,No,No internet service,Two year,Yes,Mailed check,98.53,4758.86,No
CUST-02928,Female,0,Yes,No,4,Yes,Yes,DSL,No internet service,No,No internet service,Month-to-month,Yes,Mailed check,57.71,260.74,Yes
CUST-02929,Female,0,Yes,No,70,Yes,No phone service,Fiber optic,Yes,No,No,One year,No,Credit card,111.15,7766.5,Yes
CUST-02930,Female,0,Yes,No,47,Yes,No phone service,Fiber optic,Yes,No internet service,No internet service,Month-to-month,Yes,Mailed check,43.29,2043.8,Yes
CUST-02931,Male,0,Yes,No,17,Yes,No,Fiber optic,No,Yes,Yes,Two year,Yes,Bank transfer,95.35,1648.1,No
CUST-02932,Male,0,Yes,No,5,Yes,No phone service,Fiber optic,No,Yes,No internet service,Month-to-month,No,Mailed check,65.71,357.92,Yes
CUST-02933,Male,0,Yes,No,65,Yes,Yes,No,No,Yes,Yes,Month-to-month,No,Credit card,28.93,1888.51,No
CUST-02934,Male,0,Yes,No,41,Yes,No phone service,DSL,No internet service,No,Yes,Month-to-month,No,Electronic check,46.67,1943.51,Yes
CUST-02935,Male,0,No,No,51,Yes,Yes,No,Yes,No,Yes,Month-to-month,Yes,Credit card,105.54,5335.23,Yes
CUST-02936,Female,0,No,No,10,Yes,Yes,DSL,No internet service,No,Yes,One year,No,Mailed check,18.6,230.26,No
CUST-02937,Male,1,No,Yes,25,Yes,Yes,DSL,No,No internet service,No,Two year,Yes,Credit card,95.15,2415.81,No
CUST-02938,Male,0,Yes,Yes,20,Yes,No phone service,Fiber optic,Yes,No internet service,No internet service,Month-to-month,Yes,Credit card,100.76,1970.39,No
CUST-02939,Male,1,Yes,Yes,65,Yes,No,DSL,No,No internet service,Yes,Month-to-month,No,Mailed check,30.22,1956.23,No
CUST-02940,Male,0,Yes,Yes,39,Yes,No,DSL,No internet service,No,No,One year,No,Electronic check,116.14,4571.41,No
CUST-02941,Male,0,No,No,55,No,No phone service,DSL,No,Yes,Yes,Two year,Yes,Bank transfer,106.97,5884.63,No
CUST-02942,Male,0,Yes,Yes,50,Yes,No,No,No,No,Yes,One year,Yes,Credit card,36.21,1769.65,No
CUST-02943,Male,1,Yes,No,19,Yes,No,DSL,No,Yes,Yes,Month-to-month,Yes,Electronic check,42.63,856.62,Yes
CUST-02944,Female,0,Yes,Yes,56,Yes,Yes,Fiber optic,No internet service,Yes,No internet service,Month-to-month,No,Electronic check,101.48,5668.73,No
CUST-02945,Female,0,No,No,4,Yes,No,Fiber optic,No internet service,No,No,One year,No,Credit card,73.73,296.54,Yes
CUST-02946,Male,0,No,No,13,Yes,No phone service,DSL,No,No internet service,No,Month-to-month,Yes,Mailed check,112.1,1470.5,Yes
CUST-02947,Female,0,Yes,Yes,23,Yes,No phone service,DSL,No,No,No,Two year,Yes,Mailed check,117.87,2744.25,No
CUST-02948,Female,0,No,No,67,Yes,Yes,DSL,Yes,No internet service,No,Month-to-month,Yes,Credit card,53.03,3590.32,No
CUST-02949,Female,0,Yes,Yes,51,Yes,Yes,DSL,No internet service,Yes,No,Month-to-month,Yes,Mailed check,27.89,1437.7,Yes
CUST-02950,Female,0,Yes,No,47,Yes,Yes,DSL,Yes,No,No,Two year,Yes,Mailed check,89.76,4263.56,No
CUST-02951,Male,0,No,No,46,Yes,Yes,DSL,No,No internet service,No,One year,Yes,Electronic check,112.16,5131.26,No
CUST-02952,Female,0,No,No,59,Yes,Yes,DSL,Yes,No,No,Month-to-month,Yes,Bank transfer,34.82,2094.86,No
CUST-02953,Female,0,No,Yes,72,Yes,No,DSL,No,No,Yes,Month-to-month,No,Bank transfer,118.51,8501.73,Yes
CUST-02954,Female,0,No,No,2,Yes,No,Fiber optic,No,No internet service,Yes,One year,No,Mailed check,37.98,115.4,Yes
CUST-02955,Male,0,Yes,No,8,No,No phone service,DSL,No,No,No internet service,Month-to-month,Yes,Mailed check,26.8,185.99,No
CUST-02956,Male,0,Yes,No,23,Yes,Yes,No,No internet service,No internet service,Yes,Two year,No,Credit card,68.56,1598.8,No
CUST-02957,Male,0,No,No,3,Yes,Yes,DSL,Yes,Yes,No,Two year,No,Mailed check,100.17,332.21,No
CUST-02958,Male,1,No,No,8,Yes,Yes,Fiber optic,Yes,No internet service,No,Month-to-month,Yes,Credit card,54.15,422.25,Yes
CUST-02959,Male,1,Yes,No,0,Yes,Yes,No,No internet service,Yes,No internet service,Two year,No,Bank transfer,51.85,0.0,No
CUST-02960,Male,0,Yes,Yes,34,Yes,No,DSL,Yes,Yes,Yes,One year,Yes,Electronic check,38.11,1281.99,No
CUST-02961,Male,0,Yes,Yes,11,No,Yes,Fiber optic,No,No,No,Month-to-month,No,Credit card,118.58,1260.54,Yes
CUST-02962,Female,0,Yes,No,17,Yes,No phone service,Fiber optic,No internet service,No,No,Month-to-month,No,Electronic check,52.87,914.72,Yes
CUST-02963,Female,0,No,Yes,9,Yes,No,No,No internet service,No,No,Month-to-month,Yes,Bank transfer,85.98,793.54,Yes
CUST-02964,Female,0,No,Yes,17,Yes,No,Fiber optic,No,No internet service,No,One year,Yes,Electronic check,31.5,512.33,Yes
CUST-02965,Male,0,No,Yes,23,Yes,No,Fiber optic,No,No internet service,No,Month-to-month,No,Bank transfer,63.88,1484.4,Yes
CUST-02966,Male,0,Yes,No,0,Yes,No,Fiber optic,No,No,No internet service,One year,Yes,Electronic check,99.17,0.0,Yes
CUST-02967,Male,1,Yes,No,71,Yes,No,Fiber optic,No,No,Yes,Month-to-month,No,Electronic check,116.97,8258.02,Yes
CUST-02968,Male,1,No,No,15,Yes,No,Fiber optic,Yes,No,Yes,Month-to-month,Yes,Mailed check,36.09,532.15,Yes
CUST-02969,Male,0,No,Yes,14,Yes,No,No,No internet service,Yes,No internet service,Two year,Yes,Bank transfer,27.65,385.54,No
CUST-02970,Female,0,No,No,61,No,No,Fiber optic,Yes,No,Yes,Two year,Yes,Credit card,118.73,7194.39,No
CUST-02971,Female,0,Yes,No,4,Yes,Yes,DSL,No,Yes,No,One year,Yes,Bank transfer,74.53,307.11,Yes
CUST-02972,Male,0,No,No,44,Yes,Yes,No,No,No internet service,No,Month-to-month,Yes,Mailed check,53.23,2375.4,Yes
CUST-02973,Male,0,Yes,No,51,Yes,No,Fiber optic,No,No,Yes,Month-to-month,Yes,Credit card,115.95,5904.5,Yes
CUST-02974,Male,0,No,No,70,Yes,Yes,Fiber optic,Yes,No,Yes,Month-to-month,No,Mailed check,57.8,4070.71,Yes
CUST-02975,Male,0,No,No,6,Yes,No,Fiber optic,No internet service,No internet service,No,One year,Yes,Bank transfer,41.66,215.07,Yes
CUST-02976,Female,0,No,Yes,26,Yes,No,No,No,Yes,Yes,One year,Yes,Bank transfer,99.96,2601.92,No
CUST-02977,Male,0,Yes,Yes,12,Yes,Yes,Fiber optic,No,No,No,Two year,Yes,Mailed check,50.02,629.16,No
CUST-02978,Male,0,Yes,Yes,16,No,No,Fiber optic,Yes,Yes,No,One year,No,Credit card,50.84,831.64,Yes
CUST-02979,Male,0,Yes,No,43,Yes,No,No,Yes,No,No,Two year,No,Bank transfer,63.39,2753.74,No
CUST-02980,Male,0,Yes,Yes,12,Yes,No,DSL,Yes,No,Yes,Month-to-month,Yes,Mailed check,88.68,1086.27,No
CUST-02981,Female,0,Yes,No,72,Yes,No,DSL,Yes,Yes,Yes,One year,Yes,Bank transfer,103.86,7440.02,No
CUST-02982,Male,0,Yes,Yes,4,Yes,No,Fiber optic,Yes,No,No,Two year,No,Mailed check,41.07,124.55,No
CUST-02983,Male,0,No,No,32,Yes,No,Fiber optic,No,No,No,Month-to-month,No,Bank transfer,54.97,1806.59,Yes
CUST-02984,Female,0,Yes,No,3,Yes,No,Fiber optic,Yes,No,No,Two year,Yes,Bank transfer,68.61,204.06,No
CUST-02985,Female,1,No,No,25,Yes,Yes,Fiber optic,Yes,No internet service,No,One year,No,Electronic check,20.61,538.49,Yes
CUST-02986,Female,0,Yes,No,67,Yes,Yes,Fiber optic,Yes,No,Yes,Two year,Yes,Credit card,89.1,5987.85,No
CUST-02987,Male,0,No,Yes,15,Yes,No,Fiber optic,No,No,No,One year,Yes,Bank transfer,75.73,1090.38,Yes
CUST-02988,Male,0,No,No,21,Yes,Yes,No,No,No,No internet service,Month-to-month,No,Credit card,31.62,663.68,No
CUST-02989,Female,1,Yes,Yes,35,No,Yes,Fiber optic,No,No,Yes,Month-to-month,No,Mailed check,31.29,1097.29,Yes
CUST-02990,Female,0,No,No,57,Yes,No phone service,No,No,No,Yes,One year,No,Electronic check,109.31,6261.53,Yes
CUST-02991,Female,0,Yes,No,54,No,No,No,No,No internet service,No internet service,Month-to-month,No,Mailed check,87.7,4782.02,Yes
CUST-02992,Female,0,Yes,Yes,34,Yes,No,DSL,Yes,Yes,Yes,Month-to-month,No,Credit card,57.58,1936.66,No
CUST-02993,Female,0,Yes,Yes,24,No,No,Fiber optic,No internet service,No,No,Month-to-month,No,Mailed check,52.48,1215.41,No
CUST-02994,Female,0,Yes,No,71,Yes,Yes,DSL,No,No,Yes,One year,No,Mailed check,50.32,3570.25,No
CUST-02995,Male,0,No,No,60,Yes,Yes,No,No,Yes,No internet service,Month-to-month,No,Mailed check,84.78,5039.78,No
CUST-02996,Male,0,Yes,No,17,Yes,No phone service,Fiber optic,No internet service,Yes,No,Two year,No,Credit card,36.23,604.45,Yes
CUST-02997,Male,1,No,No,57,Yes,Yes,DSL,Yes,Yes,Yes,One year,Yes,Bank transfer,118.72,6744.37,No
CUST-02998,Female,0,No,No,56,Yes,No,No,Yes,No internet service,No,Month-to-month,No,Mailed check,88.08,4906.78,No
CUST-02999,Female,0,No,Yes,62,Yes,Yes,Fiber optic,No internet service,Yes,Yes,Month-to-month,Yes,Credit card,30.97,1870.3,Yes
CUST-03000,Female,0,Yes,No,11,Yes,Yes,No,No,Yes,No,One year,No,Electronic check,32.08,327.94,No
CUST-03001,Female,0,No,Yes,10,Yes,Yes,DSL,No,No,No internet service,Month-to-month,No,Electronic check,84.13,823.29,Yes
CUST-03002,Female,0,Yes,No,12,Yes,No,No,No internet service,No internet service,No,Month-to-month,Yes,Credit card,57.08,726.06,No
CUST-03003,Female,0,No,No,34,Yes,No,Fiber optic,Yes,No,No internet service,Month-to-month,Yes,Mailed check,85.32,2859.71,Yes
CUST-03004,Male,0,Yes,Yes,26,Yes,No,Fiber optic,Yes,No internet service,No internet service,Month-to-month,Yes,Bank transfer,91.7,2410.9,Yes
CUST-03005,Male,0,Yes,No,66,Yes,No,No,Yes,No internet service,No,Month-to-month,Yes,Electronic check,72.87,4831.91,Yes
CUST-03006,Female,0,Yes,No,44,Yes,No phone service,Fiber optic,No,No,Yes,Month-to-month,Yes,Bank transfer,44.17,1926.11,No
CUST-03007,Male,0,Yes,No,66,Yes,No,Fiber optic,No,No,Yes,Two year,No,Credit card,74.22,4939.22,No
CUST-03008,Female,0,No,Yes,21,Yes,No,DSL,No,No,No,Month-to-month,Yes,Electronic check,61.03,1297.16,Yes
CUST-03009,Male,0,No,Yes,41,Yes,Yes,No,Yes,No,Yes,Month-to-month,Yes,Mailed check,108.81,4420.91,Yes
CUST-03010,Female,0,Yes,No,19,Yes,No,Fiber optic,No,Yes,No,Month-to-month,Yes,Electronic check,93.5,1746.9,Yes
CUST-03011,Female,1,No,No,47,No,No,No,No,No internet service,No,Month-to-month,Yes,Mailed check,81.14,3803.69,Yes
CUST-03012,Male,1,Yes,No,17,Yes,Yes,Fiber optic,Yes,No,No,One year,Yes,Bank transfer,22.05,421.58,No
CUST-03013,Male,0,Yes,Yes,69,Yes,Yes,DSL,No internet service,No internet service,No,Month-to-month,Yes,Electronic check,119.0,8187.44,Yes
CUST-03014,Female,0,No,No,5,Yes,Yes,DSL,No,No,No,One year,No,Credit card,75.76,371.62,No
CUST-03015,Female,0,Yes,No,38,Yes,Yes,Fiber optic,No,No,No internet service,Two year,Yes,Electronic check,44.42,1694.03,Yes
CUST-03016,Male,0,Yes,No,10,Yes,No,DSL,Yes,No internet service,No,One year,No,Mailed check,78.34,768.95,No
CUST-03017,Male,0,Yes,No,24,No,No,DSL,No internet service,No internet service,No,Month-to-month,No,Bank transfer,101.43,2454.42,No
CUST-03018,Female,0,Yes,No,54,Yes,No phone service,Fiber optic,Yes,No,Yes,Month-to-month,No,Credit card,72.93,3954.31,Yes
CUST-03019,Male,0,Yes,No,57,Yes,No,DSL,No,No internet service,No,One year,Yes,Mailed check,97.24,5498.72,Yes
CUST-03020,Female,0,No,No,36,Yes,No,No,No,Yes,No,One year,Yes,Mailed check,60.13,2157.55,Yes
CUST-03021,Female,0,No,No,15,No,Yes,Fiber optic,Yes,No,No,Month-to-month,No,Credit card,78.18,1200.81,Yes
CUST-03022,Female,0,No,No,69,Yes,No,No,No,Yes,Yes,One year,No,Credit card,61.07,,No
CUST-03023,Female,0,Yes,No,72,Yes,No,DSL,No,No internet service,No,One year,Yes,Bank transfer,71.84,5168.5,No
CUST-03024,Male,0,Yes,No,36,Yes,No,DSL,Yes,No,No,Two year,Yes,Mailed check,35.09,1286.23,No
CUST-03025,Male,0,Yes,Yes,52,Yes,No,Fiber optic,No internet service,Yes,No internet service,Two year,Yes,Mailed check,79.06,4128.17,No
CUST-03026,Male,0,Yes,Yes,15,Yes,No,Fiber optic,No,Yes,Yes,Two year,Yes,Bank transfer,117.85,1801.51,No
CUST-03027,Male,0,Yes,Yes,17,Yes,Yes,DSL,No,No,No,Month-to-month,No,Electronic check,96.01,1587.27,Yes
CUST-03028,Male,0,Yes,Yes,18,Yes,No,Fiber optic,Yes,No,Yes,Month-to-month,No,Credit card,50.64,915.05,Yes
CUST-03029,Male,0,No,Yes,43,Yes,No,No,Yes,Yes,No,One year,No,Bank transfer,106.11,4578.76,Yes
CUST-03030,Male,0,Yes,No,1,Yes,No,DSL,Yes,No internet service,Yes,Month-to-month,Yes,Credit card,109.36,126.9,Yes
CUST-03031,Female,0,No,No,57,No,Yes,Fiber optic,Yes,No internet service,No internet service,One year,No,Bank transfer,36.03,2095.95,Yes
CUST-03032,Male,0,Yes,No,9,Yes,Yes,Fiber optic,Yes,No,Yes,Two year,Yes,Bank transfer,23.42,201.94,No
CUST-03033,Male,0,No,Yes,45,Yes,No,DSL,No,No,No,One year,Yes,Mailed check,76.39,3467.06,Yes
CUST-03034,Female,0,Yes,Yes,18,Yes,No,Fiber optic,No,No internet service,No,Month-to-month,Yes,Credit card,66.54,1226.32,Yes
CUST-03035,Male,0,No,No,37,Yes,Yes,Fiber optic,Yes,No internet service,No,Month-to-month,No,Bank transfer,90.9,3340.19,Yes
CUST-03036,Male,0,No,No,36,No,No,DSL,Yes,Yes,No,Month-to-month,No,Mailed check,47.89,1700.87,No
CUST-03037,Female,1,Yes,No,44,Yes,Yes,DSL,No,No,Yes,One year,Yes,Bank transfer,56.78,2542.6,No
CUST-03038,Male,0,Yes,No,33,Yes,Yes,No,No,No internet service,Yes,Two year,No,Credit card,44.91,1464.47,No
CUST-03039,Male,0,No,No,1,Yes,No,DSL,No,No,Yes,Month-to-month,No,Bank transfer,47.8,39.24,Yes
CUST-03040,Male,0,Yes,No,43,Yes,No,Fiber optic,No internet service,No internet service,No,Month-to-month,Yes,Mailed check,18.95,825.25,Yes
CUST-03041,Female,0,Yes,No,26,Yes,No,Fiber optic,Yes,No internet service,No,One year,No,Mailed check,70.1,1804.26,No
CUST-03042,Male,1,Yes,No,47,Yes,Yes,DSL,Yes,No,No internet service,Month-to-month,No,Electronic check,66.26,3130.4,Yes
CUST-03043,Male,0,No,No,6,Yes,Yes,No,Yes,No internet service,No,Two year,No,Credit card,54.3,304.74,Yes
CUST-03044,Female,0,Yes,No,26,Yes,Yes,DSL,Yes,Yes,No internet service,Two year,Yes,Electronic check,73.1,1903.33,No
CUST-03045,Male,0,No,No,70,Yes,Yes,DSL,No internet service,Yes,Yes,Month-to-month,Yes,Mailed check,57.96,4063.16,Yes
CUST-03046,Female,0,No,Yes,17,No,No,Fiber optic,No,Yes,Yes,One year,Yes,Electronic check,62.12,1086.1,No
CUST-03047,Female,0,Yes,No,32,Yes,Yes,DSL,No,No,No,Two year,Yes,Credit card,18.2,618.41,No
CUST-03048,Male,0,No,No,32,Yes,No phone service,Fiber optic,Yes,Yes,Yes,Month-to-month,No,Mailed check,24.76,810.48,Yes
CUST-03049,Female,0,Yes,No,24,Yes,No,No,No internet service,No,No internet service,Month-to-month,No,Electronic check,33.37,777.88,No
CUST-03050,Female,0,Yes,No,13,Yes,No,DSL,No,Yes,No,Two year,Yes,Electronic check,36.77,474.4,Yes
CUST-03051,Male,0,No,No,37,Yes,No phone service,Fiber optic,No,No,Yes,Two year,Yes,Mailed check,64.12,,No
CUST-03052,Female,1,No,No,37,Yes,Yes,DSL,No internet service,No internet service,No,Month-to-month,Yes,Bank transfer,107.24,3947.66,Yes
CUST-03053,Female,0,No,No,3,Yes,Yes,No,No internet service,No,No internet service,Two year,Yes,Mailed check,59.42,222.26,No
CUST-03054,Male,0,No,Yes,61,Yes,No,DSL,Yes,No internet service,Yes,Month-to-month,Yes,Electronic check,81.97,4961.03,Yes
CUST-03055,Male,0,No,No,9,Yes,Yes,Fiber optic,Yes,Yes,No,One year,Yes,Credit card,20.63,219.02,Yes
CUST-03056,Male,0,Yes,Yes,34,Yes,No phone service,Fiber optic,Yes,No,Yes,One year,Yes,Electronic check,105.19,3569.1,Yes
CUST-03057,Female,0,No,Yes,22,Yes,No phone service,Fiber optic,No,Yes,No,Month-to-month,No,Mailed check,29.54,694.43,No
CUST-03058,Male,0,Yes,No,64,Yes,No phone service,DSL,Yes,No,Yes,Month-to-month,Yes,Electronic check,47.0,3011.25,Yes
CUST-03059,Female,0,Yes,Yes,24,Yes,No phone service,No,No internet service,No,No,One year,Yes,Mailed check,101.31,2454.41,Yes
CUST-03060,Female,0,No,No,52,Yes,No,DSL,No,No,No,Month-to-month,Yes,Electronic check,45.02,2364.49,Yes
CUST-03061,Female,1,No,Yes,16,Yes,No,Fiber optic,No internet service,Yes,No,Two year,Yes,Electronic check,44.32,728.92,No
CUST-03062,Female,0,No,Yes,56,Yes,Yes,DSL,No,Yes,No internet service,Month-to-month,No,Bank transfer,79.5,4406.94,Yes
CUST-03063,Female,0,No,No,19,Yes,No,No,No internet service,No,No internet service,Month-to-month,Yes,Mailed check,110.13,2104.69,Yes
CUST-03064,Female,1,No,No,24,Yes,Yes,DSL,No,No,Yes,Month-to-month,No,Bank transfer,39.79,994.44,Yes
CUST-03065,Female,0,Yes,No,41,Yes,No,DSL,No internet service,Yes,Yes,Month-to-month,Yes,Bank transfer,81.32,3368.47,No
CUST-03066,Male,0,Yes,No,44,Yes,No phone service,DSL,No,No,Yes,Two year,Yes,Electronic check,79.22,3527.17,No
CUST-03067,Male,0,Yes,No,30,Yes,Yes,No,No,Yes,Yes,Month-to-month,Yes,Mailed check,85.27,2552.54,Yes
CUST-03068,Female,0,No,No,64,Yes,Yes,DSL,No,No internet service,No,One year,Yes,Credit card,114.57,7327.94,Yes
CUST-03069,Female,1,No,No,51,Yes,No,DSL,No internet service,No,Yes,One year,Yes,Electronic check,34.92,1811.74,Yes
CUST-03070,Male,1,Yes,No,20,Yes,No,Fiber optic,No,Yes,No,Month-to-month,Yes,Mailed check,84.74,1675.15,Yes
CUST-03071,Female,0,No,No,29,Yes,No,Fiber optic,No internet service,No,Yes,Two year,Yes,Bank transfer,36.6,1087.91,No
CUST-03072,Male,0,No,Yes,2,Yes,No,No,No,No,Yes,Month-to-month,Yes,Electronic check,50.06,100.56,Yes
CUST-03073,Male,0,No,No,69,Yes,No,Fiber optic,No,No internet service,No internet service,One year,Yes,Credit card,57.78,,Yes
CUST-03074,Male,0,Yes,No,42,No,Yes,DSL,No internet service,No,Yes,One year,Yes,Electronic check,103.21,4349.19,No
CUST-03075,Female,0,No,No,28,Yes,No,Fiber optic,No,No,Yes,One year,No,Bank transfer,23.48,637.02,No
CUST-03076,Female,0,Yes,No,2,Yes,No,DSL,No,No,No,One year,Yes,Bank transfer,92.83,202.84,Yes
CUST-03077,Male,1,No,No,57,Yes,Yes,Fiber optic,No,No,Yes,Two year,No,Mailed check,111.08,6338.49,No
CUST-03078,Male,1,No,No,32,Yes,Yes,Fiber optic,Yes,No internet service,No,Two year,Yes,Credit card,26.08,856.78,No
CUST-03079,Male,0,Yes,No,44,Yes,No,Fiber optic,No,Yes,No,One year,No,Electronic check,98.65,4350.51,Yes
CUST-03080,Male,0,No,Yes,68,No,No phone service,DSL,Yes,No,No,Month-to-month,Yes,Bank transfer,28.98,1996.47,Yes
CUST-03081,Male,0,No,Yes,31,Yes,No,DSL,No,No,No,Month-to-month,No,Mailed check,116.21,3652.13,Yes
CUST-03082,Female,0,No,No,51,No,No phone service,No,No,No,No internet service,Two year,Yes,Credit card,101.17,5156.45,Yes
CUST-03083,Male,0,Yes,No,63,Yes,Yes,No,Yes,No,Yes,Two year,Yes,Credit card,88.89,5609.9,Yes
CUST-03084,Female,0,No,Yes,39,Yes,No phone service,Fiber optic,No,Yes,Yes,Month-to-month,Yes,Mailed check,74.11,2850.48,Yes
CUST-03085,Male,0,No,Yes,12,Yes,Yes,DSL,Yes,No,Yes,Month-to-month,No,Bank transfer,111.92,1388.08,No
CUST-03086,Female,0,No,No,28,Yes,No,No,No,No,Yes,Two year,Yes,Credit card,30.15,853.83,No
CUST-03087,Female,0,No,No,62,Yes,Yes,Fiber optic,Yes,Yes,No,One year,Yes,Electronic check,30.42,1846.32,No
CUST-03088,Female,1,No,No,25,Yes,No,Fiber optic,Yes,Yes,Yes,Month-to-month,Yes,Bank transfer,101.89,2537.25,Yes
CUST-03089,Female,0,Yes,No,58,Yes,Yes,Fiber optic,No,No,Yes,One year,Yes,Bank transfer,67.2,3855.73,No
CUST-03090,Female,0,Yes,Yes,48,Yes,Yes,DSL,Yes,Yes,No,Month-to-month,No,Mailed check,104.2,5001.32,Yes
CUST-03091,Female,0,No,No,52,Yes,Yes,Fiber optic,No,No internet service,No,Month-to-month,No,Credit card,57.85,2985.91,Yes
CUST-03092,Male,0,No,Yes,30,Yes,Yes,No,Yes,Yes,No,Month-to-month,No,Mailed check,64.09,1906.73,No
CUST-03093,Female,1,Yes,Yes,11,No,Yes,DSL,No,Yes,Yes,Month-to-month,No,Credit card,51.87,,Yes
CUST-03094,Male,0,No,No,57,Yes,No,Fiber optic,No,Yes,No,Month-to-month,No,Mailed check,114.98,6580.1,Yes
CUST-03095,Female,0,No,No,35,Yes,Yes,Fiber optic,No,Yes,Yes,Two year,No,Bank transfer,65.42,2323.81,No
CUST-03096,Female,0,No,Yes,9,Yes,Yes,No,No,No internet service,No internet service,Month-to-month,Yes,Mailed check,95.02,819.19,Yes
CUST-03097,Male,0,No,Yes,5,Yes,Yes,DSL,No,Yes,Yes,One year,Yes,Bank transfer,88.98,469.97,No
CUST-03098,Female,0,No,No,6,No,Yes,No,No,Yes,No,Month-to-month,No,Bank transfer,41.98,214.74,Yes
CUST-03099,Male,0,No,No,30,Yes,No,DSL,Yes,No internet service,No internet service,Month-to-month,Yes,Mailed check,111.23,3295.45,No
CUST-03100,Male,0,No,Yes,71,Yes,No,Fiber optic,No,Yes,Yes,Two year,No,Credit card,73.56,5184.17,No
CUST-03101,Male,0,No,No,2,Yes,No,DSL,No internet service,Yes,No internet service,Two year,No,Bank transfer,105.29,163.76,Yes
CUST-03102,Male,0,Yes,Yes,46,Yes,Yes,No,No,No,Yes,Month-to-month,No,Mailed check,102.88,4720.09,Yes
CUST-03103,Female,0,Yes,No,0,Yes,No,DSL,Yes,No,Yes,Month-to-month,Yes,Bank transfer,23.98,45.29,Yes
CUST-03104,Female,0,No,No,44,Yes,No,No,No,No,Yes,Month-to-month,Yes,Bank transfer,81.22,3613.61,Yes
CUST-03105,Male,0,No,No,53,Yes,Yes,Fiber optic,No internet service,No internet service,No internet service,Two year,No,Mailed check,98.48,5202.63,No
CUST-03106,Female,1,No,No,49,Yes,Yes,No,No,No,Yes,One year,Yes,Bank transfer,110.46,5442.0,No
CUST-03107,Female,1,No,No,6,Yes,Yes,DSL,No,No,Yes,One year,No,Bank transfer,69.64,450.3,No
CUST-03108,Male,0,Yes,No,62,Yes,Yes,DSL,Yes,No internet service,No internet service,One year,No,Mailed check,94.57,5828.55,No
CUST-03109,Female,0,Yes,Yes,14,Yes,Yes,Fiber optic,No,No,No,Two year,No,Electronic check,116.9,1609.55,Yes
CUST-03110,Male,0,Yes,Yes,66,Yes,Yes,Fiber optic,Yes,Yes,No,Month-to-month,Yes,Mailed check,102.44,6780.09,No
CUST-03111,Male,0,Yes,No,29,Yes,No,Fiber optic,Yes,No,No,Month-to-month,Yes,Credit card,105.15,3025.75,Yes
CUST-03112,Female,0,No,Yes,67,Yes,No,Fiber optic,No,No,Yes,Month-to-month,No,Electronic check,59.54,4033.0,Yes
CUST-03113,Female,0,No,No,35,Yes,No phone service,DSL,Yes,No,No internet service,Month-to-month,Yes,Bank transfer,27.35,930.32,No
CUST-03114,Female,0,No,No,66,No,No,Fiber optic,No internet service,Yes,No,Month-to-month,No,Credit card,116.53,7720.89,No
CUST-03115,Male,0,Yes,No,4,Yes,No,DSL,No,No,Yes,One year,Yes,Electronic check,88.97,381.69,No
CUST-03116,Male,1,No,No,24,No,Yes,DSL,No,Yes,Yes,Two year,Yes,Mailed check,35.46,851.42,No
CUST-03117,Female,0,No,No,10,Yes,Yes,No,No,No,No internet service,Month-to-month,No,Bank transfer,117.33,1149.63,Yes
CUST-03118,Female,0,Yes,No,71,Yes,No,Fiber optic,No,No,Yes,One year,Yes,Electronic check,91.01,6415.1,No
CUST-03119,Female,0,Yes,Yes,65,Yes,No,Fiber optic,No internet service,No,No,Two year,Yes,Mailed check,27.22,1802.14,No
CUST-03120,Female,0,Yes,No,27,Yes,No,DSL,Yes,No,No,Two year,Yes,Electronic check,35.42,944.12,No
CUST-03121,Male,1,Yes,Yes,59,Yes,No,DSL,No internet service,No,No internet service,Month-to-month,Yes,Mailed check,106.27,6253.94,Yes
CUST-03122,Female,0,Yes,Yes,9,Yes,Yes,Fiber optic,No,No,Yes,Month-to-month,Yes,Credit card,115.29,992.06,Yes
CUST-03123,Male,0,No,No,49,Yes,Yes,DSL,No,No internet service,No internet service,Month-to-month,No,Credit card,55.21,2670.42,No
CUST-03124,Male,0,No,Yes,38,Yes,No,DSL,Yes,No,Yes,One year,No,Bank transfer,60.15,2272.49,No
CUST-03125,Female,1,Yes,Yes,36,Yes,No,DSL,No,No,Yes,Month-to-month,Yes,Mailed check,58.34,2119.32,Yes
CUST-03126,Female,0,No,Yes,62,Yes,Yes,DSL,Yes,No internet service,No,Month-to-month,No,Electronic check,103.21,6369.75,No
CUST-03127,Female,0,No,No,60,Yes,No,DSL,No internet service,Yes,Yes,One year,Yes,Bank transfer,64.23,3820.16,No
CUST-03128,Male,0,No,No,37,Yes,Yes,No,No internet service,Yes,No,Month-to-month,Yes,Bank transfer,56.28,2058.59,No
CUST-03129,Female,0,No,Yes,32,Yes,No,Fiber optic,No,No,No,Month-to-month,No,Mailed check,81.43,2584.1,Yes
CUST-03130,Female,0,Yes,No,44,Yes,Yes,Fiber optic,No internet service,No,No,One year,No,Credit card,68.03,2984.32,No
CUST-03131,Male,0,No,Yes,43,Yes,No,DSL,Yes,No internet service,No,Two year,No,Bank transfer,72.41,3099.72,No
CUST-03132,Female,0,No,No,0,Yes,No,No,No internet service,No,No internet service,Month-to-month,No,Electronic check,59.52,0.0,Yes
CUST-03133,Male,0,No,No,52,Yes,No phone service,DSL,No,No,No internet service,Month-to-month,No,Bank transfer,64.97,3390.23,Yes
CUST-03134,Female,0,Yes,No,46,Yes,No phone service,DSL,Yes,No,No,One year,Yes,Mailed check,21.67,959.87,No
CUST-03135,Male,0,No,No,32,Yes,No,DSL,No,No internet service,No,Month-to-month,Yes,Credit card,112.43,3634.6,Yes
CUST-03136,Female,0,Yes,No,66,Yes,No,Fiber optic,No,Yes,No,Month-to-month,Yes,Mailed check,21.12,1429.87,No
CUST-03137,Female,1,Yes,Yes,14,Yes,No,No,No,No,No,Two year,No,Bank transfer,96.83,1312.86,Yes
CUST-03138,Male,0,Yes,No,13,Yes,Yes,Fiber optic,No,Yes,Yes,Two year,No,Electronic check,48.42,620.77,No
CUST-03139,Male,0,Yes,Yes,22,Yes,Yes,No,Yes,No internet service,Yes,One year,No,Bank transfer,29.45,645.59,No
CUST-03140,Female,0,No,No,53,Yes,Yes,No,Yes,No,No,Month-to-month,Yes,Bank transfer,80.19,4299.66,Yes
CUST-03141,Male,0,Yes,Yes,7,Yes,No,DSL,No internet service,No internet service,Yes,One year,No,Credit card,90.11,605.9,No
CUST-03142,Male,0,Yes,No,53,No,Yes,DSL,Yes,No,Yes,Month-to-month,Yes,Mailed check,82.28,4374.44,Yes
CUST-03143,Male,0,Yes,Yes,35,Yes,Yes,No,No internet service,Yes,No,Month-to-month,No,Credit card,76.76,2682.31,Yes
CUST-03144,Male,0,Yes,Yes,51,Yes,No,DSL,Yes,No internet service,Yes,Month-to-month,Yes,Bank transfer,72.69,3734.05,No
CUST-03145,Female,0,Yes,No,5,No,No,Fiber optic,No,No internet service,Yes,Month-to-month,Yes,Electronic check,73.19,340.79,Yes
CUST-03146,Female,0,No,No,27,No,No,No,Yes,Yes,No,Month-to-month,Yes,Electronic check,106.27,2887.38,Yes
CUST-03147,Male,0,Yes,No,49,Yes,No,Fiber optic,No internet service,Yes,No,Month-to-month,No,Credit card,27.2,1295.79,No
CUST-03148,Male,0,No,No,37,Yes,Yes,Fiber optic,Yes,No,Yes,Month-to-month,Yes,Electronic check,34.05,1211.36,Yes
CUST-03149,Male,0,No,No,29,Yes,Yes,No,No,No,No,One year,Yes,Electronic check,100.89,2877.63,No
CUST-03150,Male,0,Yes,Yes,72,Yes,No,Fiber optic,No internet service,No internet service,No,Two year,Yes,Electronic check,48.91,3520.79,No
CUST-03151,Female,0,No,Yes,53,No,Yes,Fiber optic,No internet service,Yes,Yes,Month-to-month,No,Bank transfer,96.7,5152.17,Yes
CUST-03152,Female,0,No,Yes,70,Yes,No,DSL,No internet service,No,Yes,One year,Yes,Electronic check,53.97,3785.66,No
CUST-03153,Male,0,No,No,45,Yes,No,No,No internet service,No,No internet service,Month-to-month,Yes,Credit card,112.39,5011.18,Yes
CUST-03154,Male,0,Yes,Yes,27,Yes,No phone service,No,No internet service,Yes,No,Two year,Yes,Electronic check,46.7,1266.11,No
CUST-03155,Male,0,Yes,Yes,16,Yes,No,Fiber optic,No,No,Yes,Month-to-month,No,Bank transfer,61.54,945.97,Yes
CUST-03156,Female,0,Yes,Yes,47,Yes,No,Fiber optic,No,No,No,One year,No,Bank transfer,34.2,1653.94,No
CUST-03157,Male,1,Yes,Yes,43,Yes,Yes,Fiber optic,No,No internet service,Yes,Two year,No,Electronic check,86.0,3683.26,Yes
CUST-03158,Female,1,Yes,No,59,Yes,No phone service,No,Yes,No,Yes,Two year,Yes,Credit card,59.09,3486.65,No
CUST-03159,Male,0,Yes,Yes,59,No,No,DSL,No,No,No internet service,Two year,No,Electronic check,114.0,6709.87,No
CUST-03160,Female,0,Yes,No,4,Yes,Yes,Fiber optic,Yes,Yes,No,Month-to-month,No,Mailed check,19.61,75.15,Yes
CUST-03161,Male,0,No,No,68,Yes,No,No,No internet service,Yes,No,Month-to-month,No,Credit card,57.54,3958.57,No
CUST-03162,Female,0,No,No,69,Yes,Yes,DSL,No,Yes,Yes,Month-to-month,Yes,Credit card,20.41,1384.34,No
CUST-03163,Male,0,Yes,Yes,6,No,Yes,No,No internet service,Yes,Yes,Two year,No,Credit card,51.56,331.17,No
CUST-03164,Male,0,No,No,52,Yes,No,No,Yes,No,No internet service,Month-to-month,Yes,Credit card,56.79,2978.61,No
CUST-03165,Male,0,Yes,Yes,16,Yes,No,No,No,No,No internet service,Month-to-month,No,Credit card,44.33,678.34,Yes
CUST-03166,Female,0,Yes,No,58,Yes,No,Fiber optic,No,Yes,No internet service,One year,Yes,Electronic check,44.06,2578.39,No
CUST-03167,Male,0,Yes,Yes,8,Yes,No,Fiber optic,No internet service,No,Yes,Month-to-month,No,Electronic check,44.53,371.04,Yes
CUST-03168,Female,0,No,No,21,Yes,No,Fiber optic,Yes,Yes,No,Month-to-month,Yes,Credit card,45.16,927.46,Yes
CUST-03169,Female,0,Yes,No,44,No,No,DSL,Yes,No internet service,No,Month-to-month,No,Credit card,46.79,2061.03,Yes
CUST-03170,Male,1,Yes,No,72,Yes,Yes,DSL,No,No,No internet service,One year,No,Mailed check,104.83,7556.76,No
CUST-03171,Male,0,Yes,No,58,Yes,Yes,No,No,No,Yes,Month-to-month,Yes,Bank transfer,21.98,1308.5,No
CUST-03172,Male,0,Yes,No,12,Yes,Yes,Fiber optic,No,No,No internet service,Month-to-month,Yes,Bank transfer,118.87,1388.92,Yes
CUST-03173,Female,0,No,No,11,No,Yes,DSL,No internet service,No,No,Two year,Yes,Credit card,46.72,561.12,Yes
CUST-03174,Male,1,Yes,Yes,35,Yes,No phone service,DSL,Yes,No,No,One year,No,Credit card,20.85,756.67,No
CUST-03175,Female,0,No,No,9,Yes,No,Fiber optic,No,No internet service,Yes,Month-to-month,No,Bank transfer,35.87,326.33,Yes
CUST-03176,Female,0,No,No,15,Yes,Yes,No,Yes,No,No,One year,Yes,Electronic check,114.07,1738.67,Yes
CUST-03177,Male,0,Yes,No,18,Yes,Yes,Fiber optic,Yes,No,No internet service,One year,Yes,Mailed check,119.75,2178.82,No
CUST-03178,Male,0,Yes,Yes,5,Yes,No phone service,DSL,No internet service,No,Yes,One year,No,Mailed check,43.17,211.86,Yes
CUST-03179,Male,0,No,No,3,Yes,Yes,Fiber optic,No,No,Yes,Month-to-month,Yes,Credit card,41.0,106.61,Yes
CUST-03180,Male,0,No,Yes,29,Yes,No,DSL,No internet service,No internet service,No,Month-to-month,No,Electronic check,103.28,3043.98,Yes
CUST-03181,Male,0,No,Yes,45,Yes,Yes,DSL,No internet service,No,No,Month-to-month,No,Electronic check,111.25,5044.69,Yes
CUST-03182,Male,1,No,Yes,26,Yes,No,Fiber optic,No internet service,Yes,No,Month-to-month,No,Electronic check,84.34,2237.93,Yes
CUST-03183,Female,0,Yes,Yes,44,Yes,No phone service,Fiber optic,No,No,No internet service,Month-to-month,Yes,Electronic check,113.45,4946.65,Yes
CUST-03184,Female,0,No,No,36,No,No,Fiber optic,No internet service,No internet service,No,Two year,No,Credit card,114.9,4167.92,No
CUST-03185,Female,0,No,No,8,No,No,No,No,No internet service,No,Month-to-month,Yes,Bank transfer,95.49,803.04,Yes
CUST-03186,Male,0,No,Yes,60,Yes,No,Fiber optic,No,No,Yes,One year,Yes,Credit card,53.57,3211.89,No
CUST-03187,Female,1,No,No,34,No,No,No,Yes,Yes,No,Two year,Yes,Mailed check,33.24,1169.25,No
CUST-03188,Female,0,Yes,No,46,Yes,Yes,No,No,No,Yes,Two year,Yes,Mailed check,70.8,3216.89,No
CUST-03189,Female,0,Yes,No,20,Yes,Yes,Fiber optic,No internet service,Yes,No internet service,Month-to-month,No,Credit card,47.54,906.85,Yes
CUST-03190,Female,0,Yes,No,16,Yes,No phone service,DSL,No,No,Yes,One year,Yes,Mailed check,30.09,460.6,Yes
CUST-03191,Female,0,No,No,54,Yes,Yes,No,No internet service,No,Yes,Two year,Yes,Bank transfer,58.19,3094.88,No
CUST-03192,Male,0,No,Yes,5,Yes,Yes,No,Yes,No internet service,No internet service,One year,Yes,Bank transfer,66.94,353.1,No
CUST-03193,Male,0,Yes,No,34,Yes,No,Fiber optic,No internet service,Yes,No internet service,Two year,No,Credit card,85.52,2950.38,No
CUST-03194,Female,0,Yes,No,49,Yes,No phone service,Fiber optic,Yes,No internet service,Yes,One year,Yes,Mailed check,40.56,1966.95,No
CUST-03195,Female,0,No,No,36,Yes,No,DSL,No internet service,Yes,Yes,Month-to-month,No,Bank transfer,106.59,3853.2,Yes
CUST-03196,Female,0,Yes,No,12,Yes,No,DSL,No internet service,No,No internet service,Month-to-month,No,Bank transfer,36.92,439.84,Yes
CUST-03197,Male,0,No,No,24,Yes,No,Fiber optic,Yes,No,No internet service,Two year,No,Mailed check,119.72,2848.79,No
CUST-03198,Male,1,No,No,0,Yes,No,DSL,No,No internet service,No internet service,Two year,No,Electronic check,74.8,41.86,Yes
CUST-03199,Female,0,No,Yes,48,Yes,No,DSL,No internet service,No,No,Month-to-month,Yes,Mailed check,32.98,1628.83,No
CUST-03200,Male,0,No,Yes,34,Yes,No phone service,Fiber optic,No,No,Yes,Month-to-month,No,Credit card,103.11,3469.22,Yes
CUST-03201,Male,0,No,No,52,Yes,No,No,Yes,Yes,Yes,Month-to-month,Yes,Electronic check,43.88,2308.46,No
CUST-03202,Female,0,No,No,51,Yes,No,No,No internet service,No,No,Two year,No,Credit card,37.21,1866.59,No
CUST-03203,Male,0,Yes,No,53,Yes,No,No,No,Yes,No internet service,Month-to-month,Yes,Bank transfer,31.75,1681.57,Yes
CUST-03204,Male,1,Yes,No,46,Yes,No,Fiber optic,Yes,Yes,No,Month-to-month,Yes,Electronic check,74.19,3398.84,Yes
CUST-03205,Female,0,Yes,No,42,Yes,Yes,Fiber optic,Yes,No,Yes,Two year,No,Credit card,107.69,4497.38,Yes
CUST-03206,Male,1,No,No,19,No,Yes,No,No,No,No,Month-to-month,Yes,Credit card,109.51,2098.27,No
CUST-03207,Male,0,Yes,No,32,Yes,No phone service,Fiber optic,Yes,Yes,No,One year,No,Credit card,98.13,3175.7,No
CUST-03208,Female,0,No,Yes,15,Yes,No,DSL,No internet service,No,No,Month-to-month,No,Electronic check,77.31,1187.77,No
CUST-03209,Male,1,No,No,6,Yes,No,Fiber optic,No,No,No,Month-to-month,No,Credit card,72.05,454.53,Yes
CUST-03210,Male,0,No,No,69,Yes,Yes,No,No,No internet service,Yes,One year,Yes,Electronic check,56.12,3828.91,No
CUST-03211,Female,1,No,Yes,20,No,No,DSL,No,No internet service,Yes,Month-to-month,Yes,Electronic check,22.49,409.54,No
CUST-03212,Female,0,Yes,Yes,35,Yes,No,DSL,No,No,No,Month-to-month,No,Credit card,103.33,3613.03,Yes
CUST-03213,Female,1,Yes,No,53,Yes,No,Fiber optic,No internet service,No internet service,Yes,Month-to-month,Yes,Bank transfer,119.95,6362.93,Yes
CUST-03214,Male,0,Yes,Yes,18,Yes,Yes,No,No,No,Yes,One year,Yes,Mailed check,111.93,2037.08,No
CUST-03215,Female,0,No,No,24,Yes,Yes,DSL,No internet service,Yes,Yes,One year,Yes,Mailed check,113.17,2701.67,No
CUST-03216,Male,0,Yes,No,66,Yes,No phone service,Fiber optic,No,No,No internet service,One year,No,Electronic check,51.99,3383.63,No
CUST-03217,Female,0,Yes,No,52,Yes,No,DSL,No,No internet service,Yes,Month-to-month,Yes,Credit card,28.13,1416.37,No
CUST-03218,Male,0,Yes,No,47,Yes,No,Fiber optic,Yes,No internet service,Yes,Two year,Yes,Mailed check,106.9,5059.78,No
CUST-03219,Female,0,No,No,41,Yes,No,Fiber optic,No,No internet service,No,Month-to-month,Yes,Mailed check,95.91,3895.17,Yes
CUST-03220,Female,0,Yes,No,46,Yes,No,DSL,No,No,Yes,One year,Yes,Credit card,57.82,2703.41,No
CUST-03221,Female,0,No,No,41,Yes,No,No,No internet service,No,No,Month-to-month,Yes,Mailed check,103.02,4207.08,No
CUST-03222,Female,0,Yes,No,1,Yes,No,No,No internet service,Yes,No,Month-to-month,No,Credit card,32.15,40.52,Yes
CUST-03223,Male,0,No,No,5,Yes,No,DSL,No internet service,Yes,No internet service,Month-to-month,Yes,Mailed check,84.41,388.91,Yes
CUST-03224,Female,0,Yes,No,45,Yes,Yes,DSL,Yes,No,Yes,Month-to-month,Yes,Bank transfer,115.25,5181.65,Yes
CUST-03225,Female,0,Yes,Yes,65,Yes,No,Fiber optic,No,No,No,Month-to-month,No,Credit card,110.86,7243.48,Yes
CUST-03226,Male,0,Yes,No,39,Yes,No,No,Yes,No,No,Month-to-month,Yes,Mailed check,95.61,3777.2,No
CUST-03227,Female,0,No,No,57,Yes,Yes,DSL,Yes,No,Yes,Two year,Yes,Electronic check,45.19,2602.48,No
CUST-03228,Male,0,Yes,Yes,32,Yes,No,Fiber optic,Yes,No,Yes,One year,No,Credit card,28.46,937.18,No
CUST-03229,Female,1,Yes,Yes,61,Yes,No,Fiber optic,No,No internet service,No,Two year,Yes,Mailed check,51.12,3156.85,No
CUST-03230,Female,0,No,Yes,11,Yes,No,DSL,No internet service,Yes,No,One year,Yes,Bank transfer,80.97,865.16,Yes
CUST-03231,Female,0,No,No,48,Yes,No,DSL,No,No,No,Month-to-month,No,Mailed check,50.28,2437.07,Yes
CUST-03232,Male,0,No,No,4,Yes,Yes,Fiber optic,No internet service,No,Yes,One year,Yes,Electronic check,60.14,246.39,Yes
CUST-03233,Female,0,No,Yes,50,Yes,No,DSL,No internet service,Yes,No,One year,Yes,Credit card,59.17,2934.67,No
CUST-03234,Female,0,Yes,No,68,Yes,Yes,No,No,No,No,One year,Yes,Bank transfer,52.25,3508.55,No
CUST-03235,Female,0,Yes,No,31,Yes,No phone service,No,No internet service,No,No,Month-to-month,Yes,Mailed check,112.19,3447.97,Yes
CUST-03236,Male,0,No,Yes,48,Yes,Yes,Fiber optic,Yes,No,No,Month-to-month,No,Electronic check,50.64,2445.74,Yes
CUST-03237,Male,0,Yes,No,59,Yes,No,Fiber optic,No,No,No,Month-to-month,No,Electronic check,119.34,7048.04,Yes
CUST-03238,Female,0,No,No,45,Yes,No,Fiber optic,No,No internet service,No,Month-to-month,Yes,Electronic check,39.35,1727.68,Yes
CUST-03239,Male,0,Yes,No,67,Yes,Yes,Fiber optic,Yes,No internet service,No,Month-to-month,Yes,Mailed check,107.01,7175.9,Yes
CUST-03240,Female,1,No,Yes,40,Yes,No,DSL,No,No,Yes,Two year,No,Bank transfer,92.7,3697.06,No
CUST-03241,Female,0,Yes,Yes,66,Yes,No phone service,DSL,No,No internet service,Yes,Month-to-month,No,Mailed check,86.22,5642.01,Yes
CUST-03242,Female,0,No,Yes,12,Yes,Yes,No,No internet service,No internet service,No,One year,Yes,Bank transfer,63.43,802.11,No
CUST-03243,Female,1,No,No,17,Yes,Yes,DSL,No internet service,No,No,Month-to-month,No,Credit card,101.29,1697.77,Yes
CUST-03244,Female,0,Yes,No,50,Yes,No,Fiber optic,No,Yes,No,One year,No,Bank transfer,68.21,3415.84,No
CUST-03245,Female,0,Yes,No,35,No,Yes,Fiber optic,No,Yes,No,Month-to-month,No,Electronic check,31.83,1122.96,Yes
CUST-03246,Female,0,Yes,No,33,Yes,No phone service,DSL,Yes,No internet service,No internet service,Month-to-month,Yes,Electronic check,46.61,1538.01,Yes
CUST-03247,Male,1,No,Yes,11,No,Yes,Fiber optic,No,No,No,Month-to-month,No,Electronic check,36.61,376.67,Yes
CUST-03248,Male,1,Yes,No,4,Yes,No,No,Yes,Yes,No internet service,Month-to-month,No,Mailed check,76.1,295.14,No
CUST-03249,Male,0,No,No,47,Yes,Yes,DSL,No,No,Yes,Month-to-month,Yes,Credit card,84.85,3966.98,Yes
CUST-03250,Male,0,Yes,No,39,Yes,Yes,No,Yes,Yes,Yes,Two year,Yes,Bank transfer,52.27,2031.89,No
CUST-03251,Male,0,Yes,No,12,Yes,Yes,DSL,No,No internet service,Yes,Month-to-month,Yes,Electronic check,22.03,222.63,No
CUST-03252,Male,0,No,No,25,Yes,No,No,No,No internet service,No internet service,Month-to-month,No,Credit card,85.19,2096.34,No
CUST-03253,Male,0,No,Yes,13,Yes,No,Fiber optic,Yes,No,No internet service,Month-to-month,Yes,Credit card,24.32,279.91,No
CUST-03254,Female,1,Yes,Yes,10,Yes,Yes,Fiber optic,Yes,Yes,Yes,Month-to-month,No,Mailed check,116.5,1174.5,Yes
CUST-03255,Female,0,No,Yes,37,Yes,No,DSL,No,No,No,One year,Yes,Bank transfer,108.5,4030.09,Yes
CUST-03256,Female,0,No,Yes,56,Yes,No,Fiber optic,No internet service,Yes,No,Two year,Yes,Credit card,102.75,5795.4,No
CUST-03257,Female,0,Yes,No,21,No,Yes,No,No,No,Yes,One year,No,Bank transfer,55.49,1141.51,Yes
CUST-03258,Male,0,No,Yes,15,No,Yes,Fiber optic,Yes,No,Yes,Two year,Yes,Mailed check,93.99,1399.2,No
CUST-03259,Male,0,Yes,Yes,28,No,Yes,Fiber optic,Yes,No,No,Month-to-month,Yes,Bank transfer,22.68,647.28,Yes
CUST-03260,Female,0,Yes,No,1,Yes,Yes,No,Yes,No,No internet service,Month-to-month,No,Mailed check,27.14,74.32,Yes
CUST-03261,Female,1,No,No,53,Yes,No,Fiber optic,No,Yes,Yes,Two year,No,Electronic check,68.44,3616.47,No
CUST-03262,Male,1,Yes,No,1,Yes,No,Fiber optic,No,No,No,One year,Yes,Bank transfer,77.85,56.81,Yes
CUST-03263,Female,0,No,No,2,Yes,No phone service,No,No,Yes,No,Two year,No,Mailed check,96.23,181.24,No
CUST-03264,Female,1,Yes,No,55,No,No,No,No,No,No internet service,Month-to-month,Yes,Credit card,48.37,2641.28,No
CUST-03265,Female,0,No,No,71,Yes,Yes,Fiber optic,No,No,Yes,Month-to-month,Yes,Electronic check,73.35,5166.36,Yes
CUST-03266,Female,0,No,Yes,10,Yes,Yes,Fiber optic,No,No internet service,Yes,Month-to-month,Yes,Credit card,24.38,228.4,Yes
CUST-03267,Male,0,No,No,31,Yes,No phone service,No,Yes,No,No,Two year,Yes,Electronic check,66.03,2055.46,No
CUST-03268,Female,0,No,No,3,Yes,No,DSL,Yes,No,No,Two year,No,Electronic check,86.47,227.69,No
CUST-03269,Female,1,No,No,8,Yes,Yes,DSL,No internet service,No internet service,No,Two year,No,Bank transfer,118.94,984.89,No
CUST-03270,Male,0,Yes,Yes,55,Yes,Yes,Fiber optic,No,No,No,Month-to-month,No,Credit card,96.33,5321.69,Yes
CUST-03271,Male,0,Yes,No,15,Yes,No,DSL,Yes,No,No,Month-to-month,No,Credit card,119.54,1798.96,No
CUST-03272,Female,0,No,Yes,70,Yes,No,Fiber optic,No,Yes,Yes,Month-to-month,Yes,Electronic check,68.79,4839.05,Yes
CUST-03273,Male,0,Yes,No,9,Yes,No,Fiber optic,Yes,No internet service,No,One year,No,Electronic check,62.16,541.11,Yes
CUST-03274,Female,0,No,No,35,Yes,Yes,DSL,No,No,No internet service,Month-to-month,Yes,Electronic check,103.09,3578.16,Yes
CUST-03275,Female,0,No,No,23,Yes,Yes,No,No internet service,Yes,Yes,Month-to-month,Yes,Mailed check,65.16,1532.91,Yes
CUST-03276,Male,0,Yes,No,63,No,Yes,DSL,Yes,Yes,Yes,Month-to-month,Yes,Bank transfer,95.13,6025.07,Yes
CUST-03277,Female,0,Yes,No,55,Yes,Yes,Fiber optic,Yes,No,Yes,One year,No,Electronic check,119.44,6592.8,Yes
CUST-03278,Female,0,No,No,21,Yes,No,DSL,No,Yes,No internet service,One year,Yes,Bank transfer,91.91,1905.74,No
CUST-03279,Female,0,No,No,51,Yes,No,No,No,No,Yes,Two year,No,Electronic check,19.46,976.83,No
CUST-03280,Female,0,No,No,49,Yes,Yes,DSL,Yes,Yes,No,Month-to-month,No,Mailed check,36.39,1771.17,No
CUST-03281,Male,0,No,Yes,46,Yes,No,DSL,No,No,Yes,Month-to-month,Yes,Electronic check,46.18,2092.7,Yes
CUST-03282,Male,0,No,No,22,Yes,Yes,No,Yes,Yes,Yes,Month-to-month,Yes,Bank transfer,101.86,2266.92,Yes
CUST-03283,Female,0,No,Yes,18,Yes,No,No,Yes,No,No internet service,Month-to-month,No,Electronic check,113.08,2003.91,Yes
CUST-03284,Male,0,Yes,No,51,Yes,No,DSL,No,Yes,No,One year,No,Bank transfer,84.27,4269.95,No
CUST-03285,Female,1,No,No,33,Yes,Yes,DSL,No,No,No,One year,No,Credit card,26.98,845.16,No
CUST-03286,Female,0,No,No,28,Yes,No,Fiber optic,No,No internet service,Yes,Two year,Yes,Bank transfer,68.95,1946.93,No
CUST-03287,Female,0,Yes,No,60,Yes,Yes,Fiber optic,Yes,No internet service,Yes,Month-to-month,Yes,Mailed check,105.62,6380.1,Yes
CUST-03288,Female,1,No,Yes,34,Yes,Yes,No,No internet service,Yes,Yes,Month-to-month,No,Electronic check,54.94,1866.34,Yes
CUST-03289,Female,0,No,Yes,4,Yes,Yes,DSL,No,No,No,Month-to-month,Yes,Credit card,24.66,138.42,No
CUST-03290,Male,0,Yes,No,6,Yes,Yes,DSL,No,No,No,Two year,No,Bank transfer,97.52,619.22,Yes
CUST-03291,Female,0,No,Yes,40,Yes,No,Fiber optic,No,No internet service,Yes,One year,Yes,Credit card,85.03,3430.67,No
CUST-03292,Male,1,Yes,No,1,Yes,Yes,Fiber optic,No internet service,No internet service,Yes,One year,No,Mailed check,65.63,32.39,Yes
CUST-03293,Male,1,No,Yes,9,Yes,No,Fiber optic,No,Yes,No,One year,No,Credit card,104.68,929.85,Yes
CUST-03294,Female,0,Yes,No,43,Yes,No phone service,No,No,Yes,No internet service,Month-to-month,No,Credit card,104.67,4517.19,Yes
CUST-03295,Female,0,Yes,Yes,69,Yes,Yes,Fiber optic,No internet service,No,No,One year,No,Bank transfer,89.5,6159.94,Yes
CUST-03296,Female,0,Yes,No,34,Yes,Yes,DSL,No internet service,Yes,No,Month-to-month,Yes,Mailed check,114.12,3901.17,Yes
CUST-03297,Female,1,No,No,61,Yes,Yes,Fiber optic,Yes,No internet service,No,Month-to-month,Yes,Electronic check,64.3,3901.03,Yes
CUST-03298,Female,1,No,No,72,Yes,Yes,Fiber optic,No,No internet service,Yes,Two year,No,Electronic check,92.35,6638.46,Yes
CUST-03299,Male,0,Yes,Yes,19,No,Yes,Fiber optic,Yes,No,No internet service,Month-to-month,No,Electronic check,102.73,1975.02,Yes
CUST-03300,Female,0,Yes,No,34,Yes,No,No,No,Yes,No internet service,Two year,Yes,Electronic check,82.83,2778.01,No
CUST-03301,Female,0,No,Yes,36,Yes,Yes,Fiber optic,No internet service,No,No,One year,Yes,Electronic check,74.42,2707.8,Yes
CUST-03302,Male,0,No,No,71,Yes,No,DSL,No internet service,No,No,One year,Yes,Credit card,92.66,6600.12,Yes
CUST-03303,Male,0,No,No,53,Yes,Yes,Fiber optic,Yes,No internet service,No internet service,Month-to-month,No,Electronic check,54.16,2865.44,Yes
CUST-03304,Female,0,No,No,27,Yes,Yes,DSL,Yes,Yes,No,Two year,Yes,Credit card,55.38,1489.01,No
CUST-03305,Male,0,No,No,69,Yes,Yes,DSL,No,No,No,Month-to-month,Yes,Bank transfer,117.61,8155.76,Yes
CUST-03306,Female,0,Yes,No,31,Yes,Yes,Fiber optic,No,Yes,No internet service,One year,Yes,Bank transfer,30.12,955.35,No
CUST-03307,Male,1,No,No,10,Yes,Yes,Fiber optic,No,No,No,One year,Yes,Mailed check,103.88,1050.82,Yes
CUST-03308,Male,0,Yes,No,41,Yes,No,Fiber optic,No,No internet service,Yes,Month-to-month,No,Electronic check,98.45,4072.87,No
CUST-03309,Female,0,No,No,22,Yes,No,Fiber optic,No,No internet service,Yes,Month-to-month,Yes,Credit card,23.52,500.6,No
CUST-03310,Male,0,Yes,No,29,Yes,Yes,DSL,Yes,No,No,Two year,Yes,Electronic check,89.76,2581.71,No
CUST-03311,Male,1,Yes,No,8,Yes,No,DSL,No internet service,No internet service,No,Two year,Yes,Credit card,27.58,191.62,Yes
CUST-03312,Male,0,No,Yes,58,Yes,Yes,DSL,Yes,Yes,No internet service,One year,No,Bank transfer,39.47,2291.28,No
CUST-03313,Male,0,Yes,No,27,Yes,Yes,No,Yes,No,Yes,One year,Yes,Mailed check,115.74,3173.79,No
CUST-03314,Male,0,Yes,No,32,Yes,No,No,No,No,No,One year,Yes,Mailed check,54.94,1800.93,No
CUST-03315,Male,0,Yes,Yes,46,Yes,No phone service,No,No,No,Yes,One year,Yes,Mailed check,23.79,1089.87,Yes
CUST-03316,Female,0,Yes,Yes,21,Yes,No,Fiber optic,No,No,No internet service,Month-to-month,Yes,Electronic check,71.16,1455.49,Yes
CUST-03317,Female,0,No,No,28,Yes,Yes,Fiber optic,Yes,No internet service,No,Month-to-month,No,Credit card,39.05,1130.86,No
CUST-03318,Male,1,Yes,No,33,Yes,No phone service,DSL,No internet service,No,No,One year,No,Electronic check,61.49,2071.43,Yes
CUST-03319,Female,0,No,No,41,Yes,No,DSL,Yes,No,No,Month-to-month,No,Mailed check,28.37,1130.31,Yes
CUST-03320,Female,1,Yes,No,51,Yes,No,Fiber optic,No,No,Yes,One year,Yes,Electronic check,27.79,1455.64,No
CUST-03321,Female,0,No,No,46,Yes,No phone service,Fiber optic,No,Yes,No internet service,Two year,No,Electronic check,69.42,3187.95,No
CUST-03322,Male,0,No,No,50,Yes,No,Fiber optic,No internet service,Yes,Yes,Month-to-month,Yes,Electronic check,52.26,2564.17,No
CUST-03323,Female,0,No,No,44,Yes,No,Fiber optic,No,No internet service,No,Two year,Yes,Electronic check,33.84,1533.27,No
CUST-03324,Male,0,Yes,No,33,Yes,No,No,Yes,No,No,Month-to-month,Yes,Credit card,77.2,2501.88,Yes
CUST-03325,Female,0,No,Yes,20,No,Yes,Fiber optic,No,No internet service,Yes,Two year,Yes,Credit card,24.34,440.26,Yes
CUST-03326,Male,0,No,No,12,Yes,No,DSL,No,No,No,Month-to-month,Yes,Mailed check,94.78,1183.71,Yes
CUST-03327,Male,0,Yes,Yes,53,Yes,Yes,No,No,No internet service,No,Month-to-month,No,Mailed check,23.24,1203.18,Yes
CUST-03328,Female,0,No,No,24,Yes,No phone service,Fiber optic,No,No internet service,Yes,Month-to-month,No,Bank transfer,116.98,2813.08,No
CUST-03329,Female,0,Yes,No,20,Yes,No,No,No,No,No,One year,Yes,Credit card,93.03,1904.87,No
CUST-03330,Male,1,Yes,Yes,0,No,No,DSL,No,No,No,Two year,Yes,Electronic check,109.52,44.0,No
CUST-03331,Female,0,No,No,57,Yes,Yes,Fiber optic,No,No,Yes,Month-to-month,No,Credit card,62.87,3551.0,No
CUST-03332,Female,0,Yes,No,68,Yes,No,DSL,No internet service,Yes,Yes,Month-to-month,Yes,Electronic check,23.92,1627.91,Yes
CUST-03333,Female,0,Yes,No,70,Yes,Yes,DSL,No internet service,No,No,Month-to-month,No,Electronic check,41.4,2848.7,Yes
CUST-03334,Male,0,Yes,No,12,Yes,No,Fiber optic,No,Yes,Yes,Month-to-month,No,Bank transfer,117.05,1363.64,Yes
CUST-03335,Male,0,No,No,51,Yes,No,DSL,No internet service,No internet service,No internet service,One year,No,Bank transfer,81.13,4182.44,No
CUST-03336,Female,1,Yes,No,22,Yes,Yes,DSL,No,No internet service,No,Two year,No,Bank transfer,41.24,898.8,No
CUST-03337,Female,0,Yes,No,20,Yes,Yes,No,No,No,Yes,One year,No,Bank transfer,67.25,1310.02,No
CUST-03338,Female,0,Yes,No,5,Yes,No,No,Yes,Yes,No,One year,No,Electronic check,50.38,265.04,No
CUST-03339,Male,0,No,No,19,Yes,Yes,DSL,No internet service,Yes,No,Month-to-month,No,Electronic check,67.95,1258.38,Yes
CUST-03340,Male,0,Yes,No,39,Yes,Yes,DSL,No,No internet service,No,Month-to-month,No,Credit card,103.34,4078.27,Yes
CUST-03341,Female,0,No,Yes,8,Yes,Yes,Fiber optic,No,No internet service,No internet service,Month-to-month,Yes,Electronic check,40.7,342.68,Yes
CUST-03342,Female,0,Yes,No,49,Yes,Yes,No,No internet service,No,No internet service,Two year,No,Credit card,58.71,2863.66,No
CUST-03343,Female,0,No,No,27,Yes,No,No,No internet service,No,No,One year,No,Credit card,63.5,1702.62,No
CUST-03344,Female,1,No,No,10,Yes,No phone service,DSL,No,No,No,Month-to-month,No,Bank transfer,77.88,820.49,No
CUST-03345,Female,0,No,No,55,Yes,No,Fiber optic,Yes,No internet service,Yes,Month-to-month,No,Credit card,25.93,1465.65,Yes
CUST-03346,Female,0,Yes,No,34,Yes,Yes,DSL,Yes,No,No,Two year,No,Mailed check,39.12,1375.08,No
CUST-03347,Male,0,Yes,Yes,24,Yes,No,DSL,No,Yes,No,One year,No,Mailed check,58.58,1401.28,No
CUST-03348,Female,0,Yes,No,18,No,No,DSL,No,No,Yes,Two year,Yes,Electronic check,100.55,1844.97,No
CUST-03349,Male,0,No,No,30,No,No,DSL,Yes,Yes,Yes,One year,Yes,Mailed check,37.06,1110.28,No
CUST-03350,Female,0,Yes,No,49,Yes,No,Fiber optic,No,No,No internet service,Month-to-month,Yes,Bank transfer,107.92,5301.38,Yes
CUST-03351,Female,1,Yes,Yes,62,Yes,Yes,DSL,Yes,No,No,Month-to-month,No,Bank transfer,52.59,3261.32,No
CUST-03352,Male,1,No,No,46,Yes,No,No,Yes,No internet service,No,Month-to-month,Yes,Credit card,43.89,2029.76,Yes
CUST-03353,Male,1,Yes,No,0,Yes,No,Fiber optic,No internet service,No,Yes,Month-to-month,Yes,Electronic check,59.76,0.95,Yes
CUST-03354,Male,0,Yes,Yes,57,Yes,No,DSL,No,Yes,No,Month-to-month,Yes,Mailed check,74.48,4210.84,Yes
CUST-03355,Male,0,No,No,9,Yes,No,No,No,No internet service,Yes,Month-to-month,Yes,Electronic check,92.87,796.67,Yes
CUST-03356,Female,0,No,Yes,7,Yes,Yes,No,Yes,No internet service,Yes,Month-to-month,No,Credit card,66.65,510.66,Yes
CUST-03357,Male,0,Yes,No,25,Yes,No,Fiber optic,No internet service,No,Yes,Month-to-month,Yes,Bank transfer,101.44,2536.97,Yes
CUST-03358,Female,0,No,No,33,No,No,DSL,No internet service,Yes,Yes,Month-to-month,Yes,Credit card,101.51,3394.02,Yes
CUST-03359,Male,0,Yes,Yes,18,No,Yes,DSL,No,Yes,No,One year,No,Mailed check,18.18,345.82,No
CUST-03360,Female,0,Yes,Yes,71,Yes,Yes,DSL,No internet service,Yes,Yes,Month-to-month,No,Bank transfer,98.74,6969.44,No
CUST-03361,Female,0,Yes,No,0,No,Yes,Fiber optic,No,Yes,Yes,Two year,Yes,Mailed check,63.16,0.0,No
CUST-03362,Female,0,Yes,No,47,Yes,Yes,DSL,Yes,Yes,No,Month-to-month,No,Electronic check,116.64,5508.85,Yes
CUST-03363,Female,0,Yes,No,24,Yes,Yes,Fiber optic,Yes,No,No,Month-to-month,Yes,Bank transfer,101.66,2407.62,Yes
CUST-03364,Female,0,No,No,23,Yes,Yes,DSL,Yes,No internet service,No,One year,No,Electronic check,57.17,1265.68,Yes
CUST-03365,Female,0,No,No,46,Yes,Yes,Fiber optic,No,No,No,Month-to-month,Yes,Bank transfer,82.73,3766.76,No
CUST-03366,Male,0,Yes,Yes,68,No,No,Fiber optic,No,No,No,Two year,Yes,Mailed check,37.81,2568.75,No
CUST-03367,Female,0,No,No,66,Yes,Yes,DSL,No,Yes,No,Month-to-month,Yes,Mailed check,47.62,3109.25,No
CUST-03368,Male,0,No,No,31,Yes,No,Fiber optic,No,No internet service,No,Month-to-month,Yes,Credit card,38.61,1151.41,Yes
CUST-03369,Male,0,Yes,No,16,Yes,Yes,Fiber optic,No,No,Yes,Month-to-month,Yes,Credit card,94.62,1538.28,Yes
CUST-03370,Female,0,No,No,60,Yes,Yes,No,Yes,No internet service,No internet service,Month-to-month,Yes,Bank transfer,18.84,1177.61,Yes
CUST-03371,Male,0,No,Yes,68,Yes,No phone service,Fiber optic,Yes,No,No internet service,One year,No,Bank transfer,59.54,4096.57,No
CUST-03372,Female,0,Yes,Yes,10,Yes,No,Fiber optic,No internet service,Yes,Yes,Month-to-month,Yes,Bank transfer,103.43,1074.3,Yes
CUST-03373,Male,0,Yes,No,37,Yes,No,No,No internet service,No internet service,No internet service,Month-to-month,No,Credit card,90.33,3294.13,Yes
CUST-03374,Female,0,Yes,No,67,Yes,No,Fiber optic,No,No,No internet service,Month-to-month,No,Mailed check,61.02,4062.35,No
CUST-03375,Male,0,Yes,No,18,Yes,No,DSL,Yes,No,No internet service,Two year,Yes,Electronic check,82.57,1450.03,Yes
CUST-03376,Female,1,Yes,No,16,Yes,No phone service,DSL,Yes,No,No,Month-to-month,No,Electronic check,62.04,1006.66,Yes
CUST-03377,Female,0,Yes,No,12,Yes,Yes,DSL,No internet service,No,No internet service,Month-to-month,Yes,Bank transfer,104.09,1284.04,Yes
CUST-03378,Female,0,Yes,No,0,No,No,DSL,Yes,No internet service,No,Month-to-month,No,Electronic check,76.41,7.19,No
CUST-03379,Female,0,No,No,1,Yes,No,Fiber optic,Yes,No,Yes,Month-to-month,No,Electronic check,82.53,67.2,Yes
CUST-03380,Male,0,Yes,Yes,65,Yes,No phone service,Fiber optic,No,No,No,One year,No,Electronic check,118.84,7765.79,Yes
CUST-03381,Female,0,No,Yes,67,Yes,Yes,No,Yes,No,No,Two year,No,Credit card,96.55,6469.37,No
CUST-03382,Male,0,No,No,15,Yes,No,DSL,No internet service,No internet service,Yes,Two year,Yes,Credit card,47.17,675.02,No
CUST-03383,Male,1,Yes,No,3,Yes,Yes,Fiber optic,No,No,No internet service,Two year,Yes,Electronic check,96.84,293.86,Yes
CUST-03384,Male,0,No,No,56,Yes,No phone service,Fiber optic,No internet service,Yes,No internet service,One year,Yes,Mailed check,112.71,6263.57,Yes
CUST-03385,Female,0,No,No,72,Yes,No,No,No internet service,No,No internet service,Month-to-month,Yes,Mailed check,48.1,3417.05,No
CUST-03386,Male,0,No,No,22,No,No,DSL,No,Yes,No internet service,Month-to-month,No,Credit card,101.36,2242.68,Yes
CUST-03387,Male,1,Yes,Yes,1,Yes,No,DSL,No internet service,Yes,No,Month-to-month,Yes,Mailed check,42.26,64.59,Yes
CUST-03388,Male,0,No,No,66,Yes,No,DSL,No,Yes,No,Two year,Yes,Bank transfer,62.27,4073.65,No
CUST-03389,Female,0,No,Yes,25,No,No,Fiber optic,Yes,Yes,No internet service,Month-to-month,No,Bank transfer,88.4,2213.34,Yes
CUST-03390,Female,0,Yes,Yes,6,Yes,No,Fiber optic,No,Yes,Yes,Month-to-month,Yes,Mailed check,42.84,284.3,Yes
CUST-03391,Male,0,No,No,43,Yes,No,Fiber optic,Yes,Yes,No internet service,One year,No,Electronic check,37.1,1633.53,No
CUST-03392,Female,0,No,Yes,32,Yes,No,DSL,No,No,No,Month-to-month,Yes,Mailed check,65.18,2083.16,No
CUST-03393,Female,0,No,No,63,Yes,Yes,DSL,No,Yes,No internet service,Month-to-month,Yes,Electronic check,97.89,6129.29,Yes
CUST-03394,Male,0,No,Yes,35,Yes,Yes,Fiber optic,Yes,Yes,No,Month-to-month,Yes,Electronic check,78.78,2714.22,Yes
CUST-03395,Male,0,No,Yes,3,Yes,No phone service,No,Yes,No internet service,Yes,Month-to-month,Yes,Mailed check,89.52,304.22,Yes
CUST-03396,Female,1,Yes,No,22,Yes,Yes,Fiber optic,Yes,No internet service,No internet service,Month-to-month,Yes,Bank transfer,88.31,1900.58,Yes
CUST-03397,Male,0,No,No,24,Yes,No,No,No internet service,No,No,Month-to-month,Yes,Electronic check,73.54,1796.74,No
CUST-03398,Female,1,Yes,Yes,26,Yes,Yes,Fiber optic,No,No internet service,Yes,Month-to-month,No,Electronic check,50.19,1298.63,No
CUST-03399,Female,0,No,Yes,50,Yes,No,DSL,No internet service,No,Yes,Month-to-month,Yes,Credit card,61.01,3044.14,No
CUST-03400,Female,0,Yes,No,68,Yes,Yes,Fiber optic,Yes,Yes,No,Month-to-month,No,Mailed check,56.82,3865.62,No
CUST-03401,Female,0,Yes,No,22,Yes,No,DSL,Yes,No,Yes,One year,Yes,Credit card,26.07,537.12,Yes
CUST-03402,Female,0,Yes,No,8,Yes,Yes,DSL,Yes,No internet service,No internet service,Month-to-month,Yes,Electronic check,109.64,901.37,Yes
CUST-03403,Female,0,No,No,32,Yes,No,DSL,No,No,Yes,Month-to-month,Yes,Electronic check,83.47,2651.04,Yes
CUST-03404,Male,0,No,Yes,34,Yes,No,DSL,No,Yes,No,Month-to-month,No,Credit card,105.43,3594.4,No
CUST-03405,Male,0,No,No,49,Yes,No,Fiber optic,No internet service,Yes,Yes,One year,Yes,Mailed check,97.16,4711.37,No
CUST-03406,Female,0,No,No,23,Yes,No,Fiber optic,No,Yes,Yes,Month-to-month,Yes,Credit card,24.97,552.46,Yes
CUST-03407,Female,0,No,No,23,Yes,No phone service,Fiber optic,Yes,No,Yes,Month-to-month,No,Credit card,40.06,875.43,Yes
CUST-03408,Female,0,Yes,Yes,18,Yes,No,Fiber optic,No internet service,No,No,Two year,Yes,Electronic check,114.97,2050.82,Yes
CUST-03409,Male,0,Yes,No,38,Yes,Yes,Fiber optic,No,No,No,Month-to-month,Yes,Bank transfer,65.12,2437.18,Yes
CUST-03410,Female,0,Yes,Yes,60,Yes,Yes,DSL,No,No,No,Two year,No,Bank transfer,100.82,6006.2,No
CUST-03411,Male,1,No,Yes,24,Yes,Yes,Fiber optic,Yes,No,No internet service,Two year,Yes,Bank transfer,76.7,1875.6,No
CUST-03412,Female,0,No,Yes,24,Yes,Yes,DSL,No internet service,No,No,One year,No,Mailed check,102.0,2434.49,Yes
CUST-03413,Female,0,Yes,Yes,26,Yes,No,Fiber optic,No,Yes,No,Month-to-month,No,Credit card,92.93,2448.71,Yes
CUST-03414,Male,0,No,No,31,No,No phone service,Fiber optic,No,No,Yes,One year,Yes,Mailed check,46.53,1481.7,No
CUST-03415,Male,0,No,No,10,Yes,No,Fiber optic,No,No internet service,No,Month-to-month,No,Bank transfer,119.1,1191.61,No
CUST-03416,Female,1,Yes,Yes,68,Yes,No,Fiber optic,Yes,No,Yes,Two year,Yes,Mailed check,68.03,4632.82,No
CUST-03417,Female,0,Yes,No,32,Yes,Yes,DSL,No internet service,No,Yes,Two year,Yes,Mailed check,77.67,2500.1,No
CUST-03418,Female,0,No,No,18,Yes,Yes,Fiber optic,No internet service,Yes,No,Two year,Yes,Mailed check,73.12,1330.63,No
CUST-03419,Male,0,No,No,15,Yes,No,Fiber optic,No,Yes,Yes,One year,Yes,Bank transfer,108.29,1627.37,No
CUST-03420,Male,0,Yes,No,10,Yes,Yes,Fiber optic,Yes,No,No internet service,Month-to-month,Yes,Mailed check,46.55,474.93,Yes
CUST-03421,Male,1,No,Yes,68,No,No,Fiber optic,No,No,No,Two year,No,Mailed check,24.29,1645.83,No
CUST-03422,Male,0,Yes,No,54,Yes,Yes,DSL,Yes,Yes,No internet service,Month-to-month,Yes,Bank transfer,61.67,3371.79,Yes
CUST-03423,Male,0,Yes,No,24,Yes,No,DSL,Yes,Yes,No internet service,Month-to-month,Yes,Bank transfer,111.67,2702.21,Yes
CUST-03424,Male,0,Yes,No,33,Yes,No,Fiber optic,No,No,No internet service,Two year,Yes,Mailed check,62.81,2054.22,No
CUST-03425,Female,0,No,No,11,Yes,No,DSL,Yes,Yes,Yes,Month-to-month,Yes,Credit card,46.31,492.91,Yes
CUST-03426,Female,0,Yes,No,20,Yes,No,DSL,No,No internet service,No,Two year,No,Mailed check,81.09,1617.32,No
CUST-03427,Male,0,Yes,No,28,Yes,Yes,No,Yes,Yes,Yes,Month-to-month,No,Electronic check,93.23,2563.61,No
CUST-03428,Female,0,No,Yes,50,Yes,Yes,DSL,No internet service,No internet service,No internet service,One year,No,Bank transfer,65.2,3309.14,No
CUST-03429,Female,1,Yes,No,22,Yes,Yes,Fiber optic,Yes,No,No,Month-to-month,Yes,Credit card,56.76,1245.5,Yes
CUST-03430,Male,0,No,Yes,32,Yes,Yes,No,No,No,Yes,One year,No,Electronic check,55.18,1793.27,Yes
CUST-03431,Female,0,No,No,7,Yes,No,DSL,No,No,Yes,Two year,Yes,Electronic check,60.97,392.61,No
CUST-03432,Male,0,No,Yes,41,Yes,No,No,Yes,No,No,Two year,Yes,Electronic check,103.95,4272.87,Yes
CUST-03433,Male,1,Yes,No,68,Yes,Yes,DSL,No,No,No,Month-to-month,Yes,Credit card,67.22,4559.13,No
CUST-03434,Female,0,Yes,No,40,No,No phone service,DSL,No,Yes,No,One year,No,Electronic check,50.06,2041.39,Yes
CUST-03435,Male,0,No,No,62,Yes,No phone service,DSL,No,Yes,No,Two year,Yes,Bank transfer,36.6,2312.45,No
CUST-03436,Male,0,No,No,13,Yes,No,Fiber optic,No,No,No,Month-to-month,No,Credit card,46.83,621.27,Yes
CUST-03437,Male,0,No,No,61,Yes,No phone service,No,No internet service,Yes,No,Month-to-month,No,Bank transfer,65.2,3933.29,Yes
CUST-03438,Male,0,Yes,No,45,Yes,No,No,No,No,Yes,One year,Yes,Credit card,73.88,,No
CUST-03439,Male,0,No,No,66,Yes,No,Fiber optic,No,No internet service,No,Month-to-month,Yes,Bank transfer,81.39,5323.43,Yes
CUST-03440,Male,0,No,No,52,Yes,No,DSL,No internet service,No internet service,Yes,Month-to-month,Yes,Credit card,25.28,1316.36,No
CUST-03441,Male,0,No,No,51,Yes,No,No,Yes,No internet service,No,Month-to-month,Yes,Electronic check,80.54,4107.68,Yes
CUST-03442,Male,0,Yes,No,6,Yes,Yes,Fiber optic,Yes,No,No internet service,Month-to-month,Yes,Bank transfer,53.9,315.13,Yes
CUST-03443,Female,1,No,No,53,Yes,Yes,DSL,No,Yes,No,One year,No,Bank transfer,44.21,2326.83,Yes
CUST-03444,Female,1,Yes,Yes,10,Yes,No,No,Yes,Yes,Yes,Two year,Yes,Bank transfer,51.77,525.6,No
CUST-03445,Female,0,Yes,No,24,Yes,Yes,No,No,No internet service,No internet service,Two year,Yes,Mailed check,98.02,2320.16,No
CUST-03446,Male,0,No,No,58,Yes,No phone service,Fiber optic,No,No internet service,Yes,Month-to-month,No,Electronic check,99.94,5749.15,Yes
CUST-03447,Male,0,No,No,65,Yes,No,DSL,No,No,No,Month-to-month,No,Bank transfer,28.58,1886.37,Yes
CUST-03448,Female,0,No,No,26,Yes,Yes,No,Yes,No,No,One year,No,Bank transfer,68.46,1808.52,Yes
CUST-03449,Female,0,Yes,Yes,57,Yes,Yes,DSL,No internet service,No internet service,No,One year,No,Credit card,72.01,4112.51,No
CUST-03450,Female,0,Yes,No,10,Yes,Yes,Fiber optic,Yes,No,Yes,Two year,Yes,Electronic check,21.08,243.81,Yes
CUST-03451,Male,0,Yes,No,54,Yes,Yes,DSL,No internet service,No internet service,No internet service,Two year,Yes,Electronic check,91.14,4922.85,No
CUST-03452,Female,0,No,No,18,Yes,Yes,No,No,Yes,Yes,Month-to-month,Yes,Bank transfer,55.41,948.03,No
CUST-03453,Female,0,Yes,Yes,38,Yes,No phone service,Fiber optic,No,No,Yes,Two year,No,Mailed check,60.64,2269.15,No
CUST-03454,Male,0,No,No,69,Yes,Yes,Fiber optic,Yes,No,No,Month-to-month,No,Bank transfer,80.21,5530.45,Yes
CUST-03455,Female,0,No,No,10,Yes,No,DSL,No,No,Yes,One year,Yes,Mailed check,65.83,694.53,Yes
CUST-03456,Male,0,No,Yes,13,Yes,Yes,Fiber optic,No internet service,No internet service,Yes,Month-to-month,Yes,Electronic check,94.29,1198.33,Yes
CUST-03457,Male,0,Yes,Yes,59,Yes,No phone service,No,No,No internet service,Yes,One year,No,Electronic check,78.78,4601.42,Yes
CUST-03458,Male,0,Yes,No,35,Yes,No,No,No internet service,Yes,No,Month-to-month,Yes,Mailed check,41.06,1428.35,Yes
CUST-03459,Female,0,Yes,Yes,40,Yes,No,DSL,Yes,Yes,No internet service,Month-to-month,Yes,Electronic check,106.79,4228.27,No
CUST-03460,Female,0,No,No,1,Yes,No,Fiber optic,No internet service,No,Yes,Month-to-month,Yes,Credit card,40.01,45.05,Yes
CUST-03461,Male,1,Yes,Yes,56,Yes,No,DSL,No,Yes,Yes,Two year,No,Mailed check,90.78,5039.24,No
CUST-03462,Female,0,Yes,No,59,Yes,Yes,Fiber optic,No,Yes,No internet service,Month-to-month,No,Credit card,98.81,5781.45,Yes
CUST-03463,Female,0,No,No,19,Yes,No,No,Yes,No,No,Month-to-month,No,Bank transfer,88.2,1720.12,Yes
CUST-03464,Female,0,No,No,21,Yes,Yes,Fiber optic,No,No,Yes,Month-to-month,No,Bank transfer,61.02,1297.95,Yes
CUST-03465,Female,1,Yes,No,3,Yes,No,Fiber optic,No,No internet service,No,One year,No,Credit card,107.55,284.6,Yes
CUST-03466,Male,1,No,No,55,Yes,Yes,Fiber optic,No,No,No,One year,No,Electronic check,51.43,2834.27,Yes
CUST-03467,Female,0,Yes,No,57,Yes,No,Fiber optic,No internet service,No,No internet service,Month-to-month,Yes,Credit card,88.08,4996.4,Yes
CUST-03468,Male,1,No,Yes,64,Yes,Yes,DSL,No,Yes,Yes,Month-to-month,No,Electronic check,107.52,6907.39,No
CUST-03469,Male,0,No,No,57,Yes,Yes,DSL,No internet service,No,No,Month-to-month,No,Credit card,33.85,1960.87,No
CUST-03470,Female,0,Yes,Yes,29,Yes,No phone service,DSL,No internet service,No,Yes,Month-to-month,Yes,Credit card,84.57,2453.29,No
CUST-03471,Male,0,No,No,18,Yes,No phone service,DSL,No,Yes,Yes,One year,No,Electronic check,109.9,1969.15,Yes
CUST-03472,Female,0,No,Yes,61,Yes,No phone service,Fiber optic,Yes,Yes,Yes,Two year,No,Credit card,28.51,1720.83,No
CUST-03473,Female,1,No,No,67,Yes,No,No,Yes,Yes,No,One year,Yes,Mailed check,32.87,2155.57,No
CUST-03474,Male,0,Yes,No,43,No,Yes,DSL,Yes,No,No,Month-to-month,Yes,Electronic check,56.58,2439.01,No
CUST-03475,Male,1,No,Yes,60,Yes,No,No,No internet service,Yes,No,Month-to-month,Yes,Bank transfer,119.42,7166.09,Yes
CUST-03476,Male,0,No,Yes,20,Yes,Yes,Fiber optic,No,Yes,No internet service,Month-to-month,Yes,Bank transfer,40.84,788.1,Yes
CUST-03477,Male,0,Yes,No,9,Yes,Yes,Fiber optic,Yes,Yes,No internet service,Month-to-month,Yes,Credit card,51.12,463.29,Yes
CUST-03478,Female,0,Yes,No,29,Yes,Yes,DSL,Yes,No internet service,No,One year,No,Bank transfer,103.18,2988.98,No
CUST-03479,Female,0,No,No,23,Yes,No,DSL,No,Yes,Yes,One year,Yes,Mailed check,31.34,696.89,No
CUST-03480,Female,0,No,No,47,Yes,Yes,DSL,Yes,Yes,Yes,Month-to-month,Yes,Bank transfer,119.61,5645.98,No
CUST-03481,Male,0,No,Yes,54,Yes,No,Fiber optic,Yes,Yes,Yes,Month-to-month,Yes,Bank transfer,93.36,5016.03,Yes
CUST-03482,Male,1,Yes,No,51,Yes,Yes,Fiber optic,No internet service,No,Yes,One year,Yes,Electronic check,115.84,5902.94,No
CUST-03483,Male,0,No,Yes,37,Yes,Yes,No,Yes,No,No internet service,Month-to-month,Yes,Credit card,32.73,1214.35,Yes
CUST-03484,Female,0,Yes,No,66,Yes,No,Fiber optic,Yes,No,No internet service,Two year,No,Bank transfer,41.71,2783.99,No
CUST-03485,Male,0,Yes,No,7,Yes,Yes,Fiber optic,No internet service,No,No,Month-to-month,No,Credit card,55.82,382.79,Yes
CUST-03486,Female,0,No,No,28,Yes,No phone service,Fiber optic,No,No internet service,No,Month-to-month,No,Electronic check,23.2,620.3,Yes
CUST-03487,Male,1,No,No,9,Yes,No phone service,DSL,Yes,No,No,Month-to-month,Yes,Bank transfer,24.19,169.19,No
CUST-03488,Female,0,Yes,Yes,68,Yes,Yes,DSL,Yes,No,No,Month-to-month,No,Bank transfer,110.19,7468.13,No
CUST-03489,Female,0,No,No,67,No,No phone service,No,Yes,Yes,Yes,Month-to-month,No,Electronic check,22.36,1523.17,No
CUST-03490,Male,0,No,No,48,Yes,No,Fiber optic,No,No,Yes,Two year,No,Electronic check,94.5,4568.05,No
CUST-03491,Male,0,Yes,Yes,57,Yes,Yes,No,Yes,No,Yes,Month-to-month,No,Bank transfer,91.2,5208.47,No
CUST-03492,Female,0,No,Yes,34,Yes,No,DSL,No,No internet service,No internet service,Two year,No,Mailed check,25.43,909.45,No
CUST-03493,Female,0,Yes,No,49,No,No phone service,DSL,No,No internet service,No,One year,Yes,Credit card,37.14,1822.08,No
CUST-03494,Male,0,No,No,39,Yes,Yes,Fiber optic,Yes,No,No,Month-to-month,Yes,Credit card,64.39,2509.14,No
CUST-03495,Male,0,Yes,No,11,Yes,Yes,DSL,No,Yes,No,Two year,Yes,Credit card,83.45,951.23,Yes
CUST-03496,Female,0,Yes,No,15,Yes,Yes,No,No internet service,Yes,No,Month-to-month,Yes,Mailed check,109.37,1607.25,Yes
CUST-03497,Male,0,No,Yes,47,Yes,Yes,No,No internet service,No internet service,Yes,Month-to-month,No,Credit card,71.74,3323.29,Yes
CUST-03498,Female,0,Yes,No,0,Yes,Yes,Fiber optic,No,No,No,Two year,Yes,Electronic check,113.51,38.18,Yes
CUST-03499,Female,0,Yes,No,64,Yes,No,No,No,No,No internet service,Two year,No,Electronic check,37.41,2397.65,No
CUST-03500,Male,0,No,Yes,21,Yes,No,DSL,No,No,Yes,Month-to-month,Yes,Bank transfer,81.52,1736.41,Yes
CUST-03501,Male,0,No,No,14,Yes,Yes,Fiber optic,No,No,Yes,Month-to-month,Yes,Mailed check,104.15,1470.99,Yes
CUST-03502,Male,1,No,Yes,66,Yes,Yes,No,No,No,No internet service,Month-to-month,No,Mailed check,41.8,2775.19,No
CUST-03503,Male,0,Yes,Yes,13,No,No,Fiber optic,No,Yes,Yes,Month-to-month,Yes,Bank transfer,98.43,1288.32,Yes
CUST-03504,Male,0,Yes,Yes,72,No,Yes,DSL,No,No,No,Two year,Yes,Mailed check,58.83,4258.28,No
CUST-03505,Female,1,Yes,No,18,Yes,No,DSL,No internet service,Yes,No,Two year,No,Credit card,119.96,2120.63,No
CUST-03506,Female,0,No,No,39,Yes,No phone service,Fiber optic,No,No,Yes,Two year,No,Bank transfer,27.34,1041.35,Yes
CUST-03507,Male,0,Yes,No,3,Yes,No phone service,Fiber optic,No,No,No,Two year,Yes,Credit card,74.43,221.2,No
CUST-03508,Male,0,Yes,No,32,No,No,DSL,No,No,No,Month-to-month,Yes,Credit card,97.87,3153.49,Yes
CUST-03509,Male,0,No,No,42,No,Yes,Fiber optic,Yes,No internet service,Yes,One year,Yes,Bank transfer,86.97,3633.59,Yes
CUST-03510,Female,0,Yes,No,36,Yes,Yes,DSL,No,No,No,Month-to-month,Yes,Electronic check,69.57,2535.24,No
CUST-03511,Male,0,No,No,65,Yes,No,Fiber optic,No,No,No internet service,Month-to-month,Yes,Bank transfer,70.34,4528.63,No
CUST-03512,Male,1,No,No,26,Yes,No phone service,No,Yes,Yes,No,Month-to-month,Yes,Mailed check,59.35,1572.19,No
CUST-03513,Female,0,No,No,44,Yes,Yes,Fiber optic,No,Yes,No internet service,One year,Yes,Credit card,52.91,2347.95,Yes
CUST-03514,Female,0,Yes,Yes,49,Yes,Yes,Fiber optic,No internet service,No internet service,Yes,Month-to-month,No,Credit card,78.55,3805.48,Yes
CUST-03515,Male,0,Yes,No,62,Yes,No,DSL,No internet service,No,No,One year,No,Mailed check,94.33,5801.62,No
CUST-03516,Male,0,Yes,No,5,Yes,Yes,DSL,No internet service,No,Yes,Month-to-month,No,Bank transfer,46.49,266.44,No
CUST-03517,Male,0,No,No,66,Yes,Yes,DSL,Yes,Yes,Yes,Month-to-month,Yes,Electronic check,114.56,7525.44,No
CUST-03518,Female,0,No,Yes,66,Yes,No phone service,Fiber optic,Yes,No,No,One year,No,Mailed check,55.21,3619.19,No
CUST-03519,Male,0,No,Yes,58,Yes,Yes,DSL,No,No,Yes,Month-to-month,Yes,Electronic check,62.27,3651.29,No
CUST-03520,Male,0,Yes,No,12,Yes,Yes,Fiber optic,Yes,No,Yes,Two year,Yes,Credit card,59.94,703.57,No
CUST-03521,Male,1,Yes,Yes,20,Yes,No,Fiber optic,No,Yes,No internet service,Month-to-month,Yes,Bank transfer,29.36,590.24,Yes
CUST-03522,Female,1,Yes,Yes,63,No,No,Fiber optic,Yes,Yes,No internet service,One year,Yes,Bank transfer,29.82,1831.76,Yes
CUST-03523,Female,0,Yes,No,36,Yes,Yes,Fiber optic,No,Yes,Yes,Month-to-month,No,Credit card,99.12,3575.22,Yes
CUST-03524,Male,0,Yes,No,47,Yes,No,Fiber optic,Yes,No,No,One year,No,Mailed check,56.89,2695.18,Yes
CUST-03525,Male,0,No,No,55,Yes,No,DSL,No,Yes,Yes,One year,Yes,Credit card,40.03,2208.16,Yes
CUST-03526,Female,1,Yes,No,43,Yes,No,DSL,No internet service,Yes,No internet service,Month-to-month,Yes,Mailed check,90.19,3909.04,Yes
CUST-03527,Female,0,No,Yes,12,Yes,Yes,Fiber optic,No internet service,No,No,One year,No,Credit card,115.89,1418.34,No
CUST-03528,Female,0,No,No,3,Yes,Yes,Fiber optic,No internet service,No,No,One year,No,Electronic check,113.55,338.56,No
CUST-03529,Female,0,Yes,Yes,72,Yes,No,DSL,No,Yes,No,Month-to-month,Yes,Bank transfer,91.79,6623.39,No
CUST-03530,Female,0,No,No,32,Yes,No,No,No internet service,No,Yes,One year,Yes,Electronic check,37.55,1179.26,No
CUST-03531,Female,0,Yes,No,36,Yes,No,Fiber optic,No,Yes,Yes,Two year,Yes,Mailed check,33.72,1199.78,No
CUST-03532,Female,0,Yes,No,52,Yes,No,DSL,No,No,No,One year,Yes,Mailed check,106.84,5567.87,No
CUST-03533,Female,0,No,No,23,Yes,No,DSL,No internet service,No internet service,No internet service,Two year,Yes,Credit card,116.21,2688.87,No
CUST-03534,Female,0,Yes,No,50,Yes,Yes,Fiber optic,Yes,No internet service,No internet service,One year,Yes,Electronic check,81.48,4032.54,Yes
CUST-03535,Male,0,Yes,Yes,40,Yes,No,Fiber optic,No internet service,No,No internet service,Month-to-month,Yes,Bank transfer,109.93,4429.12,Yes
CUST-03536,Male,0,No,No,28,Yes,No,DSL,No,No,Yes,Month-to-month,No,Mailed check,101.12,2845.08,Yes
CUST-03537,Male,1,No,No,58,Yes,No,Fiber optic,No,No,No internet service,Month-to-month,No,Credit card,33.71,1937.92,No
CUST-03538,Female,0,No,No,39,Yes,Yes,DSL,No,No internet service,No,Month-to-month,No,Bank transfer,40.74,1561.5,No
CUST-03539,Male,1,No,No,50,Yes,No,DSL,No,No internet service,Yes,Month-to-month,No,Credit card,24.91,1255.81,No
CUST-03540,Female,0,No,No,49,Yes,No,Fiber optic,No,No,No internet service,Month-to-month,No,Mailed check,66.35,3270.74,No
CUST-03541,Female,0,No,No,35,Yes,Yes,No,No,No,No,Month-to-month,Yes,Bank transfer,51.04,1829.24,No
CUST-03542,Male,0,Yes,Yes,59,Yes,No,No,Yes,Yes,No,Month-to-month,Yes,Credit card,61.46,3594.64,No
CUST-03543,Female,0,Yes,No,17,Yes,No,No,Yes,No,No,One year,Yes,Mailed check,18.88,321.25,No
CUST-03544,Male,0,Yes,Yes,19,Yes,No,Fiber optic,No,No,No internet service,Month-to-month,No,Credit card,91.57,1785.35,Yes
CUST-03545,Male,0,No,No,4,Yes,Yes,No,No,No internet service,No internet service,Month-to-month,No,Credit card,38.46,194.79,Yes
CUST-03546,Male,0,Yes,No,17,Yes,Yes,No,Yes,No internet service,Yes,Month-to-month,Yes,Credit card,55.56,942.31,No
CUST-03547,Female,0,No,No,39,Yes,No,Fiber optic,Yes,No,No internet service,Two year,Yes,Bank transfer,59.04,2307.76,No
CUST-03548,Male,0,Yes,No,0,Yes,No,DSL,Yes,No internet service,No internet service,One year,Yes,Bank transfer,24.76,41.65,No
CUST-03549,Female,1,No,Yes,18,No,No,Fiber optic,No,No internet service,No,One year,Yes,Mailed check,55.28,948.25,No
CUST-03550,Male,0,Yes,No,25,Yes,No,No,Yes,No internet service,Yes,Month-to-month,No,Credit card,109.78,2792.12,No
CUST-03551,Male,1,No,No,28,Yes,Yes,No,No internet service,No,No,Month-to-month,No,Bank transfer,109.11,3102.78,Yes
CUST-03552,Male,0,No,No,58,Yes,No,DSL,No,No,No,Two year,Yes,Bank transfer,20.51,1234.02,No
CUST-03553,Female,0,No,Yes,62,Yes,No phone service,No,No,No,No,One year,No,Credit card,21.04,1351.03,No
CUST-03554,Female,1,No,No,61,Yes,No,Fiber optic,No,No,Yes,One year,Yes,Mailed check,78.58,4773.79,No
CUST-03555,Female,0,Yes,No,47,Yes,No phone service,DSL,No,No,No,Month-to-month,No,Electronic check,38.89,1781.54,Yes
CUST-03556,Male,0,Yes,Yes,61,Yes,No,No,No,Yes,No internet service,Month-to-month,No,Credit card,109.65,6667.08,Yes
CUST-03557,Male,0,No,No,17,Yes,No,No,Yes,No internet service,No internet service,Month-to-month,Yes,Mailed check,67.25,1127.82,No
CUST-03558,Female,1,No,Yes,65,Yes,Yes,Fiber optic,Yes,No,Yes,Month-to-month,No,Electronic check,51.23,3315.2,Yes
CUST-03559,Female,0,No,No,26,No,Yes,No,No,No internet service,No,Two year,No,Mailed check,115.23,3014.03,No
CUST-03560,Female,0,Yes,Yes,5,Yes,Yes,Fiber optic,Yes,No,No internet service,Two year,Yes,Electronic check,50.43,288.51,Yes
CUST-03561,Female,0,No,No,69,Yes,No,Fiber optic,Yes,No,Yes,One year,Yes,Electronic check,50.72,3471.88,No
CUST-03562,Female,0,No,No,58,No,Yes,No,No,Yes,Yes,Month-to-month,Yes,Mailed check,31.58,1826.37,Yes
CUST-03563,Female,0,Yes,No,5,No,No,No,No,No,No,Month-to-month,Yes,Bank transfer,40.67,191.2,Yes
CUST-03564,Male,0,No,No,30,Yes,No phone service,DSL,No,No internet service,No,Month-to-month,No,Mailed check,95.57,2893.56,Yes
CUST-03565,Female,0,No,No,55,Yes,No,Fiber optic,No internet service,No,Yes,One year,Yes,Electronic check,95.49,5233.74,No
CUST-03566,Male,0,Yes,Yes,53,Yes,Yes,Fiber optic,Yes,No,No internet service,One year,Yes,Credit card,57.43,2999.41,No
CUST-03567,Male,0,No,No,40,Yes,No phone service,No,No internet service,No,No,Month-to-month,No,Electronic check,53.64,2128.98,Yes
CUST-03568,Female,0,No,No,17,Yes,No,No,No,No internet service,No,Month-to-month,Yes,Electronic check,60.68,1016.96,Yes
CUST-03569,Female,0,Yes,No,22,Yes,No,No,Yes,Yes,No,One year,Yes,Mailed check,48.69,1103.42,No
CUST-03570,Male,1,No,Yes,35,Yes,No,Fiber optic,No internet service,No internet service,No,Two year,Yes,Electronic check,80.0,2804.79,No
CUST-03571,Female,0,Yes,Yes,24,Yes,No phone service,Fiber optic,No,No,No,One year,Yes,Credit card,103.33,2482.27,No
CUST-03572,Female,0,No,No,6,Yes,No,No,Yes,No internet service,No,Two year,No,Bank transfer,18.96,123.64,No
CUST-03573,Male,0,No,No,19,Yes,No,DSL,Yes,No,No,One year,No,Credit card,113.47,2162.08,No
CUST-03574,Male,0,No,No,4,No,No,Fiber optic,No,Yes,No,Month-to-month,No,Bank transfer,30.03,138.29,Yes
CUST-03575,Male,0,No,No,17,Yes,No,Fiber optic,No,No,No internet service,One year,Yes,Credit card,109.77,1906.48,Yes
CUST-03576,Female,0,No,No,32,Yes,No,Fiber optic,No internet service,Yes,No internet service,Month-to-month,Yes,Bank transfer,41.82,1375.88,No
CUST-03577,Male,0,Yes,No,34,Yes,No,Fiber optic,Yes,No internet service,No internet service,Month-to-month,Yes,Mailed check,111.54,3791.89,No
CUST-03578,Female,0,No,No,64,Yes,No,No,No,No,Yes,Two year,Yes,Bank transfer,98.31,6326.52,No
CUST-03579,Male,0,No,No,62,Yes,No,DSL,Yes,Yes,Yes,Month-to-month,Yes,Mailed check,45.46,2854.82,Yes
CUST-03580,Male,0,Yes,Yes,71,Yes,Yes,DSL,No,Yes,No internet service,Month-to-month,Yes,Credit card,20.88,1511.43,No
CUST-03581,Male,1,Yes,Yes,70,Yes,No,No,No internet service,No internet service,Yes,One year,No,Electronic check,91.02,6325.61,No
CUST-03582,Female,0,No,Yes,40,No,No,Fiber optic,No,No internet service,Yes,Month-to-month,No,Mailed check,101.82,4089.01,Yes
CUST-03583,Female,0,Yes,No,49,Yes,No,DSL,No,No,No,Month-to-month,Yes,Bank transfer,87.34,4260.98,No
CUST-03584,Male,0,No,Yes,29,Yes,Yes,DSL,No,No,No internet service,Two year,No,Mailed check,56.93,1688.3,Yes
CUST-03585,Male,0,Yes,Yes,37,Yes,No,DSL,Yes,No internet service,No internet service,Month-to-month,Yes,Mailed check,30.99,1125.03,No
CUST-03586,Male,0,Yes,No,34,Yes,No phone service,Fiber optic,No internet service,Yes,No,Month-to-month,Yes,Mailed check,53.4,1857.46,No
CUST-03587,Female,0,No,Yes,65,Yes,No,Fiber optic,No,Yes,No internet service,Month-to-month,Yes,Mailed check,45.4,2962.51,No
CUST-03588,Male,0,Yes,Yes,45,Yes,No,Fiber optic,No,No,No,Month-to-month,No,Electronic check,91.76,4143.71,Yes
CUST-03589,Female,0,No,Yes,7,Yes,Yes,Fiber optic,No internet service,No internet service,No,Month-to-month,No,Mailed check,34.25,278.52,Yes
CUST-03590,Male,0,Yes,Yes,67,Yes,No phone service,Fiber optic,No,No,Yes,One year,No,Credit card,101.59,6855.07,Yes
CUST-03591,Male,0,Yes,No,36,Yes,No,DSL,No,Yes,No,Month-to-month,Yes,Mailed check,80.42,2876.02,No
CUST-03592,Male,0,Yes,No,12,Yes,Yes,No,No,No,No internet service,One year,No,Mailed check,67.22,765.53,No
CUST-03593,Male,0,No,No,72,No,Yes,Fiber optic,Yes,No,Yes,Month-to-month,Yes,Electronic check,54.74,3963.61,No
CUST-03594,Male,0,No,No,44,Yes,No,DSL,No,No,No,Month-to-month,No,Credit card,69.76,3026.46,Yes
CUST-03595,Male,0,Yes,No,28,Yes,Yes,Fiber optic,No internet service,No internet service,No internet service,One year,No,Electronic check,73.1,2050.19,No
CUST-03596,Female,0,No,No,40,Yes,No,DSL,Yes,No,Yes,Month-to-month,Yes,Electronic check,42.17,1671.33,Yes
CUST-03597,Male,1,No,Yes,55,Yes,Yes,DSL,No,Yes,Yes,One year,Yes,Credit card,118.85,6525.75,No
CUST-03598,Female,0,No,Yes,15,Yes,No,DSL,Yes,No internet service,No internet service,Two year,Yes,Credit card,110.77,1635.1,No
CUST-03599,Male,1,Yes,No,11,No,No,No,No,Yes,Yes,Month-to-month,Yes,Mailed check,57.86,656.39,Yes
CUST-03600,Male,0,No,Yes,65,Yes,No,Fiber optic,No,No internet service,No,Two year,Yes,Credit card,43.91,2861.34,No
CUST-03601,Female,0,Yes,Yes,61,Yes,No,DSL,No,No,Yes,Month-to-month,No,Mailed check,49.32,3053.76,Yes
CUST-03602,Male,0,Yes,No,18,Yes,No,Fiber optic,No,No,No,Month-to-month,Yes,Electronic check,117.98,2109.19,No
CUST-03603,Female,1,Yes,No,29,Yes,No phone service,No,No internet service,No internet service,Yes,One year,Yes,Mailed check,59.52,1715.51,No
CUST-03604,Female,0,Yes,Yes,15,Yes,No,Fiber optic,No,No,Yes,Month-to-month,Yes,Mailed check,111.02,1631.8,Yes
CUST-03605,Male,0,Yes,Yes,12,No,No,DSL,Yes,No,Yes,Month-to-month,No,Credit card,24.02,299.41,Yes
CUST-03606,Female,0,No,No,68,Yes,Yes,Fiber optic,No,No internet service,Yes,Month-to-month,Yes,Electronic check,97.23,6571.14,Yes
CUST-03607,Female,0,No,No,22,Yes,No,DSL,No internet service,Yes,No,One year,Yes,Credit card,95.74,2153.1,No
CUST-03608,Male,0,Yes,Yes,61,Yes,Yes,Fiber optic,Yes,Yes,Yes,Two year,Yes,Electronic check,84.4,5189.41,No
CUST-03609,Female,1,No,No,30,Yes,No phone service,Fiber optic,No,No,No,Month-to-month,No,Bank transfer,30.35,930.47,Yes
CUST-03610,Male,1,No,No,52,Yes,Yes,Fiber optic,Yes,Yes,Yes,Month-to-month,Yes,Electronic check,118.1,6122.93,Yes
CUST-03611,Male,0,No,No,16,Yes,Yes,Fiber optic,Yes,Yes,No,One year,Yes,Electronic check,39.7,620.82,No
CUST-03612,Male,1,No,No,48,No,Yes,Fiber optic,No internet service,No internet service,No internet service,Month-to-month,Yes,Electronic check,90.39,4297.43,No
CUST-03613,Male,0,No,Yes,48,Yes,Yes,No,No internet service,No,No,Month-to-month,No,Electronic check,94.65,4517.9,Yes
CUST-03614,Female,0,No,No,66,Yes,No,Fiber optic,Yes,No internet service,No,One year,Yes,Mailed check,95.51,6288.96,No
CUST-03615,Male,0,No,No,25,Yes,No,Fiber optic,No internet service,No internet service,No,Month-to-month,No,Credit card,102.25,2551.04,Yes
CUST-03616,Male,0,Yes,Yes,12,Yes,No phone service,No,Yes,Yes,No internet service,Month-to-month,Yes,Electronic check,118.89,1423.11,Yes
CUST-03617,Female,1,Yes,No,37,Yes,Yes,DSL,No,No internet service,No internet service,Two year,Yes,Mailed check,27.79,1066.74,No
CUST-03618,Male,0,Yes,Yes,21,Yes,Yes,DSL,No,No internet service,No,Month-to-month,Yes,Credit card,66.16,1384.34,Yes
CUST-03619,Male,0,No,Yes,28,Yes,No,No,No,Yes,Yes,Two year,No,Mailed check,117.43,3333.78,No
CUST-03620,Female,0,No,No,44,Yes,Yes,Fiber optic,No internet service,No internet service,No,Two year,Yes,Electronic check,107.97,4709.06,No
CUST-03621,Female,0,Yes,Yes,45,Yes,No,Fiber optic,No,No,No,Month-to-month,Yes,Credit card,119.04,5327.9,No
CUST-03622,Female,0,No,No,38,Yes,Yes,No,No,No internet service,Yes,One year,Yes,Electronic check,77.41,2930.38,No
CUST-03623,Female,1,No,No,68,No,No,Fiber optic,No internet service,No internet service,Yes,Two year,No,Bank transfer,86.63,5929.66,No
CUST-03624,Female,0,Yes,No,67,Yes,Yes,No,Yes,No,No,One year,Yes,Mailed check,44.91,2971.19,No
CUST-03625,Female,0,Yes,No,38,Yes,Yes,No,No,No,No internet service,Two year,Yes,Electronic check,64.75,2446.01,Yes
CUST-03626,Female,0,Yes,No,19,Yes,No,DSL,No,Yes,No,Month-to-month,Yes,Credit card,20.14,343.88,Yes
CUST-03627,Male,0,No,Yes,67,Yes,No,Fiber optic,No internet service,No,No,One year,Yes,Credit card,91.41,6151.87,No
CUST-03628,Female,0,No,No,34,Yes,No phone service,No,No,Yes,No internet service,Month-to-month,Yes,Mailed check,112.44,3801.21,Yes
CUST-03629,Female,0,No,No,7,Yes,No,Fiber optic,No internet service,No internet service,No,One year,Yes,Bank transfer,29.44,199.52,Yes
CUST-03630,Female,0,Yes,Yes,51,Yes,No,Fiber optic,No,No,No,One year,Yes,Electronic check,64.35,3313.59,Yes
CUST-03631,Male,0,Yes,Yes,39,Yes,No phone service,Fiber optic,No,No internet service,No internet service,Month-to-month,Yes,Credit card,81.56,3147.62,Yes
CUST-03632,Male,0,No,Yes,35,Yes,Yes,DSL,No internet service,No,Yes,Month-to-month,No,Bank transfer,82.48,2931.52,No
CUST-03633,Female,0,Yes,No,5,Yes,No,DSL,No,Yes,Yes,Month-to-month,Yes,Credit card,49.27,235.74,No
CUST-03634,Female,0,Yes,No,69,Yes,Yes,Fiber optic,No,No,No internet service,Month-to-month,Yes,Mailed check,20.02,1364.42,No
CUST-03635,Female,0,No,No,72,No,No,Fiber optic,No internet service,No,No internet service,Month-to-month,No,Credit card,108.56,7785.4,Yes
CUST-03636,Male,0,Yes,No,15,No,No,Fiber optic,No,Yes,No internet service,Two year,No,Bank transfer,27.36,407.15,No
CUST-03637,Male,1,Yes,No,45,Yes,No,No,No,No,Yes,Month-to-month,Yes,Credit card,36.12,1673.47,No
CUST-03638,Female,0,Yes,No,58,Yes,Yes,DSL,No,No internet service,No,Month-to-month,No,Bank transfer,116.2,6738.7,Yes
CUST-03639,Male,0,No,No,37,Yes,No,Fiber optic,No,No,No,One year,No,Mailed check,69.04,2549.69,Yes
CUST-03640,Female,0,No,No,17,Yes,No,Fiber optic,No,Yes,Yes,Two year,Yes,Mailed check,107.15,1772.31,No
CUST-03641,Male,0,Yes,No,11,Yes,No phone service,No,No,No internet service,No,Month-to-month,Yes,Mailed check,109.49,1183.16,No
CUST-03642,Male,0,No,No,53,Yes,No,Fiber optic,No internet service,No,No,Month-to-month,No,Credit card,118.92,6275.55,Yes
CUST-03643,Female,1,No,No,46,Yes,Yes,Fiber optic,No,Yes,Yes,Month-to-month,Yes,Mailed check,22.15,972.8,No
CUST-03644,Female,0,No,No,0,Yes,No,Fiber optic,Yes,No internet service,No internet service,One year,No,Mailed check,23.41,0.0,Yes
CUST-03645,Female,0,Yes,No,14,Yes,No,Fiber optic,No,Yes,No,One year,Yes,Mailed check,37.45,487.86,No
CUST-03646,Female,0,No,No,20,Yes,Yes,DSL,Yes,Yes,No,Month-to-month,No,Bank transfer,84.95,1699.3,Yes
CUST-03647,Male,0,Yes,No,0,Yes,Yes,DSL,No,No,No,Two year,No,Mailed check,44.72,0.0,Yes
CUST-03648,Male,0,Yes,No,66,Yes,No,DSL,Yes,Yes,No internet service,Month-to-month,No,Credit card,68.55,4496.57,No
CUST-03649,Male,1,No,No,11,Yes,No,DSL,Yes,Yes,No,Two year,No,Credit card,98.21,1110.14,No
CUST-03650,Female,0,Yes,No,27,Yes,Yes,Fiber optic,No internet service,No,No,Month-to-month,No,Mailed check,36.95,1040.33,Yes
CUST-03651,Male,0,No,Yes,38,Yes,No phone service,Fiber optic,No,No internet service,Yes,Month-to-month,Yes,Credit card,47.16,1755.49,Yes
CUST-03652,Female,0,No,Yes,36,Yes,No,DSL,No,No,No,Month-to-month,Yes,Mailed check,92.21,3279.3,Yes
CUST-03653,Male,0,Yes,No,59,Yes,No phone service,DSL,Yes,Yes,No,Two year,Yes,Mailed check,18.78,1092.5,No
CUST-03654,Female,0,Yes,No,30,Yes,No,Fiber optic,No internet service,No internet service,No,Month-to-month,No,Credit card,95.25,2868.54,Yes
CUST-03655,Female,0,No,No,57,Yes,No,DSL,No internet service,No internet service,Yes,Month-to-month,Yes,Electronic check,86.98,4971.06,No
CUST-03656,Male,0,No,No,10,Yes,Yes,DSL,No,Yes,No,Month-to-month,No,Credit card,31.22,324.7,No
CUST-03657,Female,0,No,No,28,Yes,No,No,No,No,No,One year,Yes,Bank transfer,42.87,1207.93,No
CUST-03658,Female,0,No,Yes,12,Yes,No,DSL,Yes,No,No,Month-to-month,Yes,Bank transfer,19.57,223.42,Yes
CUST-03659,Male,0,Yes,Yes,50,Yes,No,DSL,No,No,Yes,Two year,Yes,Electronic check,77.3,3893.2,No
CUST-03660,Female,0,Yes,No,53,Yes,Yes,DSL,No,No internet service,No,Month-to-month,No,Bank transfer,58.5,3145.82,No
CUST-03661,Female,0,Yes,Yes,18,Yes,No,No,No internet service,No internet service,No internet service,Month-to-month,No,Credit card,61.19,1110.38,Yes
CUST-03662,Female,0,No,No,57,Yes,No,Fiber optic,No,No,Yes,Month-to-month,Yes,Credit card,28.52,1597.58,Yes
CUST-03663,Male,0,Yes,No,35,Yes,Yes,DSL,No,Yes,Yes,One year,Yes,Bank transfer,53.94,1894.08,Yes
CUST-03664,Male,0,Yes,No,27,Yes,Yes,Fiber optic,Yes,No,Yes,Two year,Yes,Mailed check,111.74,3042.53,No
CUST-03665,Female,0,Yes,No,67,No,Yes,DSL,Yes,No,Yes,Month-to-month,No,Bank transfer,24.6,1681.17,No
CUST-03666,Male,0,Yes,No,2,Yes,No,Fiber optic,Yes,No,No internet service,Two year,Yes,Electronic check,117.45,256.73,Yes
CUST-03667,Female,1,No,Yes,40,Yes,No,Fiber optic,No,No internet service,No,Two year,No,Bank transfer,104.5,4219.05,No
CUST-03668,Female,0,Yes,No,34,Yes,Yes,DSL,Yes,Yes,Yes,Two year,Yes,Electronic check,38.7,1361.0,No
CUST-03669,Female,0,Yes,No,49,Yes,Yes,Fiber optic,No internet service,No,No internet service,Month-to-month,Yes,Electronic check,89.95,4406.75,Yes
CUST-03670,Female,0,Yes,Yes,29,Yes,No,Fiber optic,No internet service,No,Yes,Two year,No,Credit card,27.28,795.22,No
CUST-03671,Female,0,Yes,Yes,71,Yes,Yes,No,No,No internet service,Yes,Two year,Yes,Bank transfer,34.29,2418.34,No
CUST-03672,Male,0,No,Yes,69,Yes,No,No,No internet service,No internet service,No,One year,Yes,Mailed check,67.77,4692.02,No
CUST-03673,Female,0,No,Yes,53,Yes,No,Fiber optic,Yes,No internet service,Yes,Month-to-month,Yes,Electronic check,58.85,3128.62,Yes
CUST-03674,Male,0,Yes,No,70,Yes,No,No,No internet service,No,Yes,Month-to-month,Yes,Bank transfer,101.13,7046.97,Yes
CUST-03675,Male,0,No,No,50,Yes,No,Fiber optic,No internet service,Yes,Yes,Two year,No,Bank transfer,113.8,5709.44,No
CUST-03676,Female,0,No,No,27,No,Yes,No,Yes,No,No internet service,Month-to-month,Yes,Credit card,114.17,3113.09,No
CUST-03677,Female,0,No,No,63,Yes,Yes,Fiber optic,No internet service,No,Yes,Month-to-month,Yes,Mailed check,32.99,2046.47,Yes
CUST-03678,Male,0,No,No,20,Yes,No,Fiber optic,No,Yes,Yes,Month-to-month,Yes,Mailed check,88.0,1726.42,Yes
CUST-03679,Male,0,Yes,No,26,Yes,No phone service,No,Yes,No internet service,No,Month-to-month,Yes,Bank transfer,76.22,1995.63,Yes
CUST-03680,Male,0,No,No,26,Yes,No,No,No,No internet service,No internet service,Month-to-month,Yes,Mailed check,55.76,1411.38,No
CUST-03681,Female,0,No,No,49,Yes,Yes,DSL,No internet service,Yes,No,One year,Yes,Electronic check,119.47,5884.99,Yes
CUST-03682,Male,0,Yes,No,28,Yes,No,DSL,No,No,Yes,Month-to-month,Yes,Credit card,64.52,1820.86,Yes
CUST-03683,Female,1,Yes,No,38,Yes,No,No,No,No,Yes,Two year,Yes,Bank transfer,85.86,3215.92,No
CUST-03684,Female,0,Yes,No,56,Yes,No,Fiber optic,Yes,Yes,Yes,One year,Yes,Mailed check,69.29,3907.28,No
CUST-03685,Female,0,Yes,Yes,36,No,No,No,Yes,Yes,No,Two year,No,Bank transfer,28.5,1026.99,No
CUST-03686,Male,0,No,No,63,Yes,Yes,No,No internet service,No,No,One year,No,Mailed check,32.39,2040.19,No
CUST-03687,Female,0,Yes,No,47,Yes,No,No,No,No internet service,No,Month-to-month,Yes,Electronic check,94.51,4423.16,Yes
CUST-03688,Female,0,No,Yes,21,Yes,No,Fiber optic,Yes,No internet service,No,Two year,Yes,Bank transfer,99.77,2073.52,No
CUST-03689,Female,0,No,No,29,Yes,No,DSL,No,Yes,Yes,One year,No,Credit card,55.11,1598.22,No
CUST-03690,Female,0,Yes,No,27,Yes,No,Fiber optic,Yes,No internet service,No,Month-to-month,Yes,Mailed check,24.83,620.72,No
CUST-03691,Female,0,Yes,Yes,22,Yes,No,No,No,No,No,One year,Yes,Credit card,115.61,2572.93,No
CUST-03692,Male,0,No,No,3,Yes,No,Fiber optic,No,Yes,Yes,Month-to-month,Yes,Credit card,68.7,234.5,Yes
CUST-03693,Female,1,No,Yes,2,Yes,No phone service,Fiber optic,No,No,No,Two year,Yes,Electronic check,31.68,86.92,No
CUST-03694,Female,0,Yes,No,60,Yes,Yes,Fiber optic,Yes,No internet service,Yes,Month-to-month,Yes,Electronic check,38.24,2304.65,Yes
CUST-03695,Male,0,Yes,Yes,3,Yes,No,Fiber optic,Yes,Yes,Yes,One year,No,Mailed check,22.63,47.45,Yes
CUST-03696,Female,0,Yes,No,64,No,No phone service,No,No,Yes,No internet service,Month-to-month,Yes,Bank transfer,90.41,5802.04,Yes
CUST-03697,Male,1,No,Yes,11,Yes,Yes,DSL,No internet service,No,No internet service,Month-to-month,Yes,Mailed check,89.82,950.93,Yes
CUST-03698,Female,0,No,Yes,12,Yes,Yes,DSL,No,Yes,No,Month-to-month,No,Mailed check,79.46,929.86,No
CUST-03699,Male,0,Yes,Yes,33,Yes,Yes,Fiber optic,Yes,No internet service,Yes,Month-to-month,Yes,Electronic check,73.72,2387.28,Yes
CUST-03700,Male,0,No,No,58,Yes,Yes,Fiber optic,Yes,No,No,Month-to-month,Yes,Mailed check,56.91,3336.73,Yes
CUST-03701,Female,0,Yes,No,72,Yes,No phone service,No,No,No internet service,Yes,Month-to-month,Yes,Mailed check,114.96,8309.96,Yes
CUST-03702,Female,1,No,No,30,Yes,No,DSL,No,Yes,Yes,One year,No,Bank transfer,99.65,2984.59,No
CUST-03703,Female,0,No,No,70,Yes,No,No,Yes,No internet service,Yes,Month-to-month,Yes,Mailed check,110.58,7734.36,No
CUST-03704,Male,0,Yes,No,12,Yes,Yes,No,No,No,No,Month-to-month,Yes,Bank transfer,49.79,640.08,No
CUST-03705,Male,1,Yes,Yes,53,Yes,Yes,DSL,No,Yes,No internet service,Month-to-month,Yes,Mailed check,117.78,6259.86,No
CUST-03706,Male,0,Yes,No,1,Yes,No,No,No,No internet service,No internet service,Month-to-month,No,Electronic check,34.87,55.8,Yes
CUST-03707,Female,0,No,Yes,32,Yes,No,Fiber optic,No internet service,No,No internet service,Two year,Yes,Mailed check,23.74,745.61,No
CUST-03708,Male,0,No,No,49,Yes,Yes,Fiber optic,No,Yes,Yes,Month-to-month,No,Bank transfer,50.62,2459.54,Yes
CUST-03709,Male,0,Yes,No,6,Yes,No phone service,DSL,No internet service,Yes,No,Month-to-month,Yes,Credit card,38.53,192.62,No
CUST-03710,Female,0,No,No,17,Yes,No,No,No,Yes,No internet service,Month-to-month,Yes,Bank transfer,70.79,1160.68,Yes
CUST-03711,Male,0,Yes,Yes,50,Yes,No,Fiber optic,Yes,No internet service,No internet service,Two year,Yes,Mailed check,53.72,2726.55,No
CUST-03712,Male,0,No,No,7,Yes,No,No,No internet service,No internet service,Yes,Month-to-month,No,Mailed check,35.52,289.28,No
CUST-03713,Female,0,Yes,Yes,54,Yes,Yes,Fiber optic,No,No,No internet service,Month-to-month,No,Mailed check,104.11,5594.64,Yes
CUST-03714,Male,0,No,Yes,42,Yes,No,Fiber optic,No internet service,No,No,Two year,No,Bank transfer,69.81,2885.76,No
CUST-03715,Female,0,No,Yes,58,Yes,No,DSL,No,Yes,Yes,One year,No,Bank transfer,29.17,1676.5,No
CUST-03716,Female,0,No,No,29,Yes,Yes,DSL,No,No,Yes,One year,Yes,Electronic check,25.68,789.91,No
CUST-03717,Female,0,No,No,58,Yes,No,Fiber optic,No internet service,Yes,Yes,Two year,No,Mailed check,57.08,3291.15,No
CUST-03718,Female,0,Yes,No,8,Yes,Yes,No,Yes,No,No,Month-to-month,Yes,Credit card,110.61,921.4,Yes
CUST-03719,Female,0,No,Yes,67,Yes,No,DSL,No,No,Yes,Month-to-month,Yes,Bank transfer,69.82,4709.58,No
CUST-03720,Male,0,Yes,No,38,Yes,Yes,No,No,No internet service,No,Month-to-month,Yes,Bank transfer,32.19,1267.66,No
CUST-03721,Male,0,Yes,No,10,Yes,No phone service,No,No,No,No internet service,One year,No,Bank transfer,43.16,431.27,Yes
CUST-03722,Female,0,Yes,Yes,1,Yes,No,Fiber optic,No internet service,No internet service,No internet service,Month-to-month,Yes,Bank transfer,23.05,65.25,Yes
CUST-03723,Female,0,Yes,Yes,22,Yes,Yes,DSL,No,No internet service,No,Month-to-month,No,Credit card,102.85,2286.88,Yes
CUST-03724,Male,0,No,No,62,Yes,No phone service,No,No,No,No,One year,Yes,Electronic check,114.5,7135.8,No
CUST-03725,Female,0,Yes,No,21,Yes,No,DSL,No,Yes,No,One year,No,Credit card,25.94,568.07,No
CUST-03726,Female,0,No,No,60,Yes,No,Fiber optic,No,No,No internet service,Month-to-month,Yes,Credit card,35.64,2134.52,No
CUST-03727,Female,1,No,No,25,Yes,No,DSL,Yes,Yes,No internet service,One year,No,Bank transfer,35.45,928.16,Yes
CUST-03728,Male,0,No,Yes,11,Yes,Yes,No,No,No,No,Two year,Yes,Bank transfer,99.98,1129.83,Yes
CUST-03729,Male,0,No,Yes,31,Yes,Yes,Fiber optic,Yes,No,Yes,Month-to-month,Yes,Mailed check,103.61,3226.02,Yes
CUST-03730,Female,0,Yes,No,8,Yes,Yes,DSL,Yes,No internet service,Yes,Month-to-month,Yes,Electronic check,60.77,484.46,Yes
CUST-03731,Female,1,No,No,68,Yes,No,DSL,Yes,No,No internet service,One year,Yes,Electronic check,116.87,7906.62,No
CUST-03732,Male,0,Yes,No,70,Yes,Yes,Fiber optic,No,No,No internet service,Month-to-month,Yes,Electronic check,44.47,3144.45,Yes
CUST-03733,Male,0,No,No,32,Yes,No,DSL,No,No,No,Month-to-month,Yes,Mailed check,71.56,2281.56,Yes
CUST-03734,Female,0,No,No,23,Yes,Yes,No,No,No,No,One year,Yes,Electronic check,119.62,2737.2,No
CUST-03735,Female,1,Yes,Yes,68,Yes,No,Fiber optic,No,No,Yes,Two year,Yes,Credit card,102.36,6933.54,No
CUST-03736,Male,0,No,No,37,No,Yes,Fiber optic,Yes,No,Yes,Month-to-month,No,Bank transfer,67.69,2508.69,Yes
CUST-03737,Male,0,No,No,10,Yes,Yes,DSL,No,No,No,Month-to-month,No,Credit card,29.07,323.69,Yes
CUST-03738,Male,1,No,Yes,31,Yes,Yes,Fiber optic,Yes,No internet service,No internet service,Month-to-month,Yes,Credit card,110.24,3396.4,No
CUST-03739,Female,1,No,No,63,Yes,No,DSL,No,No,No internet service,Month-to-month,Yes,Electronic check,73.3,4659.97,Yes
CUST-03740,Male,1,No,Yes,71,Yes,No,No,Yes,Yes,Yes,Month-to-month,No,Bank transfer,49.45,3500.64,No
CUST-03741,Female,0,Yes,Yes,19,Yes,Yes,Fiber optic,No,No,Yes,Month-to-month,Yes,Electronic check,64.02,1263.32,No
CUST-03742,Male,0,No,No,33,No,No,DSL,No,No,Yes,Month-to-month,Yes,Electronic check,49.71,1658.09,Yes
CUST-03743,Male,0,No,No,41,Yes,No,DSL,No,No internet service,Yes,Month-to-month,No,Bank transfer,74.21,3029.33,No
CUST-03744,Male,0,Yes,Yes,7,Yes,No phone service,No,Yes,Yes,Yes,One year,Yes,Mailed check,45.84,369.24,No
CUST-03745,Male,0,No,No,65,Yes,No,DSL,No,No,No internet service,Month-to-month,No,Mailed check,63.49,4136.28,No
CUST-03746,Female,0,Yes,No,20,Yes,Yes,Fiber optic,No,No,No internet service,Month-to-month,Yes,Mailed check,61.48,1256.46,Yes
CUST-03747,Female,0,No,No,69,No,Yes,Fiber optic,No internet service,No,No,One year,Yes,Bank transfer,80.84,5573.14,Yes
CUST-03748,Male,0,No,No,4,Yes,Yes,DSL,Yes,No,No,Month-to-month,Yes,Credit card,19.44,39.69,No
CUST-03749,Female,0,Yes,Yes,66,Yes,No,Fiber optic,No internet service,No,No internet service,Two year,Yes,Credit card,79.07,5265.02,No
CUST-03750,Male,0,No,Yes,42,Yes,No,Fiber optic,No,No internet service,No,One year,No,Bank transfer,78.5,3279.17,Yes
CUST-03751,Male,0,No,Yes,15,Yes,No,Fiber optic,Yes,Yes,No,Month-to-month,Yes,Electronic check,58.01,911.94,Yes
CUST-03752,Male,0,Yes,Yes,72,Yes,Yes,Fiber optic,Yes,No,No internet service,Month-to-month,Yes,Electronic check,43.18,3149.72,Yes
CUST-03753,Male,0,Yes,Yes,34,Yes,Yes,No,Yes,No,No,Month-to-month,No,Bank transfer,103.6,3481.9,Yes
CUST-03754,Female,0,No,Yes,42,Yes,No phone service,DSL,No,No,No internet service,Month-to-month,No,Electronic check,53.17,2194.61,Yes
CUST-03755,Male,0,Yes,No,38,Yes,No phone service,Fiber optic,Yes,No,No,Month-to-month,Yes,Electronic check,49.8,1903.6,Yes
CUST-03756,Male,0,No,No,9,Yes,No,DSL,No,Yes,No,Month-to-month,Yes,Mailed check,65.24,540.75,Yes
CUST-03757,Female,0,Yes,No,19,Yes,Yes,No,Yes,No,Yes,Two year,Yes,Bank transfer,46.35,872.77,No
CUST-03758,Male,0,No,Yes,0,Yes,No phone service,DSL,No,No,No internet service,Two year,Yes,Mailed check,102.74,2.78,No
CUST-03759,Male,0,Yes,No,5,Yes,Yes,Fiber optic,No internet service,No internet service,Yes,One year,No,Credit card,75.62,347.78,No
CUST-03760,Male,0,Yes,Yes,52,Yes,No,Fiber optic,No,No internet service,No internet service,Month-to-month,No,Credit card,94.95,4964.42,Yes
CUST-03761,Female,1,Yes,No,45,Yes,Yes,No,No,No internet service,No internet service,Month-to-month,Yes,Credit card,94.03,4224.51,Yes
CUST-03762,Male,0,Yes,Yes,65,Yes,No,Fiber optic,Yes,No,No internet service,One year,Yes,Credit card,98.4,6388.31,No
CUST-03763,Female,1,Yes,No,37,Yes,No,Fiber optic,Yes,No,No,One year,No,Electronic check,106.66,3919.86,Yes
CUST-03764,Male,1,Yes,No,32,No,No,No,No,Yes,No,Month-to-month,Yes,Electronic check,111.79,3616.06,Yes
CUST-03765,Male,0,Yes,No,66,Yes,No,Fiber optic,No internet service,Yes,No internet service,Month-to-month,Yes,Mailed check,57.13,3721.7,Yes
CUST-03766,Female,1,Yes,Yes,34,Yes,No phone service,No,Yes,No internet service,No internet service,Month-to-month,Yes,Bank transfer,63.26,2101.53,No
CUST-03767,Male,0,Yes,No,44,Yes,No,DSL,No,No,No internet service,Month-to-month,No,Electronic check,23.11,1066.39,Yes
CUST-03768,Male,0,No,No,21,No,No,Fiber optic,No internet service,No internet service,Yes,Month-to-month,No,Bank transfer,112.42,2312.93,Yes
CUST-03769,Female,0,Yes,Yes,67,Yes,Yes,No,No internet service,No,Yes,Month-to-month,Yes,Mailed check,77.89,5184.14,Yes
CUST-03770,Female,0,No,No,16,Yes,Yes,No,No internet service,No,No internet service,Month-to-month,No,Credit card,90.66,1488.85,Yes
CUST-03771,Female,1,Yes,No,4,Yes,No,No,No,Yes,No,One year,Yes,Electronic check,62.47,261.45,Yes
CUST-03772,Female,0,No,No,56,No,No,Fiber optic,Yes,No internet service,Yes,Month-to-month,No,Credit card,66.33,3726.98,No
CUST-03773,Female,0,No,No,39,Yes,Yes,No,No internet service,No,Yes,Two year,No,Mailed check,73.4,2860.17,No
CUST-03774,Male,0,Yes,No,29,Yes,Yes,DSL,No internet service,Yes,Yes,Month-to-month,No,Bank transfer,99.13,,No
CUST-03775,Female,0,Yes,No,41,Yes,Yes,DSL,No,Yes,No internet service,Month-to-month,No,Electronic check,80.52,3288.03,Yes
CUST-03776,Male,0,No,No,6,No,No,DSL,Yes,No,No,Two year,Yes,Bank transfer,100.74,626.23,Yes
CUST-03777,Male,0,No,No,70,Yes,Yes,No,No,Yes,No,Two year,Yes,Bank transfer,40.1,2805.54,No
CUST-03778,Male,1,Yes,No,18,Yes,Yes,Fiber optic,Yes,Yes,No,One year,Yes,Credit card,39.0,724.98,No
CUST-03779,Female,0,Yes,No,40,Yes,Yes,Fiber optic,No,No,No internet service,One year,Yes,Electronic check,39.09,1514.33,No
CUST-03780,Female,0,Yes,No,33,Yes,Yes,DSL,No,Yes,Yes,Month-to-month,Yes,Mailed check,18.49,625.75,No
CUST-03781,Male,0,No,Yes,21,Yes,No,DSL,No,No,Yes,Two year,No,Electronic check,36.26,770.75,No
CUST-03782,Female,0,Yes,No,51,Yes,No phone service,Fiber optic,No,No,No,One year,Yes,Bank transfer,30.11,1583.05,No
CUST-03783,Female,0,Yes,Yes,5,No,Yes,Fiber optic,No,No,No,One year,No,Credit card,64.28,362.1,No
CUST-03784,Female,0,Yes,Yes,24,Yes,Yes,DSL,No,No,No internet service,One year,Yes,Bank transfer,30.98,753.55,No
CUST-03785,Female,0,Yes,Yes,65,No,No,Fiber optic,No internet service,Yes,Yes,One year,No,Bank transfer,60.42,3934.92,No
CUST-03786,Male,1,Yes,No,9,Yes,No,DSL,No,No,Yes,One year,Yes,Electronic check,119.95,1038.81,Yes
CUST-03787,Male,0,No,Yes,25,Yes,Yes,Fiber optic,No,No,Yes,Month-to-month,No,Bank transfer,69.34,1777.61,Yes
CUST-03788,Female,1,No,No,4,Yes,Yes,DSL,No,No internet service,No,One year,No,Electronic check,112.31,469.93,Yes
CUST-03789,Male,0,Yes,No,67,Yes,No phone service,Fiber optic,No,No,No internet service,One year,No,Electronic check,89.59,6002.75,No
CUST-03790,Female,0,Yes,Yes,70,Yes,No,DSL,No internet service,No internet service,Yes,Month-to-month,Yes,Bank transfer,109.22,7681.14,Yes
CUST-03791,Female,0,No,Yes,49,Yes,No phone service,Fiber optic,No,No,No,Two year,No,Credit card,81.81,4031.76,No
CUST-03792,Male,1,Yes,No,16,No,Yes,DSL,No,Yes,No internet service,Two year,No,Bank transfer,100.63,1616.44,No
CUST-03793,Male,0,No,No,10,Yes,No,Fiber optic,No,No,Yes,Month-to-month,No,Credit card,48.89,492.81,Yes
CUST-03794,Male,1,Yes,No,52,Yes,No,Fiber optic,No,No,No,Month-to-month,No,Bank transfer,55.93,2950.99,No
CUST-03795,Female,1,No,No,49,Yes,No,Fiber optic,No internet service,No internet service,Yes,Month-to-month,Yes,Mailed check,115.95,5711.46,No
CUST-03796,Male,0,No,No,7,Yes,No phone service,Fiber optic,No,Yes,No,Month-to-month,Yes,Mailed check,45.29,307.34,Yes
CUST-03797,Female,0,Yes,No,61,Yes,Yes,No,Yes,Yes,Yes,One year,Yes,Mailed check,60.98,3732.66,No
CUST-03798,Male,0,No,No,28,Yes,No,No,No,No internet service,No,Month-to-month,No,Bank transfer,84.42,2333.4,Yes
CUST-03799,Male,0,Yes,No,43,Yes,Yes,Fiber optic,No internet service,No,No,Month-to-month,Yes,Bank transfer,58.03,2538.62,No
CUST-03800,Female,0,No,No,44,Yes,No,Fiber optic,Yes,No,No,One year,Yes,Credit card,20.14,905.69,Yes
CUST-03801,Female,0,Yes,Yes,28,No,No,Fiber optic,No,No,No,One year,Yes,Mailed check,98.81,2812.68,Yes
CUST-03802,Female,0,Yes,No,58,Yes,No,Fiber optic,Yes,Yes,No,Month-to-month,Yes,Electronic check,52.24,3009.12,Yes
CUST-03803,Female,0,Yes,No,14,No,Yes,Fiber optic,No internet service,No,No internet service,Month-to-month,No,Mailed check,41.22,558.6,Yes
CUST-03804,Female,0,No,No,69,Yes,Yes,DSL,No,No internet service,Yes,One year,Yes,Mailed check,69.57,4833.54,No
CUST-03805,Female,0,Yes,Yes,43,Yes,Yes,Fiber optic,No,No internet service,No,Month-to-month,No,Electronic check,18.86,787.16,Yes
CUST-03806,Female,0,Yes,No,35,Yes,Yes,Fiber optic,Yes,Yes,No,Two year,Yes,Mailed check,106.12,3699.96,No
CUST-03807,Female,0,Yes,Yes,56,Yes,Yes,Fiber optic,No,No,Yes,One year,Yes,Mailed check,44.66,2539.39,No
CUST-03808,Male,0,No,Yes,63,Yes,No phone service,Fiber optic,No,Yes,No,Month-to-month,Yes,Credit card,112.12,7065.34,Yes
CUST-03809,Female,0,Yes,Yes,37,Yes,No,DSL,No,No internet service,Yes,Two year,Yes,Mailed check,87.13,3203.85,No
CUST-03810,Female,0,No,No,16,Yes,No,Fiber optic,No,No,No,Month-to-month,No,Electronic check,73.96,1174.29,No
CUST-03811,Male,0,No,Yes,26,Yes,No,No,No,No,Yes,Month-to-month,No,Electronic check,100.24,2627.43,Yes
CUST-03812,Female,0,No,No,16,Yes,No,DSL,No internet service,No,No internet service,Month-to-month,No,Mailed check,119.31,1874.83,Yes
CUST-03813,Male,0,Yes,Yes,62,Yes,No,Fiber optic,No,No internet service,Yes,One year,Yes,Bank transfer,43.62,2750.66,No
CUST-03814,Male,0,Yes,No,10,Yes,Yes,No,Yes,No internet service,Yes,Month-to-month,No,Mailed check,54.22,541.49,Yes
CUST-03815,Female,1,No,Yes,63,Yes,Yes,Fiber optic,No internet service,Yes,No,Month-to-month,Yes,Electronic check,67.41,4273.32,Yes
CUST-03816,Male,0,Yes,Yes,38,Yes,No,No,No,No,No internet service,Month-to-month,Yes,Electronic check,73.03,2795.34,No
CUST-03817,Female,0,Yes,No,1,Yes,No,No,Yes,No,Yes,One year,No,Electronic check,74.4,92.47,No
CUST-03818,Male,0,No,No,65,Yes,No,DSL,Yes,Yes,No internet service,Month-to-month,No,Bank transfer,74.0,4802.0,No
CUST-03819,Male,0,No,Yes,53,Yes,No,DSL,No,No internet service,Yes,Month-to-month,Yes,Bank transfer,102.48,5385.67,No
CUST-03820,Male,0,Yes,Yes,28,Yes,No,DSL,Yes,No,No,Month-to-month,Yes,Bank transfer,59.27,1683.7,Yes
CUST-03821,Female,0,No,Yes,44,Yes,No,Fiber optic,No internet service,Yes,Yes,One year,Yes,Mailed check,19.12,886.66,No
CUST-03822,Female,0,Yes,No,30,Yes,No phone service,No,No,Yes,Yes,Month-to-month,Yes,Electronic check,107.32,3220.1,Yes
CUST-03823,Male,0,No,No,48,Yes,No,DSL,No internet service,No,No,One year,No,Mailed check,85.55,4151.78,No
CUST-03824,Male,0,Yes,No,8,Yes,Yes,No,No internet service,No internet service,Yes,Month-to-month,Yes,Mailed check,37.33,302.13,No
CUST-03825,Female,0,Yes,Yes,26,Yes,Yes,DSL,No,No,No,Month-to-month,No,Bank transfer,21.02,513.26,Yes
CUST-03826,Female,1,No,No,55,Yes,Yes,No,No,Yes,No,Month-to-month,No,Mailed check,50.21,2735.5,No
CUST-03827,Male,0,Yes,Yes,44,Yes,No,DSL,No,No,No internet service,One year,No,Credit card,30.69,1386.83,No
CUST-03828,Male,0,Yes,Yes,42,No,No,Fiber optic,No internet service,No internet service,Yes,Month-to-month,No,Bank transfer,109.48,4610.31,Yes
CUST-03829,Female,0,No,No,21,Yes,Yes,DSL,No,Yes,Yes,Month-to-month,Yes,Bank transfer,46.34,964.58,Yes
CUST-03830,Female,0,Yes,No,32,No,No,DSL,Yes,No internet service,No,Two year,Yes,Electronic check,89.98,2909.3,No
CUST-03831,Female,0,Yes,Yes,26,Yes,Yes,DSL,No,No internet service,No,Month-to-month,Yes,Credit card,85.11,2227.03,No
CUST-03832,Female,0,Yes,No,39,Yes,No phone service,DSL,No,No,No,One year,No,Credit card,90.83,3579.6,No
CUST-03833,Female,0,No,No,25,Yes,No,DSL,Yes,No internet service,No,Month-to-month,No,Credit card,72.06,1848.59,Yes
CUST-03834,Male,0,No,No,44,Yes,Yes,Fiber optic,No,Yes,No,Two year,No,Electronic check,92.43,4082.04,No
CUST-03835,Female,0,No,No,44,Yes,Yes,Fiber optic,Yes,No internet service,Yes,Month-to-month,Yes,Mailed check,70.26,3138.51,No
CUST-03836,Male,0,No,No,25,Yes,Yes,Fiber optic,No internet service,Yes,No internet service,Month-to-month,No,Mailed check,56.52,1410.04,Yes
CUST-03837,Female,0,No,No,69,Yes,Yes,Fiber optic,Yes,No,Yes,Month-to-month,No,Electronic check,105.56,7317.64,Yes
CUST-03838,Male,0,Yes,No,66,Yes,No,No,No,No,No,Month-to-month,No,Mailed check,64.79,4316.78,No
CUST-03839,Female,0,Yes,No,5,Yes,Yes,No,No,No,Yes,One year,No,Credit card,75.94,334.22,Yes
CUST-03840,Female,0,Yes,Yes,27,Yes,No,No,No internet service,Yes,Yes,One year,Yes,Electronic check,65.43,1803.12,No
CUST-03841,Male,0,No,No,66,Yes,Yes,Fiber optic,No,No internet service,Yes,Month-to-month,Yes,Credit card,97.1,6399.47,Yes
CUST-03842,Male,0,Yes,Yes,12,Yes,Yes,DSL,No,No,No,One year,No,Credit card,73.05,866.42,No
CUST-03843,Female,0,No,Yes,62,No,No,Fiber optic,No,No internet service,No,Two year,No,Electronic check,66.02,4121.4,No
CUST-03844,Female,0,Yes,No,12,No,No,Fiber optic,Yes,No,No internet service,Month-to-month,Yes,Bank transfer,44.3,506.23,Yes
CUST-03845,Female,0,No,Yes,0,Yes,No,DSL,No,No,No,Month-to-month,Yes,Electronic check,110.98,0.0,Yes
CUST-03846,Female,0,Yes,No,39,Yes,Yes,Fiber optic,No,No internet service,Yes,One year,No,Electronic check,106.04,4112.68,Yes
CUST-03847,Female,1,Yes,No,36,Yes,Yes,DSL,No,No internet service,No,Two year,Yes,Bank transfer,62.01,2247.2,No
CUST-03848,Male,0,No,No,30,Yes,Yes,DSL,No,No,Yes,One year,Yes,Bank transfer,85.29,2604.04,No
CUST-03849,Male,0,Yes,Yes,16,No,No,Fiber optic,Yes,No internet service,Yes,Two year,Yes,Credit card,69.83,1106.85,No
CUST-03850,Female,0,Yes,Yes,8,No,Yes,DSL,Yes,No,No internet service,Two year,Yes,Bank transfer,35.97,317.51,No
CUST-03851,Male,0,No,No,63,Yes,No,DSL,No internet service,No,No,Month-to-month,Yes,Bank transfer,56.35,3520.1,No
CUST-03852,Male,0,Yes,No,56,Yes,No,DSL,No,No internet service,No,Two year,Yes,Credit card,105.03,5916.87,No
CUST-03853,Male,0,Yes,Yes,12,Yes,Yes,Fiber optic,No,No,No internet service,Month-to-month,No,Credit card,99.34,1218.62,Yes
CUST-03854,Female,1,No,Yes,36,Yes,No phone service,DSL,No,Yes,Yes,One year,No,Credit card,28.45,1019.01,No
CUST-03855,Male,1,No,No,13,Yes,Yes,Fiber optic,No,Yes,No internet service,Two year,Yes,Credit card,25.68,373.33,No
CUST-03856,Female,0,No,Yes,24,No,No,DSL,Yes,No,No internet service,Month-to-month,Yes,Electronic check,105.06,2475.23,No
CUST-03857,Male,0,No,No,56,Yes,No,DSL,Yes,No internet service,No internet service,One year,Yes,Credit card,109.73,6173.47,Yes
CUST-03858,Female,1,No,No,70,No,Yes,DSL,Yes,Yes,Yes,Two year,Yes,Electronic check,48.01,3314.22,No
CUST-03859,Male,0,Yes,No,41,Yes,No phone service,Fiber optic,No internet service,No,No internet service,Month-to-month,Yes,Credit card,53.63,2235.33,Yes
CUST-03860,Female,0,No,No,41,Yes,Yes,DSL,No internet service,No,Yes,Month-to-month,No,Electronic check,52.25,2109.93,Yes
CUST-03861,Female,0,No,Yes,46,Yes,Yes,No,No,No,No,One year,Yes,Electronic check,30.95,1377.53,No
CUST-03862,Male,0,Yes,No,43,Yes,No,Fiber optic,Yes,Yes,Yes,Month-to-month,No,Electronic check,93.99,4022.45,Yes
CUST-03863,Female,0,Yes,No,40,Yes,No phone service,Fiber optic,No,No internet service,No internet service,Month-to-month,Yes,Electronic check,55.75,2197.87,No
CUST-03864,Female,0,Yes,No,2,Yes,No,Fiber optic,No,Yes,No,Month-to-month,Yes,Bank transfer,103.3,221.78,Yes
CUST-03865,Female,0,Yes,No,0,No,Yes,Fiber optic,No,Yes,No,One year,No,Electronic check,107.61,0.0,Yes
CUST-03866,Female,0,Yes,No,10,Yes,No,No,No,No,No internet service,One year,Yes,Bank transfer,111.1,1073.97,Yes
CUST-03867,Female,0,No,Yes,6,Yes,Yes,DSL,No internet service,Yes,Yes,Month-to-month,No,Bank transfer,101.43,650.19,Yes
CUST-03868,Female,0,Yes,No,11,Yes,No,DSL,No,Yes,No,Month-to-month,Yes,Electronic check,98.47,1069.95,Yes
CUST-03869,Female,0,No,No,37,Yes,No,DSL,Yes,No,Yes,Month-to-month,Yes,Credit card,63.85,2340.73,No
CUST-03870,Female,0,Yes,No,53,Yes,Yes,No,No,No,Yes,One year,Yes,Bank transfer,20.75,1119.56,No
CUST-03871,Male,0,No,No,66,Yes,No,No,Yes,No,No,Month-to-month,Yes,Electronic check,29.43,1931.73,No
CUST-03872,Male,1,Yes,No,52,Yes,No phone service,No,Yes,Yes,No,Month-to-month,No,Mailed check,72.15,3716.35,No
CUST-03873,Female,1,No,No,31,Yes,No,Fiber optic,No internet service,No,Yes,Month-to-month,No,Bank transfer,54.72,1704.56,Yes
CUST-03874,Female,0,No,No,44,Yes,No,No,No,No,No,Month-to-month,No,Credit card,102.57,4466.12,No
CUST-03875,Male,0,No,Yes,50,Yes,Yes,DSL,Yes,No internet service,No,Month-to-month,No,Mailed check,75.44,3784.72,No
CUST-03876,Male,0,No,No,36,Yes,No phone service,Fiber optic,No,No,No internet service,One year,Yes,Bank transfer,28.08,1047.64,No
CUST-03877,Male,0,No,No,58,Yes,Yes,No,No,No internet service,No internet service,Month-to-month,Yes,Electronic check,66.81,3851.18,Yes
CUST-03878,Female,1,No,No,53,No,No,Fiber optic,No,No,No,One year,Yes,Electronic check,101.84,5432.75,No
CUST-03879,Male,1,No,No,17,Yes,No,DSL,No,No,No internet service,Two year,No,Electronic check,106.03,1777.01,Yes
CUST-03880,Female,0,No,No,0,No,No,Fiber optic,Yes,No,No internet service,Month-to-month,Yes,Electronic check,34.94,0.0,Yes
CUST-03881,Female,0,No,No,20,Yes,Yes,DSL,No,No,No,Month-to-month,Yes,Credit card,28.23,586.14,Yes
CUST-03882,Male,0,No,No,27,Yes,Yes,DSL,Yes,No,No internet service,Month-to-month,No,Credit card,57.47,1508.24,Yes
CUST-03883,Female,0,Yes,Yes,15,Yes,No,Fiber optic,No,No,No internet service,Month-to-month,No,Bank transfer,24.68,324.26,Yes
CUST-03884,Female,0,No,Yes,47,No,Yes,DSL,Yes,No internet service,Yes,One year,Yes,Electronic check,92.09,4323.83,Yes
CUST-03885,Female,0,No,No,27,Yes,No,DSL,Yes,No,No,Month-to-month,Yes,Mailed check,63.65,1671.96,Yes
CUST-03886,Female,0,Yes,No,21,Yes,Yes,Fiber optic,Yes,Yes,Yes,One year,No,Bank transfer,38.22,802.29,Yes
CUST-03887,Male,0,No,Yes,0,Yes,Yes,Fiber optic,Yes,No internet service,No,Month-to-month,No,Mailed check,28.45,14.94,Yes
CUST-03888,Male,0,No,Yes,41,Yes,Yes,DSL,Yes,No,No,One year,Yes,Electronic check,112.59,4589.01,Yes
CUST-03889,Female,0,Yes,No,69,Yes,Yes,DSL,No internet service,No,No internet service,Month-to-month,No,Electronic check,22.39,1584.8,Yes
CUST-03890,Female,0,Yes,No,2,No,No,No,No,No internet service,No,One year,Yes,Electronic check,27.98,25.99,No
CUST-03891,Male,0,No,No,43,No,No,DSL,No,No internet service,No,Month-to-month,No,Bank transfer,41.89,1775.02,Yes
CUST-03892,Female,0,Yes,Yes,26,Yes,No,Fiber optic,No,Yes,Yes,Month-to-month,No,Mailed check,27.66,760.47,No
CUST-03893,Male,0,No,No,50,Yes,Yes,No,Yes,Yes,Yes,Month-to-month,No,Electronic check,83.72,4204.75,No
CUST-03894,Female,1,No,No,23,Yes,Yes,Fiber optic,No,Yes,No,Two year,No,Electronic check,40.26,928.84,No
CUST-03895,Female,0,No,No,19,Yes,No,DSL,No internet service,No,No internet service,One year,Yes,Electronic check,66.95,1255.07,No
CUST-03896,Male,0,Yes,No,31,Yes,Yes,Fiber optic,Yes,No,No,Month-to-month,Yes,Bank transfer,105.74,3304.85,No
CUST-03897,Male,0,No,Yes,12,Yes,No,Fiber optic,No internet service,No,No internet service,One year,No,Bank transfer,102.13,1234.39,Yes
CUST-03898,Male,0,No,No,42,Yes,No phone service,Fiber optic,No internet service,No,No internet service,Month-to-month,Yes,Electronic check,32.92,1366.83,No
CUST-03899,Male,1,Yes,Yes,19,Yes,No,Fiber optic,No internet service,Yes,Yes,Month-to-month,Yes,Mailed check,27.05,546.55,No
CUST-03900,Female,0,No,Yes,1,Yes,No,DSL,Yes,Yes,Yes,One year,Yes,Electronic check,85.75,115.21,Yes
CUST-03901,Male,1,No,No,67,Yes,No,DSL,No,No internet service,No,Month-to-month,Yes,Bank transfer,39.45,2687.24,Yes
CUST-03902,Female,0,No,No,59,Yes,No phone service,Fiber optic,No,No internet service,Yes,One year,No,Electronic check,97.71,5814.38,Yes
CUST-03903,Male,1,No,No,3,Yes,No,Fiber optic,Yes,Yes,Yes,One year,No,Credit card,62.32,138.11,Yes
CUST-03904,Male,0,No,No,16,Yes,No,Fiber optic,No,Yes,Yes,Month-to-month,No,Mailed check,33.76,522.17,No
CUST-03905,Female,1,No,No,0,Yes,No,DSL,No internet service,No,Yes,One year,No,Credit card,117.37,0.0,Yes
CUST-03906,Male,0,Yes,No,32,Yes,No,No,No internet service,Yes,No,Month-to-month,No,Bank transfer,23.67,728.8,Yes
CUST-03907,Male,0,No,Yes,29,Yes,No,Fiber optic,Yes,Yes,No,Month-to-month,No,Credit card,30.68,926.2,Yes
CUST-03908,Male,0,No,No,4,Yes,No,No,Yes,No,Yes,Month-to-month,No,Mailed check,100.83,450.81,Yes
CUST-03909,Male,1,Yes,Yes,11,Yes,No,Fiber optic,Yes,Yes,Yes,Two year,No,Mailed check,64.17,749.88,Yes
CUST-03910,Female,0,No,No,31,Yes,No,Fiber optic,Yes,No,No,Month-to-month,Yes,Credit card,113.68,3543.73,Yes
CUST-03911,Female,0,No,Yes,37,Yes,Yes,Fiber optic,No,No internet service,No,Month-to-month,No,Electronic check,29.52,1097.74,No
CUST-03912,Male,1,Yes,No,16,Yes,No,Fiber optic,No internet service,No internet service,No internet service,Month-to-month,Yes,Credit card,34.01,557.96,No
CUST-03913,Male,0,Yes,No,57,Yes,Yes,Fiber optic,No,No,Yes,Month-to-month,Yes,Bank transfer,18.19,1072.4,No
CUST-03914,Male,0,Yes,No,39,Yes,No,Fiber optic,No internet service,No,Yes,Month-to-month,Yes,Credit card,40.15,1516.55,No
CUST-03915,Female,0,Yes,No,23,Yes,Yes,DSL,No,No,No,Two year,Yes,Credit card,85.04,1948.75,No
CUST-03916,Female,0,Yes,No,11,Yes,Yes,Fiber optic,No,Yes,Yes,Month-to-month,No,Bank transfer,91.78,1010.24,Yes
CUST-03917,Female,1,Yes,No,18,Yes,No,DSL,No,No,No,One year,Yes,Credit card,61.85,1155.65,No
CUST-03918,Female,0,Yes,No,28,Yes,No,No,No internet service,No,No internet service,Month-to-month,No,Credit card,44.25,1206.21,No
CUST-03919,Male,0,No,No,51,Yes,Yes,DSL,No internet service,Yes,Yes,Two year,Yes,Bank transfer,91.07,4669.01,No
CUST-03920,Male,1,No,Yes,16,Yes,Yes,DSL,No,No,Yes,Two year,Yes,Credit card,35.61,612.16,No
CUST-03921,Male,0,No,Yes,72,Yes,No phone service,DSL,No internet service,Yes,Yes,Month-to-month,No,Credit card,96.24,6955.68,No
CUST-03922,Female,0,Yes,Yes,20,Yes,Yes,DSL,No,No internet service,Yes,Month-to-month,Yes,Mailed check,98.23,1915.63,Yes
CUST-03923,Male,0,No,Yes,59,Yes,Yes,DSL,No internet service,No internet service,Yes,Two year,Yes,Bank transfer,62.99,3732.35,No
CUST-03924,Female,0,Yes,No,19,Yes,No,DSL,No,Yes,Yes,Two year,Yes,Mailed check,37.75,688.2,No
CUST-03925,Female,0,No,Yes,52,Yes,No,DSL,Yes,Yes,No,Month-to-month,Yes,Bank transfer,82.25,4287.51,Yes
CUST-03926,Male,1,No,Yes,62,Yes,No,DSL,No internet service,Yes,Yes,One year,No,Electronic check,105.05,6520.22,No
CUST-03927,Male,0,No,Yes,56,Yes,No,No,Yes,No internet service,Yes,Two year,Yes,Mailed check,72.01,4078.26,No
CUST-03928,Male,0,No,No,28,Yes,No,DSL,No internet service,Yes,No,One year,Yes,Electronic check,65.03,1789.87,Yes
CUST-03929,Female,0,Yes,No,0,Yes,No phone service,No,No,No,No,Two year,Yes,Credit card,117.88,0.0,No
CUST-03930,Female,0,Yes,No,58,Yes,No,No,No,Yes,No,Month-to-month,Yes,Electronic check,72.82,4234.69,Yes
CUST-03931,Male,1,No,No,63,Yes,Yes,DSL,Yes,No,No,Month-to-month,Yes,Credit card,21.49,1338.26,No
CUST-03932,Male,1,Yes,Yes,71,Yes,No,DSL,Yes,No internet service,No,Month-to-month,No,Electronic check,69.21,4938.93,No
CUST-03933,Female,0,Yes,No,70,Yes,No,DSL,No internet service,No,No,Month-to-month,Yes,Credit card,63.42,4488.72,No
CUST-03934,Male,0,No,No,43,Yes,No,Fiber optic,No,No,No,One year,No,Credit card,47.79,2045.11,Yes
CUST-03935,Female,0,Yes,Yes,47,Yes,Yes,Fiber optic,No internet service,No,Yes,Month-to-month,Yes,Electronic check,50.37,2332.57,Yes
CUST-03936,Female,0,Yes,No,14,Yes,No,DSL,No,No,No internet service,Month-to-month,Yes,Mailed check,112.94,1586.57,Yes
CUST-03937,Male,0,Yes,No,34,Yes,No,DSL,No,No,Yes,Two year,No,Bank transfer,31.63,1060.04,No
CUST-03938,Male,0,Yes,No,22,Yes,Yes,Fiber optic,No,No internet service,No internet service,One year,Yes,Mailed check,95.93,2139.93,No
CUST-03939,Male,0,No,No,52,Yes,No,DSL,Yes,No internet service,Yes,One year,Yes,Electronic check,110.05,5726.03,Yes
CUST-03940,Male,0,No,Yes,44,Yes,No,No,No,No,No,Month-to-month,No,Credit card,44.47,1997.5,Yes
CUST-03941,Female,0,Yes,Yes,12,Yes,Yes,Fiber optic,No,No,No,Month-to-month,No,Electronic check,24.82,331.66,Yes
CUST-03942,Female,0,No,Yes,33,Yes,No,DSL,No internet service,Yes,Yes,Month-to-month,No,Bank transfer,49.33,1669.3,No
CUST-03943,Female,0,No,Yes,37,Yes,Yes,DSL,No,No internet service,No,Month-to-month,Yes,Electronic check,62.15,2279.46,Yes
CUST-03944,Male,0,No,Yes,69,Yes,No,Fiber optic,Yes,Yes,No,Month-to-month,No,Mailed check,115.05,7978.73,No
CUST-03945,Female,0,Yes,No,67,Yes,No,DSL,No internet service,No,Yes,Month-to-month,Yes,Credit card,61.87,4181.93,Yes
CUST-03946,Male,1,Yes,Yes,4,Yes,No,DSL,No,No,Yes,Month-to-month,No,Mailed check,27.39,122.26,Yes
CUST-03947,Male,0,No,No,39,Yes,Yes,DSL,No,Yes,Yes,Month-to-month,Yes,Credit card,32.98,1327.26,Yes
CUST-03948,Male,0,No,No,69,Yes,Yes,DSL,No internet service,No,Yes,Month-to-month,No,Mailed check,53.98,3680.04,No
CUST-03949,Male,0,Yes,No,20,Yes,No,Fiber optic,No,Yes,Yes,One year,Yes,Mailed check,36.79,764.36,No
CUST-03950,Male,1,No,No,27,Yes,Yes,DSL,No,No internet service,No internet service,Month-to-month,Yes,Electronic check,24.18,617.41,Yes
CUST-03951,Male,1,Yes,No,2,Yes,Yes,Fiber optic,No,No internet service,No,Month-to-month,Yes,Bank transfer,35.88,55.85,Yes
CUST-03952,Female,0,No,No,22,Yes,No,DSL,Yes,No,No,Month-to-month,Yes,Mailed check,28.76,655.68,No
CUST-03953,Male,0,Yes,No,71,Yes,No,Fiber optic,No,No,No,One year,Yes,Electronic check,38.68,2717.25,No
CUST-03954,Female,1,Yes,No,18,Yes,No,Fiber optic,Yes,Yes,No internet service,Month-to-month,Yes,Credit card,119.64,2126.64,No
CUST-03955,Female,0,Yes,No,49,Yes,No phone service,Fiber optic,No,No internet service,No,Two year,No,Credit card,63.43,3079.27,No
CUST-03956,Male,0,Yes,Yes,57,Yes,Yes,Fiber optic,Yes,No,No,Month-to-month,No,Mailed check,85.18,4850.88,Yes
CUST-03957,Male,0,No,No,19,Yes,Yes,DSL,Yes,Yes,Yes,Month-to-month,No,Credit card,34.86,620.44,No
CUST-03958,Male,0,Yes,No,71,No,No,No,No internet service,No internet service,No,Two year,Yes,Bank transfer,104.63,7467.38,No
CUST-03959,Female,0,No,No,52,Yes,No,Fiber optic,No,No,No,Month-to-month,Yes,Electronic check,45.22,2374.41,No
CUST-03960,Male,0,Yes,Yes,8,Yes,Yes,DSL,No,Yes,Yes,Month-to-month,Yes,Mailed check,118.21,947.03,Yes
CUST-03961,Female,0,Yes,No,3,Yes,Yes,DSL,No,No internet service,No,Month-to-month,Yes,Bank transfer,103.34,268.44,No
CUST-03962,Male,1,No,No,40,Yes,Yes,DSL,No,No,No,Month-to-month,No,Electronic check,114.99,4562.03,Yes
CUST-03963,Male,0,No,Yes,24,Yes,No,Fiber optic,No,No,Yes,One year,Yes,Electronic check,86.17,2027.93,Yes
CUST-03964,Female,0,No,No,33,Yes,Yes,DSL,No internet service,Yes,Yes,Month-to-month,No,Mailed check,85.13,2760.76,No
CUST-03965,Female,0,Yes,No,72,Yes,No phone service,No,Yes,No,No,Month-to-month,No,Credit card,103.79,7489.59,Yes
CUST-03966,Male,0,Yes,No,8,Yes,No,DSL,No,No,No,Month-to-month,Yes,Electronic check,90.97,728.77,Yes
CUST-03967,Female,0,No,No,12,Yes,Yes,Fiber optic,Yes,Yes,Yes,Month-to-month,Yes,Electronic check,79.83,946.17,No
CUST-03968,Female,1,Yes,No,8,Yes,Yes,Fiber optic,No,Yes,No,Month-to-month,No,Credit card,54.54,421.07,Yes
CUST-03969,Female,0,No,No,3,Yes,Yes,No,No internet service,No,No,Month-to-month,Yes,Credit card,40.73,118.33,No
CUST-03970,Female,0,Yes,Yes,33,Yes,No,DSL,No internet service,No,No,One year,Yes,Mailed check,97.79,3224.57,Yes
CUST-03971,Female,0,Yes,No,6,Yes,No,No,No,No internet service,No internet service,One year,Yes,Mailed check,57.38,308.19,No
CUST-03972,Male,0,Yes,No,14,Yes,Yes,No,Yes,No internet service,Yes,Month-to-month,Yes,Electronic check,24.24,342.51,Yes
CUST-03973,Male,1,No,No,37,Yes,No,No,No,No internet service,Yes,Two year,No,Credit card,66.92,2430.84,No
CUST-03974,Female,0,Yes,No,51,Yes,No,No,No,No,Yes,Month-to-month,Yes,Mailed check,85.07,4382.43,No
CUST-03975,Male,1,No,Yes,6,Yes,Yes,No,Yes,No internet service,No,One year,Yes,Mailed check,20.35,143.52,No
CUST-03976,Male,0,No,No,44,Yes,No,Fiber optic,No,Yes,Yes,One year,No,Credit card,89.92,3907.43,No
CUST-03977,Female,0,Yes,No,58,Yes,Yes,No,No,No,No,Month-to-month,Yes,Credit card,40.92,2352.24,Yes
CUST-03978,Male,0,No,Yes,20,Yes,Yes,Fiber optic,Yes,No,No internet service,Month-to-month,No,Electronic check,40.68,861.87,Yes
CUST-03979,Female,0,No,Yes,27,Yes,No,Fiber optic,No,No,Yes,One year,No,Credit card,75.41,1990.92,Yes
CUST-03980,Female,0,Yes,Yes,2,Yes,Yes,Fiber optic,No,No,No internet service,One year,Yes,Mailed check,52.4,69.47,No
CUST-03981,Male,0,No,No,13,Yes,No,No,Yes,No,No,One year,Yes,Credit card,63.96,829.19,No
CUST-03982,Female,0,No,Yes,1,Yes,No phone service,DSL,No,Yes,Yes,Month-to-month,Yes,Bank transfer,70.33,55.67,No
CUST-03983,Female,0,Yes,Yes,28,Yes,Yes,No,Yes,Yes,No,Month-to-month,Yes,Electronic check,111.94,3182.84,No
CUST-03984,Female,0,Yes,No,17,Yes,Yes,DSL,No internet service,No internet service,Yes,Month-to-month,Yes,Credit card,38.9,665.26,Yes
CUST-03985,Female,0,Yes,No,36,No,No,Fiber optic,No,Yes,No,One year,No,Electronic check,65.36,2397.08,No
CUST-03986,Female,1,No,Yes,44,Yes,Yes,DSL,No internet service,No,No internet service,Month-to-month,No,Credit card,98.17,4307.16,Yes
CUST-03987,Male,0,No,Yes,44,Yes,Yes,Fiber optic,No,No internet service,No internet service,Two year,No,Bank transfer,38.93,1690.13,No
CUST-03988,Male,0,Yes,Yes,23,Yes,No,No,Yes,Yes,Yes,Month-to-month,No,Mailed check,26.4,586.04,No
CUST-03989,Female,0,No,Yes,45,Yes,No phone service,Fiber optic,No,Yes,Yes,Month-to-month,No,Mailed check,19.81,905.11,Yes
CUST-03990,Female,0,Yes,Yes,11,Yes,Yes,Fiber optic,No internet service,No,No internet service,Month-to-month,Yes,Mailed check,28.58,324.78,Yes
CUST-03991,Male,0,Yes,No,52,No,No phone service,DSL,No,No,No internet service,Month-to-month,Yes,Electronic check,46.01,2397.88,Yes
CUST-03992,Female,0,Yes,Yes,44,Yes,No,No,No,No,No,Month-to-month,No,Mailed check,59.74,2597.47,No
CUST-03993,Male,0,No,No,31,Yes,No,No,No,No,No,Month-to-month,Yes,Mailed check,78.56,2411.7,Yes
CUST-03994,Female,1,No,No,17,Yes,No,Fiber optic,Yes,No,No,Month-to-month,No,Electronic check,38.41,631.88,Yes
CUST-03995,Female,0,Yes,No,12,No,Yes,Fiber optic,Yes,No internet service,No,Two year,No,Electronic check,45.51,582.74,No
CUST-03996,Female,0,Yes,No,3,Yes,Yes,Fiber optic,Yes,No internet service,No internet service,Two year,Yes,Mailed check,89.31,299.66,Yes
CUST-03997,Female,0,No,No,22,Yes,Yes,Fiber optic,No,No internet service,Yes,Month-to-month,No,Credit card,110.72,2406.34,Yes
CUST-03998,Female,0,Yes,No,61,No,Yes,DSL,Yes,No,No,Two year,No,Bank transfer,31.82,1905.66,No
CUST-03999,Female,0,No,No,53,No,No phone service,No,No,No,No,Month-to-month,Yes,Electronic check,66.2,3468.81,No
CUST-04000,Female,0,Yes,Yes,54,No,No,No,No,No,No internet service,Month-to-month,No,Bank transfer,48.13,2555.78,No
CUST-04001,Male,0,Yes,Yes,68,Yes,No,DSL,No,No,No internet service,Month-to-month,Yes,Bank transfer,71.85,4934.26,No
CUST-04002,Male,0,No,No,39,Yes,No,No,Yes,No,Yes,Month-to-month,Yes,Electronic check,30.15,1206.98,Yes
CUST-04003,Male,0,No,No,13,Yes,No phone service,DSL,No,Yes,No internet service,One year,No,Bank transfer,45.65,545.14,No
CUST-04004,Female,0,No,No,27,Yes,No phone service,Fiber optic,No,Yes,No internet service,Month-to-month,No,Credit card,90.3,2388.76,Yes
CUST-04005,Female,0,No,No,71,Yes,No,Fiber optic,No internet service,No,Yes,Two year,Yes,Mailed check,101.57,7230.46,No
CUST-04006,Female,0,No,No,70,Yes,Yes,DSL,No,No,No internet service,Two year,Yes,Credit card,81.41,5679.83,No
CUST-04007,Female,1,Yes,No,66,Yes,Yes,DSL,Yes,No internet service,No,Month-to-month,Yes,Bank transfer,114.33,7505.68,Yes
CUST-04008,Female,1,Yes,No,28,Yes,Yes,DSL,Yes,No,No,Month-to-month,Yes,Mailed check,84.6,2365.2,Yes
CUST-04009,Female,0,No,No,60,Yes,Yes,Fiber optic,No,No internet service,No internet service,Month-to-month,No,Electronic check,94.15,5600.88,Yes
CUST-04010,Female,0,No,No,67,Yes,Yes,No,No,No,No internet service,Month-to-month,No,Credit card,54.46,3641.31,Yes
CUST-04011,Male,0,Yes,No,8,Yes,No phone service,Fiber optic,Yes,Yes,Yes,Month-to-month,No,Mailed check,35.33,256.4,Yes
CUST-04012,Female,1,Yes,Yes,16,Yes,No phone service,Fiber optic,No,No,No internet service,Month-to-month,No,Electronic check,85.1,1338.09,Yes
CUST-04013,Male,0,No,No,48,Yes,No,Fiber optic,Yes,No,Yes,One year,No,Credit card,111.75,5342.62,Yes
CUST-04014,Male,0,No,Yes,62,Yes,No,Fiber optic,No,No,No,Two year,No,Credit card,118.15,7306.07,No
CUST-04015,Female,0,Yes,Yes,45,Yes,No,No,No,Yes,Yes,Month-to-month,Yes,Credit card,63.9,2827.5,No
CUST-04016,Female,1,No,No,12,No,Yes,Fiber optic,No internet service,No,Yes,One year,Yes,Credit card,73.05,883.62,Yes
CUST-04017,Male,0,Yes,Yes,44,Yes,No phone service,DSL,Yes,Yes,No internet service,Month-to-month,No,Bank transfer,49.74,2193.35,Yes
CUST-04018,Male,1,Yes,No,52,Yes,Yes,DSL,No,No,No,One year,Yes,Electronic check,86.6,4518.28,No
CUST-04019,Female,0,No,Yes,16,No,No,No,No,Yes,No,Month-to-month,No,Mailed check,96.05,1502.79,Yes
CUST-04020,Female,0,Yes,No,46,Yes,Yes,DSL,Yes,No internet service,Yes,Two year,No,Electronic check,22.2,1070.68,No
CUST-04021,Male,0,Yes,Yes,61,Yes,No,No,No internet service,No,No,Two year,No,Bank transfer,104.36,6329.54,No
CUST-04022,Female,0,Yes,No,49,Yes,No,DSL,No,No internet service,No,One year,Yes,Bank transfer,70.41,3481.25,Yes
CUST-04023,Female,0,No,Yes,42,Yes,No,Fiber optic,Yes,Yes,No,Two year,No,Mailed check,77.13,3211.5,No
CUST-04024,Female,0,Yes,No,67,Yes,Yes,DSL,No,No,Yes,Month-to-month,No,Mailed check,39.04,2609.58,Yes
CUST-04025,Male,1,No,No,71,Yes,Yes,No,No internet service,Yes,Yes,Month-to-month,Yes,Electronic check,19.05,1334.97,Yes
CUST-04026,Male,0,Yes,No,27,Yes,No,Fiber optic,No internet service,No,No internet service,Month-to-month,Yes,Credit card,115.12,3089.01,No
CUST-04027,Male,0,Yes,Yes,44,No,Yes,DSL,No,Yes,Yes,Month-to-month,No,Mailed check,112.7,4957.45,Yes
CUST-04028,Female,0,Yes,Yes,40,Yes,No,DSL,No,No internet service,No,Month-to-month,No,Electronic check,96.98,3853.16,Yes
CUST-04029,Female,1,Yes,Yes,35,Yes,No,DSL,Yes,No,Yes,One year,No,Mailed check,66.31,2325.54,Yes
CUST-04030,Male,0,Yes,No,32,Yes,No,No,No internet service,Yes,Yes,One year,No,Bank transfer,50.4,1587.87,No
CUST-04031,Male,1,No,No,24,Yes,Yes,Fiber optic,Yes,No,Yes,Month-to-month,Yes,Bank transfer,33.92,861.37,Yes
CUST-04032,Male,1,No,No,18,Yes,No,No,Yes,No,No internet service,Two year,Yes,Credit card,26.25,446.44,No
CUST-04033,Female,0,Yes,Yes,46,Yes,Yes,DSL,No internet service,Yes,No internet service,Two year,Yes,Credit card,64.65,3000.36,No
CUST-04034,Male,0,No,No,32,Yes,Yes,Fiber optic,Yes,No,No,Month-to-month,No,Credit card,98.81,3158.89,Yes
CUST-04035,Male,0,No,No,66,Yes,Yes,No,No,No,No,Month-to-month,Yes,Credit card,92.04,6028.43,Yes
CUST-04036,Female,0,Yes,Yes,13,Yes,Yes,No,No,No,No,One year,Yes,Mailed check,95.11,1201.7,No
CUST-04037,Female,1,No,No,32,Yes,No,DSL,No internet service,No,Yes,Month-to-month,Yes,Electronic check,30.1,1006.06,No
CUST-04038,Female,0,No,No,41,Yes,Yes,Fiber optic,No,Yes,Yes,Month-to-month,Yes,Bank transfer,106.0,4378.03,Yes
CUST-04039,Male,0,No,Yes,64,Yes,No,Fiber optic,No,No,No,One year,Yes,Electronic check,100.01,6365.05,Yes
CUST-04040,Female,0,No,Yes,46,No,No,Fiber optic,Yes,No,No,Month-to-month,No,Bank transfer,27.6,1224.71,No
CUST-04041,Female,0,Yes,Yes,34,Yes,No,DSL,Yes,Yes,Yes,Two year,Yes,Mailed check,54.37,1813.85,No
CUST-04042,Male,1,No,No,31,Yes,Yes,DSL,No internet service,Yes,No,One year,Yes,Mailed check,56.27,1752.76,No
CUST-04043,Female,0,Yes,Yes,54,Yes,No,No,No,No,No internet service,Two year,No,Credit card,92.98,5034.28,No
CUST-04044,Male,0,Yes,Yes,53,Yes,No,DSL,Yes,No,Yes,Two year,Yes,Mailed check,105.77,5593.7,No
CUST-04045,Male,0,No,No,50,Yes,Yes,Fiber optic,No,Yes,Yes,Month-to-month,Yes,Bank transfer,56.32,2794.09,Yes
CUST-04046,Female,0,Yes,Yes,58,Yes,No,No,Yes,Yes,No internet service,One year,Yes,Credit card,31.35,1788.99,No
CUST-04047,Female,0,No,Yes,71,Yes,Yes,Fiber optic,No,Yes,Yes,One year,Yes,Mailed check,26.42,1869.71,No
CUST-04048,Female,0,Yes,No,13,Yes,Yes,No,Yes,No,No,Month-to-month,No,Mailed check,83.16,1033.34,No
CUST-04049,Female,0,No,Yes,17,No,No phone service,DSL,Yes,Yes,No,Month-to-month,Yes,Mailed check,68.79,1120.3,No
CUST-04050,Female,0,No,No,54,Yes,Yes,Fiber optic,No,No,Yes,Month-to-month,Yes,Electronic check,110.01,5970.32,Yes
CUST-04051,Female,0,Yes,No,55,Yes,No,DSL,No internet service,Yes,Yes,Month-to-month,Yes,Mailed check,115.26,6342.34,Yes
CUST-04052,Male,0,No,No,48,Yes,Yes,DSL,No,No,No,Two year,Yes,Electronic check,109.6,5288.92,No
CUST-04053,Male,0,No,No,59,Yes,No phone service,DSL,No,Yes,Yes,One year,No,Credit card,25.71,1478.28,No
CUST-04054,Female,0,No,Yes,52,Yes,Yes,Fiber optic,Yes,No,No internet service,Month-to-month,Yes,Electronic check,46.99,2475.01,Yes
CUST-04055,Male,0,No,No,70,Yes,Yes,Fiber optic,No,No,No,One year,Yes,Bank transfer,42.36,3007.47,No
CUST-04056,Female,0,Yes,No,5,Yes,No,Fiber optic,No internet service,No,Yes,One year,Yes,Mailed check,25.0,128.34,Yes
CUST-04057,Male,0,Yes,No,69,Yes,No,DSL,No,Yes,Yes,Two year,Yes,Credit card,111.66,7665.08,No
CUST-04058,Male,0,Yes,No,7,Yes,No,Fiber optic,Yes,No internet service,No internet service,Two year,No,Bank transfer,109.27,727.21,Yes
CUST-04059,Male,1,No,No,14,Yes,No,DSL,No internet service,Yes,No,One year,Yes,Mailed check,57.86,779.46,No
CUST-04060,Female,0,Yes,No,25,Yes,Yes,DSL,No,Yes,No,One year,Yes,Electronic check,115.79,2863.28,No
CUST-04061,Male,0,No,No,38,Yes,No,Fiber optic,No,Yes,Yes,One year,Yes,Bank transfer,75.46,2911.97,No
CUST-04062,Female,0,No,No,2,Yes,No,Fiber optic,No,No internet service,No,One year,No,Electronic check,62.27,154.57,No
CUST-04063,Male,0,No,No,56,Yes,No,Fiber optic,Yes,Yes,No internet service,One year,Yes,Mailed check,74.06,4129.17,No
CUST-04064,Male,0,Yes,No,9,Yes,Yes,Fiber optic,Yes,No,No,One year,No,Bank transfer,61.05,581.11,No
CUST-04065,Male,0,Yes,No,2,Yes,No,DSL,No internet service,Yes,Yes,One year,Yes,Mailed check,47.77,122.75,No
CUST-04066,Male,0,Yes,No,45,Yes,No phone service,No,No,No,No internet service,Month-to-month,Yes,Bank transfer,36.47,1626.68,No
CUST-04067,Male,0,Yes,No,21,Yes,No,Fiber optic,No,No,Yes,Two year,Yes,Mailed check,64.98,1317.58,No
CUST-04068,Female,0,No,No,66,Yes,Yes,DSL,No internet service,No,No,Month-to-month,Yes,Electronic check,72.14,4712.11,Yes
CUST-04069,Female,0,Yes,Yes,64,Yes,No,Fiber optic,No,No internet service,No internet service,Two year,Yes,Credit card,101.81,6498.4,No
CUST-04070,Male,0,Yes,No,18,No,No,Fiber optic,No,No,No internet service,Month-to-month,Yes,Electronic check,66.28,1147.58,Yes
CUST-04071,Male,0,Yes,Yes,61,Yes,Yes,Fiber optic,No internet service,No internet service,No,Month-to-month,Yes,Credit card,102.6,6220.71,Yes
CUST-04072,Male,0,Yes,No,56,Yes,No,No,No,No,No internet service,Month-to-month,No,Bank transfer,115.37,6436.16,No
CUST-04073,Male,1,No,No,12,Yes,No,No,No,No,No,Month-to-month,No,Mailed check,91.59,1066.98,No
CUST-04074,Female,0,Yes,Yes,15,Yes,Yes,No,No internet service,Yes,Yes,Month-to-month,Yes,Mailed check,30.21,417.63,No
CUST-04075,Male,0,Yes,No,15,Yes,Yes,Fiber optic,Yes,No,Yes,One year,Yes,Electronic check,65.05,951.96,Yes
CUST-04076,Female,1,Yes,No,51,Yes,Yes,Fiber optic,Yes,No,No,Month-to-month,Yes,Credit card,105.38,5398.07,Yes
CUST-04077,Male,0,No,Yes,40,Yes,Yes,DSL,No,No,No,One year,No,Credit card,68.15,2720.44,No
CUST-04078,Female,0,Yes,No,47,Yes,Yes,No,No internet service,No internet service,Yes,Month-to-month,No,Bank transfer,100.69,4748.75,Yes
CUST-04079,Male,0,Yes,No,38,Yes,Yes,DSL,No internet service,Yes,No internet service,One year,Yes,Mailed check,97.14,3734.2,No
CUST-04080,Male,1,Yes,Yes,12,Yes,Yes,Fiber optic,No,No,Yes,One year,Yes,Credit card,34.3,361.74,Yes
CUST-04081,Female,1,No,No,3,No,No,DSL,Yes,No,No,Month-to-month,Yes,Credit card,51.61,199.95,Yes
CUST-04082,Male,0,No,No,42,Yes,No,DSL,No,Yes,No internet service,Month-to-month,Yes,Mailed check,95.92,4006.55,No
CUST-04083,Male,0,Yes,Yes,45,Yes,No,DSL,No,No,No,One year,Yes,Electronic check,34.24,1519.55,No
CUST-04084,Male,0,Yes,Yes,46,No,No,DSL,Yes,No,Yes,One year,No,Mailed check,61.12,2824.46,No
CUST-04085,Female,0,No,No,52,Yes,Yes,DSL,No,No internet service,No internet service,One year,No,Credit card,32.01,1650.61,Yes
CUST-04086,Male,0,No,No,24,Yes,No,DSL,No,No,Yes,Two year,No,Electronic check,42.04,967.01,No
CUST-04087,Male,0,No,Yes,40,Yes,Yes,Fiber optic,No,No internet service,Yes,Month-to-month,No,Bank transfer,47.13,1906.34,Yes
CUST-04088,Female,0,No,Yes,2,Yes,No,Fiber optic,No,No,Yes,Month-to-month,No,Mailed check,72.09,112.5,Yes
CUST-04089,Female,0,No,No,12,Yes,Yes,Fiber optic,Yes,No,No,One year,Yes,Mailed check,111.01,1375.06,Yes
CUST-04090,Female,0,Yes,No,17,Yes,Yes,Fiber optic,No,No,No internet service,Two year,Yes,Electronic check,57.33,1023.4,No
CUST-04091,Male,0,Yes,No,36,No,Yes,No,Yes,Yes,Yes,Month-to-month,Yes,Credit card,104.7,3737.32,Yes
CUST-04092,Male,0,Yes,No,42,Yes,No phone service,Fiber optic,No,No,No internet service,Month-to-month,Yes,Electronic check,88.91,3759.59,Yes
CUST-04093,Male,1,Yes,No,33,No,Yes,DSL,No,No,Yes,Two year,No,Mailed check,97.61,3270.31,No
CUST-04094,Female,0,No,No,54,Yes,Yes,DSL,Yes,No internet service,Yes,Month-to-month,Yes,Electronic check,95.75,5216.03,No
CUST-04095,Male,0,No,No,51,No,Yes,Fiber optic,Yes,No,No,Two year,No,Electronic check,48.82,2496.31,No
CUST-04096,Male,0,No,No,35,Yes,No,No,Yes,No,No internet service,One year,No,Bank transfer,42.1,1454.7,No
CUST-04097,Female,0,No,No,53,Yes,No,DSL,No,Yes,Yes,Month-to-month,Yes,Credit card,117.71,6189.8,Yes
CUST-04098,Female,1,No,No,58,Yes,No,Fiber optic,Yes,No,Yes,Month-to-month,Yes,Electronic check,93.26,5448.9,No
CUST-04099,Female,0,Yes,No,51,Yes,Yes,DSL,Yes,No internet service,No,Month-to-month,No,Mailed check,55.31,2774.37,Yes
CUST-04100,Female,0,Yes,No,18,Yes,No,Fiber optic,Yes,Yes,No,Month-to-month,Yes,Electronic check,74.55,1349.54,Yes
CUST-04101,Female,0,Yes,No,11,Yes,Yes,Fiber optic,No,Yes,Yes,Month-to-month,No,Credit card,97.14,1037.15,Yes
CUST-04102,Male,0,Yes,Yes,10,Yes,Yes,Fiber optic,No,No,Yes,Two year,No,Credit card,23.69,211.1,Yes
CUST-04103,Female,0,Yes,No,47,Yes,No,Fiber optic,No,Yes,Yes,Month-to-month,Yes,Mailed check,28.1,1273.04,Yes
CUST-04104,Male,0,No,No,15,Yes,No,No,No,No,No,One year,Yes,Credit card,20.56,262.09,No
CUST-04105,Male,0,No,Yes,70,No,No phone service,DSL,No,No,Yes,Two year,No,Mailed check,34.73,2416.12,No
CUST-04106,Female,0,No,No,46,Yes,No,Fiber optic,No internet service,No,Yes,Month-to-month,No,Credit card,30.17,1425.58,Yes
CUST-04107,Female,0,No,Yes,66,Yes,No,Fiber optic,Yes,Yes,Yes,Month-to-month,No,Electronic check,65.23,4311.76,No
CUST-04108,Female,1,No,No,30,Yes,No,No,No,No internet service,Yes,Month-to-month,Yes,Mailed check,47.29,1422.53,Yes
CUST-04109,Male,0,Yes,Yes,7,Yes,No,No,No,No,No,Month-to-month,No,Credit card,22.65,170.58,Yes
CUST-04110,Female,1,Yes,No,60,Yes,Yes,DSL,No,Yes,Yes,One year,Yes,Bank transfer,63.84,3833.93,No
CUST-04111,Female,0,Yes,No,43,Yes,Yes,No,No,No,Yes,One year,Yes,Bank transfer,77.01,3291.85,No
CUST-04112,Female,0,No,Yes,49,Yes,Yes,DSL,No internet service,Yes,Yes,One year,No,Mailed check,55.76,2770.24,No
CUST-04113,Female,0,No,No,34,Yes,Yes,DSL,No internet service,No,No,Month-to-month,Yes,Bank transfer,44.56,1512.6,No
CUST-04114,Female,0,No,Yes,60,Yes,Yes,Fiber optic,No,No,No,One year,Yes,Electronic check,57.83,3495.07,No
CUST-04115,Male,0,No,No,54,Yes,No phone service,Fiber optic,No,Yes,No,One year,Yes,Electronic check,71.03,3876.82,No
CUST-04116,Male,0,Yes,No,65,Yes,No,Fiber optic,No,No,Yes,Month-to-month,No,Credit card,62.47,4010.92,Yes
CUST-04117,Male,0,No,Yes,13,Yes,No,Fiber optic,No,No,No,Month-to-month,Yes,Electronic check,27.51,355.44,Yes
CUST-04118,Female,0,Yes,No,3,Yes,Yes,Fiber optic,No internet service,No,Yes,Month-to-month,Yes,Mailed check,64.6,204.26,No
CUST-04119,Female,0,No,Yes,16,Yes,Yes,No,No,No,Yes,Two year,Yes,Electronic check,91.47,1463.76,Yes
CUST-04120,Female,0,Yes,No,68,Yes,No,No,Yes,Yes,No internet service,Two year,No,Credit card,101.64,6951.76,No
CUST-04121,Male,0,No,No,23,Yes,No,Fiber optic,No,Yes,No,Two year,Yes,Electronic check,62.83,1489.09,Yes
CUST-04122,Female,0,No,No,48,No,No,DSL,No,No internet service,No,Month-to-month,No,Credit card,119.37,5693.19,Yes
CUST-04123,Female,0,Yes,No,54,Yes,No phone service,No,No internet service,No,No internet service,One year,Yes,Mailed check,103.97,5594.63,No
CUST-04124,Female,0,Yes,No,70,Yes,Yes,Fiber optic,No internet service,No internet service,No internet service,Two year,Yes,Bank transfer,39.97,2774.29,No
CUST-04125,Male,0,No,No,22,Yes,Yes,No,No internet service,No,No,One year,Yes,Electronic check,64.59,1420.66,No
CUST-04126,Female,0,Yes,No,11,No,Yes,DSL,No,No,Yes,Month-to-month,No,Credit card,48.14,517.75,Yes
CUST-04127,Male,0,No,Yes,10,Yes,No,Fiber optic,Yes,No,No,One year,Yes,Mailed check,74.12,727.12,Yes
CUST-04128,Female,0,No,No,28,Yes,Yes,No,No,No,No,Month-to-month,Yes,Bank transfer,40.86,1147.47,No
CUST-04129,Male,0,Yes,Yes,61,Yes,No,Fiber optic,Yes,No,Yes,One year,Yes,Bank transfer,21.59,1316.0,Yes
CUST-04130,Male,0,No,Yes,52,Yes,No phone service,Fiber optic,No internet service,No internet service,Yes,One year,Yes,Bank transfer,110.25,5729.54,No
CUST-04131,Male,0,No,No,47,Yes,No phone service,No,No,Yes,No,Two year,Yes,Electronic check,71.02,3299.26,No
CUST-04132,Female,0,Yes,No,65,Yes,No,Fiber optic,No internet service,No,Yes,One year,No,Bank transfer,111.33,7240.38,No
CUST-04133,Female,0,No,No,47,Yes,No phone service,Fiber optic,No,No,Yes,Month-to-month,No,Bank transfer,30.05,1368.25,No
CUST-04134,Male,0,No,No,58,Yes,No phone service,DSL,Yes,No,No,Two year,Yes,Bank transfer,33.45,1951.73,No
CUST-04135,Male,0,No,No,70,No,No,Fiber optic,No,No,No internet service,Month-to-month,Yes,Electronic check,41.1,2889.34,Yes
CUST-04136,Female,1,No,No,56,No,Yes,DSL,Yes,No internet service,Yes,Month-to-month,Yes,Mailed check,64.63,3595.34,No
CUST-04137,Female,0,Yes,Yes,2,Yes,Yes,DSL,No,No internet service,Yes,Month-to-month,No,Bank transfer,107.76,179.05,Yes
CUST-04138,Male,0,Yes,No,31,No,Yes,Fiber optic,No,Yes,No internet service,One year,No,Mailed check,84.34,2644.37,Yes
CUST-04139,Female,0,Yes,No,7,Yes,Yes,DSL,No,No,Yes,One year,No,Bank transfer,23.61,192.31,No
CUST-04140,Female,0,No,No,29,Yes,No,No,No,No,No,Two year,No,Bank transfer,59.53,1770.97,No
CUST-04141,Female,0,Yes,No,14,No,No,Fiber optic,No internet service,No,Yes,Month-to-month,No,Electronic check,91.77,1279.41,Yes
CUST-04142,Female,0,Yes,No,54,Yes,Yes,Fiber optic,No,Yes,Yes,Month-to-month,No,Bank transfer,50.88,2729.08,Yes
CUST-04143,Male,1,Yes,No,37,Yes,Yes,DSL,No internet service,Yes,No,Month-to-month,Yes,Credit card,68.24,2505.14,Yes
CUST-04144,Female,0,No,No,14,Yes,Yes,DSL,Yes,No internet service,No internet service,One year,Yes,Bank transfer,90.57,1236.0,Yes
CUST-04145,Female,0,Yes,No,29,Yes,Yes,DSL,Yes,No,No,Month-to-month,Yes,Mailed check,116.43,3361.44,Yes
CUST-04146,Male,1,Yes,No,45,Yes,Yes,DSL,No internet service,No,No internet service,Two year,Yes,Credit card,51.99,2302.33,No
CUST-04147,Male,1,No,Yes,63,Yes,Yes,No,No,No,Yes,Two year,Yes,Electronic check,93.93,5954.79,No
CUST-04148,Female,0,No,Yes,25,Yes,Yes,No,No,Yes,No internet service,Month-to-month,Yes,Credit card,94.24,2340.69,No
CUST-04149,Female,1,No,Yes,66,No,No,No,No internet service,No,Yes,One year,No,Credit card,73.36,4846.49,No
CUST-04150,Female,0,No,No,35,Yes,Yes,Fiber optic,No,No,Yes,Month-to-month,No,Credit card,100.96,3490.26,Yes
CUST-04151,Female,1,No,No,30,No,No,Fiber optic,No,No,Yes,Month-to-month,Yes,Credit card,72.68,2158.47,No
CUST-04152,Male,0,No,No,39,Yes,Yes,Fiber optic,Yes,Yes,No internet service,Month-to-month,Yes,Credit card,81.75,3160.6,Yes
CUST-04153,Male,0,Yes,Yes,72,Yes,Yes,DSL,No,No internet service,No,One year,Yes,Mailed check,103.4,7483.5,No
CUST-04154,Male,0,Yes,No,45,Yes,No,Fiber optic,No,No,Yes,Month-to-month,No,Credit card,66.58,2964.1,Yes
CUST-04155,Female,0,No,No,41,Yes,Yes,DSL,Yes,Yes,Yes,Month-to-month,Yes,Mailed check,66.75,2766.3,No
CUST-04156,Female,0,No,No,17,Yes,Yes,Fiber optic,No,No,No internet service,Two year,Yes,Mailed check,78.29,1309.2,No
CUST-04157,Female,0,Yes,No,35,Yes,No phone service,DSL,No,No,No internet service,Month-to-month,No,Mailed check,100.03,3472.17,Yes
CUST-04158,Female,0,No,No,49,Yes,No,Fiber optic,No internet service,No,No,Two year,No,Electronic check,30.97,1468.5,No
CUST-04159,Male,0,No,Yes,60,Yes,No,DSL,Yes,No,No,One year,No,Credit card,96.66,5778.76,No
CUST-04160,Male,0,Yes,Yes,39,No,No,DSL,No,No,Yes,Month-to-month,Yes,Bank transfer,48.07,1831.76,No
CUST-04161,Female,0,No,Yes,2,Yes,No phone service,Fiber optic,No internet service,Yes,Yes,Month-to-month,Yes,Electronic check,25.25,36.71,Yes
CUST-04162,Male,0,No,No,6,Yes,Yes,DSL,No,No internet service,Yes,Month-to-month,Yes,Bank transfer,98.8,548.09,Yes
CUST-04163,Female,0,Yes,Yes,30,Yes,No,DSL,No,Yes,Yes,Two year,Yes,Credit card,32.8,940.42,No
CUST-04164,Female,1,Yes,No,64,Yes,No,Fiber optic,Yes,Yes,Yes,Month-to-month,No,Credit card,39.75,2529.45,Yes
CUST-04165,Male,0,Yes,No,63,Yes,Yes,Fiber optic,Yes,No,No,One year,Yes,Bank transfer,90.03,5666.69,No
CUST-04166,Female,0,Yes,No,2,Yes,No,No,No,No,No internet service,One year,Yes,Mailed check,75.58,134.4,No
CUST-04167,Female,0,Yes,No,34,Yes,Yes,Fiber optic,Yes,Yes,No internet service,Month-to-month,No,Credit card,111.89,3756.63,Yes
CUST-04168,Male,0,No,Yes,14,Yes,No,No,No internet service,No,No,One year,Yes,Bank transfer,115.34,1582.57,No
CUST-04169,Female,0,No,No,20,Yes,No,DSL,No internet service,No,Yes,Month-to-month,No,Electronic check,50.02,1044.3,No
CUST-04170,Female,0,No,No,61,Yes,Yes,Fiber optic,Yes,No,Yes,Month-to-month,Yes,Bank transfer,51.07,3122.44,No
CUST-04171,Male,0,No,Yes,27,Yes,No,Fiber optic,No,Yes,No internet service,Month-to-month,Yes,Electronic check,39.39,1098.93,Yes
CUST-04172,Female,0,No,No,3,Yes,No,DSL,No internet service,Yes,Yes,Two year,No,Electronic check,70.8,167.53,No
CUST-04173,Male,0,Yes,No,12,Yes,No phone service,DSL,No,No internet service,Yes,Two year,No,Credit card,56.55,629.36,No
CUST-04174,Female,0,No,No,50,Yes,Yes,Fiber optic,No,No internet service,Yes,Month-to-month,No,Electronic check,19.49,1002.68,No
CUST-04175,Male,1,No,No,47,Yes,Yes,Fiber optic,No,Yes,Yes,One year,No,Credit card,58.29,2728.08,No
CUST-04176,Male,0,No,No,38,Yes,No,DSL,Yes,No,Yes,One year,Yes,Bank transfer,24.29,909.93,Yes
CUST-04177,Male,0,No,No,66,Yes,Yes,DSL,No internet service,No internet service,No,Month-to-month,Yes,Mailed check,99.5,6540.82,No
CUST-04178,Female,0,No,Yes,57,Yes,No,Fiber optic,No internet service,No,No,One year,No,Electronic check,112.75,6392.8,No
CUST-04179,Male,0,Yes,Yes,1,No,No,DSL,Yes,No internet service,Yes,Month-to-month,Yes,Credit card,48.17,81.02,Yes
CUST-04180,Male,0,No,Yes,24,Yes,Yes,No,Yes,No internet service,No,Month-to-month,Yes,Mailed check,84.37,1981.02,Yes
CUST-04181,Male,0,No,No,10,Yes,Yes,No,No internet service,No,Yes,Two year,No,Electronic check,27.03,270.14,Yes
CUST-04182,Male,1,No,No,0,Yes,No,No,No,Yes,Yes,Month-to-month,No,Bank transfer,55.08,0.0,Yes
CUST-04183,Male,0,No,No,47,Yes,Yes,DSL,Yes,No internet service,Yes,Month-to-month,No,Electronic check,76.74,3584.32,No
CUST-04184,Female,0,No,No,47,Yes,No,DSL,Yes,No,Yes,Month-to-month,Yes,Bank transfer,28.63,1371.68,No
CUST-04185,Female,0,No,No,9,Yes,Yes,No,Yes,Yes,Yes,Month-to-month,Yes,Bank transfer,56.47,546.13,No
CUST-04186,Female,0,Yes,No,29,Yes,Yes,Fiber optic,No internet service,No,No internet service,One year,Yes,Bank transfer,115.43,3316.97,No
CUST-04187,Female,0,No,No,34,Yes,No,DSL,No,Yes,Yes,Two year,No,Bank transfer,34.94,1145.66,Yes
CUST-04188,Female,0,Yes,Yes,18,Yes,Yes,DSL,No,No internet service,Yes,Month-to-month,Yes,Credit card,81.26,1450.19,No
CUST-04189,Female,0,Yes,No,52,Yes,No,DSL,No internet service,Yes,No internet service,Month-to-month,Yes,Credit card,103.0,5350.01,No
CUST-04190,Female,0,No,No,33,No,Yes,Fiber optic,No,No,No,One year,No,Credit card,96.66,3145.09,No
CUST-04191,Male,0,No,Yes,31,Yes,No,No,No,No internet service,No internet service,Two year,Yes,Mailed check,96.68,2994.08,No
CUST-04192,Female,0,No,No,5,Yes,No phone service,No,No internet service,No internet service,Yes,Month-to-month,No,Bank transfer,24.03,165.26,Yes
CUST-04193,Male,0,Yes,No,12,Yes,No,Fiber optic,Yes,No internet service,Yes,Two year,No,Electronic check,117.31,1396.28,No
CUST-04194,Male,0,No,Yes,63,Yes,No,DSL,No internet service,No,Yes,One year,No,Mailed check,92.17,5846.71,Yes
CUST-04195,Female,0,No,Yes,6,Yes,Yes,Fiber optic,Yes,No internet service,No internet service,Two year,No,Mailed check,115.34,726.9,No
CUST-04196,Male,0,No,Yes,44,No,Yes,DSL,No,No,Yes,Month-to-month,Yes,Mailed check,117.88,5180.38,Yes
CUST-04197,Male,0,Yes,No,44,Yes,No,DSL,No,No internet service,Yes,Two year,Yes,Mailed check,54.41,2414.69,No
CUST-04198,Male,0,Yes,No,64,Yes,No,DSL,No internet service,No,No,One year,No,Electronic check,73.43,4670.43,No
CUST-04199,Male,0,No,No,18,Yes,No,Fiber optic,No,No internet service,No,Month-to-month,Yes,Bank transfer,92.41,1626.89,Yes
CUST-04200,Female,0,Yes,No,46,Yes,No phone service,DSL,Yes,No,No internet service,Month-to-month,Yes,Electronic check,104.61,4762.27,Yes
CUST-04201,Female,0,No,No,45,Yes,Yes,No,Yes,Yes,No internet service,One year,Yes,Bank transfer,117.04,5224.13,No
CUST-04202,Female,0,Yes,No,28,Yes,No,No,No,Yes,No,One year,Yes,Mailed check,117.39,3299.75,Yes
CUST-04203,Female,0,No,No,60,Yes,Yes,DSL,No,No internet service,Yes,Month-to-month,No,Mailed check,51.43,3124.34,No
CUST-04204,Female,0,Yes,No,64,Yes,No,Fiber optic,No,No internet service,No,Two year,Yes,Credit card,87.41,5642.02,No
CUST-04205,Female,0,No,No,22,Yes,Yes,Fiber optic,No internet service,No,No,Two year,Yes,Credit card,32.99,724.03,Yes
CUST-04206,Female,1,No,No,50,Yes,No phone service,No,No internet service,No,No,Two year,Yes,Mailed check,100.67,4997.55,No
CUST-04207,Female,0,Yes,No,62,Yes,No,No,No,No internet service,Yes,Two year,Yes,Mailed check,34.27,2074.75,No
CUST-04208,Female,0,Yes,No,21,Yes,Yes,DSL,No,Yes,Yes,Month-to-month,No,Bank transfer,108.85,2334.34,No
CUST-04209,Female,1,Yes,Yes,70,Yes,No,DSL,Yes,Yes,Yes,One year,No,Mailed check,117.87,8282.68,No
CUST-04210,Male,0,Yes,Yes,32,No,No,DSL,No internet service,No,No internet service,Two year,Yes,Bank transfer,26.81,860.29,No
CUST-04211,Female,0,Yes,No,43,Yes,Yes,Fiber optic,Yes,Yes,No internet service,Month-to-month,Yes,Mailed check,70.26,2995.74,Yes
CUST-04212,Male,0,No,Yes,6,Yes,Yes,Fiber optic,No,No,No,One year,No,Electronic check,45.0,271.77,Yes
CUST-04213,Male,0,No,No,1,Yes,Yes,Fiber optic,No,Yes,Yes,Month-to-month,No,Mailed check,65.94,99.79,Yes
CUST-04214,Male,1,Yes,No,16,Yes,Yes,DSL,No internet service,No,No internet service,Two year,No,Bank transfer,47.97,,No
CUST-04215,Male,0,No,Yes,64,Yes,No,No,No,Yes,Yes,Month-to-month,Yes,Bank transfer,24.7,1630.35,No
CUST-04216,Female,0,No,Yes,57,Yes,No,DSL,No internet service,Yes,No,Month-to-month,No,Electronic check,58.2,3278.07,No
CUST-04217,Male,0,Yes,Yes,29,Yes,No,Fiber optic,Yes,Yes,No internet service,One year,No,Bank transfer,38.87,1175.48,Yes
CUST-04218,Female,0,No,Yes,25,Yes,No,Fiber optic,No,No,Yes,Month-to-month,Yes,Credit card,74.03,1859.21,Yes
CUST-04219,Female,0,No,No,34,Yes,No phone service,DSL,No,Yes,No internet service,Two year,Yes,Electronic check,87.42,2979.07,No
CUST-04220,Male,0,Yes,No,62,Yes,No,Fiber optic,No internet service,Yes,Yes,Two year,Yes,Mailed check,59.34,3664.99,No
CUST-04221,Female,0,Yes,No,70,Yes,No,Fiber optic,No,No,No internet service,Month-to-month,No,Mailed check,38.77,2667.99,Yes
CUST-04222,Male,0,No,No,27,Yes,Yes,No,No,Yes,Yes,Month-to-month,Yes,Mailed check,37.55,1039.89,No
CUST-04223,Male,0,Yes,No,24,Yes,Yes,No,Yes,Yes,Yes,Month-to-month,No,Bank transfer,18.24,415.35,Yes
CUST-04224,Female,0,No,No,60,Yes,Yes,No,No,No,No,Month-to-month,Yes,Mailed check,89.64,5363.4,Yes
CUST-04225,Female,0,Yes,No,30,Yes,No,Fiber optic,Yes,No internet service,Yes,Month-to-month,Yes,Mailed check,43.82,1317.97,No
CUST-04226,Male,0,Yes,No,53,Yes,Yes,Fiber optic,No,No,No,One year,Yes,Mailed check,117.02,6157.76,No
CUST-04227,Female,0,Yes,Yes,66,Yes,Yes,DSL,Yes,No,No,Month-to-month,Yes,Credit card,94.2,6168.28,No
CUST-04228,Female,1,Yes,Yes,50,Yes,No,Fiber optic,No,No internet service,No,Month-to-month,No,Credit card,48.13,2366.99,Yes
CUST-04229,Female,0,No,Yes,57,Yes,No,No,Yes,Yes,No internet service,Month-to-month,Yes,Credit card,34.21,1973.5,Yes
CUST-04230,Male,0,Yes,Yes,33,Yes,No,DSL,Yes,No,Yes,Month-to-month,Yes,Mailed check,81.68,2664.49,Yes
CUST-04231,Male,0,Yes,No,58,No,No,Fiber optic,Yes,No,Yes,Month-to-month,No,Mailed check,106.18,6159.87,Yes
CUST-04232,Female,1,No,Yes,20,Yes,Yes,No,No,No,No internet service,Two year,Yes,Bank transfer,77.6,1520.59,No
CUST-04233,Female,0,No,No,55,Yes,No phone service,No,No,No,No,Month-to-month,No,Bank transfer,19.12,1030.07,No
CUST-04234,Female,0,No,No,36,Yes,Yes,DSL,No internet service,No,Yes,One year,No,Bank transfer,98.2,3488.99,Yes
CUST-04235,Female,0,No,No,63,Yes,No phone service,Fiber optic,No,No internet service,No,Two year,No,Bank transfer,116.35,7316.7,No
CUST-04236,Female,1,Yes,No,18,Yes,No,DSL,Yes,No internet service,No,Two year,No,Mailed check,22.84,374.76,No
CUST-04237,Male,0,No,Yes,52,Yes,No,No,No,Yes,No,Month-to-month,No,Bank transfer,100.53,5233.37,No
CUST-04238,Female,0,Yes,No,70,Yes,No,DSL,No,Yes,Yes,Month-to-month,Yes,Electronic check,91.34,6427.42,No
CUST-04239,Male,1,No,Yes,62,Yes,No,DSL,No,Yes,No internet service,Month-to-month,Yes,Mailed check,58.54,3667.32,No
CUST-04240,Female,0,Yes,No,61,No,No,DSL,No,Yes,No,Month-to-month,No,Mailed check,82.68,5086.82,No
CUST-04241,Male,0,No,No,71,No,No phone service,Fiber optic,No,No,No,Month-to-month,Yes,Electronic check,34.2,2390.59,No
CUST-04242,Female,0,Yes,No,18,Yes,No phone service,Fiber optic,No,No,No internet service,Month-to-month,Yes,Bank transfer,91.45,1647.75,Yes
CUST-04243,Male,1,Yes,No,1,Yes,No,Fiber optic,No internet service,No internet service,Yes,Month-to-month,Yes,Electronic check,77.29,38.77,Yes
CUST-04244,Female,0,No,No,5,Yes,No,No,Yes,Yes,No,One year,No,Bank transfer,26.83,114.8,No
CUST-04245,Male,1,Yes,Yes,28,Yes,Yes,DSL,No internet service,Yes,No internet service,One year,No,Electronic check,106.56,2956.81,No
CUST-04246,Male,0,Yes,Yes,40,Yes,No,Fiber optic,No,No internet service,Yes,Month-to-month,No,Mailed check,31.09,1194.85,Yes
CUST-04247,Male,0,Yes,No,50,No,No,Fiber optic,No internet service,No,No,Month-to-month,No,Bank transfer,62.71,3178.68,Yes
CUST-04248,Male,1,Yes,No,4,Yes,No,DSL,No,No,No internet service,Month-to-month,Yes,Bank transfer,31.38,153.69,Yes
CUST-04249,Male,0,No,No,40,Yes,No,No,No,No,No,Month-to-month,Yes,Bank transfer,83.9,3357.9,Yes
CUST-04250,Male,0,Yes,Yes,61,Yes,Yes,DSL,No,Yes,No,Month-to-month,No,Mailed check,93.26,5673.35,Yes
CUST-04251,Female,0,Yes,No,29,Yes,Yes,Fiber optic,No internet service,No,No,Month-to-month,Yes,Bank transfer,114.62,3315.14,Yes
CUST-04252,Male,0,No,No,61,Yes,Yes,Fiber optic,No,No,No,Two year,No,Electronic check,43.77,2640.49,No
CUST-04253,Female,0,No,No,26,Yes,No,Fiber optic,No,Yes,No,Two year,No,Bank transfer,55.36,1486.18,No
CUST-04254,Female,0,No,No,49,Yes,Yes,DSL,No,Yes,No internet service,Two year,Yes,Bank transfer,57.45,2793.6,No
CUST-04255,Female,0,Yes,No,51,No,No,Fiber optic,No,No internet service,No,Two year,Yes,Mailed check,27.89,1379.86,No
CUST-04256,Female,0,Yes,Yes,48,Yes,Yes,Fiber optic,No internet service,No,No,Two year,No,Electronic check,100.41,4826.13,Yes
CUST-04257,Female,0,No,No,61,Yes,Yes,Fiber optic,Yes,No,No,Month-to-month,Yes,Electronic check,26.44,1637.72,No
CUST-04258,Male,1,Yes,Yes,59,Yes,Yes,No,Yes,No,No,Month-to-month,No,Electronic check,52.53,3146.41,No
CUST-04259,Male,0,No,Yes,53,Yes,Yes,Fiber optic,No,No,No,Month-to-month,Yes,Bank transfer,37.42,1995.41,Yes
CUST-04260,Male,0,Yes,No,4,Yes,Yes,DSL,No,Yes,No internet service,Two year,No,Credit card,85.77,311.52,No
CUST-04261,Female,0,No,No,8,No,No,DSL,No,No internet service,Yes,Two year,Yes,Credit card,110.37,872.07,No
CUST-04262,Male,0,Yes,No,33,Yes,Yes,Fiber optic,No,No,Yes,Month-to-month,No,Bank transfer,94.14,3088.29,Yes
CUST-04263,Male,0,No,No,35,Yes,Yes,Fiber optic,No,No,No,Two year,No,Mailed check,97.0,3346.95,No
CUST-04264,Male,0,Yes,No,19,Yes,No phone service,DSL,Yes,No,No internet service,Month-to-month,No,Mailed check,26.01,483.41,No
CUST-04265,Male,1,No,Yes,62,Yes,Yes,DSL,No,No,No internet service,One year,Yes,Bank transfer,93.37,5818.9,No
CUST-04266,Male,1,Yes,No,66,Yes,No,DSL,No internet service,Yes,No,One year,Yes,Electronic check,24.38,1599.61,No
CUST-04267,Female,0,Yes,Yes,29,Yes,No phone service,Fiber optic,No,No,No,Month-to-month,No,Electronic check,67.39,1989.49,Yes
CUST-04268,Male,1,Yes,No,68,Yes,No,Fiber optic,No,No,No,One year,Yes,Bank transfer,88.58,6047.73,No
CUST-04269,Female,0,No,No,69,Yes,No,Fiber optic,Yes,Yes,No,Month-to-month,Yes,Electronic check,43.98,3056.56,Yes
CUST-04270,Female,0,Yes,No,2,Yes,Yes,DSL,No internet service,No internet service,Yes,One year,No,Electronic check,87.62,163.34,Yes
CUST-04271,Female,1,Yes,No,48,No,No,Fiber optic,No internet service,No internet service,Yes,Month-to-month,No,Credit card,107.81,5130.22,Yes
CUST-04272,Female,0,Yes,Yes,41,Yes,No,Fiber optic,No,No,Yes,Two year,Yes,Credit card,107.55,4447.79,No
CUST-04273,Female,0,No,No,23,Yes,Yes,DSL,Yes,Yes,No,One year,Yes,Bank transfer,37.59,878.4,No
CUST-04274,Male,0,Yes,Yes,43,Yes,Yes,DSL,No,No,Yes,Month-to-month,No,Credit card,46.0,1937.05,Yes
CUST-04275,Male,0,No,Yes,0,No,No,Fiber optic,No,Yes,No,One year,Yes,Credit card,85.94,0.0,No
CUST-04276,Male,0,Yes,Yes,53,Yes,Yes,No,No internet service,No internet service,No,Month-to-month,No,Mailed check,103.81,5513.36,No
CUST-04277,Female,0,No,No,51,Yes,No,Fiber optic,Yes,No,Yes,Month-to-month,Yes,Bank transfer,64.43,3278.15,Yes
CUST-04278,Male,1,No,No,35,No,No,No,Yes,No internet service,Yes,Month-to-month,No,Mailed check,112.06,3891.17,No
CUST-04279,Male,0,Yes,No,37,Yes,Yes,DSL,Yes,No,Yes,Month-to-month,No,Credit card,76.61,2808.51,No
CUST-04280,Female,0,No,No,43,Yes,Yes,DSL,No,Yes,Yes,Two year,Yes,Credit card,44.72,1911.53,No
CUST-04281,Female,0,No,No,46,Yes,Yes,Fiber optic,Yes,No,Yes,Month-to-month,Yes,Electronic check,20.04,946.86,Yes
CUST-04282,Female,0,Yes,No,28,Yes,No,Fiber optic,No internet service,No,No internet service,Month-to-month,Yes,Mailed check,100.35,2779.5,Yes
CUST-04283,Female,0,No,No,50,Yes,Yes,Fiber optic,Yes,No internet service,No internet service,Month-to-month,No,Mailed check,27.47,1393.73,Yes
CUST-04284,Male,0,No,No,40,Yes,No,Fiber optic,No,No internet service,No internet service,Two year,Yes,Bank transfer,26.0,1007.9,No
CUST-04285,Female,1,No,No,63,Yes,No,DSL,No,No,Yes,Month-to-month,Yes,Electronic check,97.27,6154.38,Yes
CUST-04286,Female,1,No,Yes,47,Yes,No,Fiber optic,No,No,No,Two year,Yes,Electronic check,21.23,1037.84,Yes
CUST-04287,Male,0,Yes,No,21,Yes,Yes,DSL,No internet service,No,Yes,One year,Yes,Electronic check,103.96,2177.44,Yes
CUST-04288,Male,1,No,No,16,Yes,No,Fiber optic,No,Yes,Yes,Month-to-month,No,Credit card,79.07,1279.25,Yes
CUST-04289,Female,0,No,Yes,4,Yes,Yes,Fiber optic,No,Yes,No internet service,One year,No,Credit card,82.93,308.36,Yes
CUST-04290,Male,0,Yes,No,60,Yes,Yes,Fiber optic,Yes,No,No,Month-to-month,Yes,Credit card,113.68,6863.56,Yes
CUST-04291,Female,0,Yes,Yes,5,Yes,Yes,Fiber optic,No internet service,Yes,Yes,Month-to-month,No,Mailed check,106.4,524.59,No
CUST-04292,Female,0,No,Yes,52,Yes,No,Fiber optic,No internet service,No internet service,No,One year,Yes,Mailed check,25.75,1338.67,No
CUST-04293,Male,0,Yes,Yes,16,Yes,No phone service,Fiber optic,Yes,Yes,Yes,One year,No,Bank transfer,105.0,1656.15,No
CUST-04294,Male,0,Yes,No,58,Yes,Yes,No,No,No,Yes,One year,Yes,Electronic check,86.05,4960.3,Yes
CUST-04295,Female,0,Yes,No,38,Yes,No,No,No,No,No,Month-to-month,No,Credit card,50.31,1884.52,No
CUST-04296,Female,1,Yes,No,53,Yes,Yes,Fiber optic,No,No internet service,Yes,Month-to-month,Yes,Credit card,105.04,5564.7,Yes
CUST-04297,Female,0,Yes,Yes,47,Yes,No,Fiber optic,No internet service,No,No,Two year,No,Electronic check,20.38,921.62,Yes
CUST-04298,Male,0,Yes,No,36,Yes,Yes,Fiber optic,Yes,No,No,Month-to-month,Yes,Credit card,103.43,3712.27,Yes
CUST-04299,Female,0,Yes,No,47,Yes,No,Fiber optic,No,No,Yes,One year,Yes,Credit card,81.26,3807.42,Yes
CUST-04300,Female,0,Yes,Yes,67,Yes,No,No,No,No internet service,No internet service,Month-to-month,No,Mailed check,44.64,2984.2,No
CUST-04301,Female,0,Yes,No,26,Yes,No,DSL,No,Yes,No,One year,Yes,Mailed check,18.61,476.06,No
CUST-04302,Female,0,No,Yes,26,Yes,Yes,DSL,No,No,No,Two year,No,Credit card,71.18,1828.12,No
CUST-04303,Female,0,No,Yes,71,Yes,No,Fiber optic,No,No internet service,Yes,Month-to-month,No,Credit card,61.07,4322.65,Yes
CUST-04304,Male,0,No,No,62,No,No,DSL,No,No internet service,Yes,Month-to-month,Yes,Mailed check,105.98,6611.0,No
CUST-04305,Female,0,No,No,51,Yes,Yes,No,No,Yes,Yes,Two year,Yes,Electronic check,98.37,4970.62,No
CUST-04306,Female,0,No,Yes,46,Yes,Yes,Fiber optic,No,No,No,Two year,Yes,Electronic check,78.15,3553.68,No
CUST-04307,Female,0,Yes,Yes,20,Yes,No,Fiber optic,Yes,No,Yes,Two year,No,Credit card,33.39,710.68,No
CUST-04308,Female,0,Yes,Yes,56,Yes,No,DSL,No,No,Yes,Month-to-month,No,Bank transfer,92.06,5132.46,Yes
CUST-04309,Male,0,No,Yes,41,No,Yes,Fiber optic,No,No,No internet service,Month-to-month,No,Bank transfer,78.55,3200.97,Yes
CUST-04310,Male,0,No,Yes,47,Yes,No,Fiber optic,Yes,Yes,No,Month-to-month,No,Credit card,20.3,938.51,Yes
CUST-04311,Male,0,Yes,No,26,Yes,No,DSL,No,No internet service,No,Month-to-month,Yes,Electronic check,95.7,2448.54,No
CUST-04312,Female,0,No,No,71,Yes,No phone service,No,No internet service,Yes,Yes,Two year,No,Bank transfer,102.84,7328.54,No
CUST-04313,Female,0,Yes,No,32,Yes,No phone service,DSL,Yes,No internet service,No internet service,Month-to-month,No,Mailed check,97.0,3070.32,Yes
CUST-04314,Male,0,No,No,34,No,No,Fiber optic,No,No internet service,Yes,Two year,Yes,Bank transfer,35.99,1243.84,Yes
CUST-04315,Male,0,Yes,No,15,Yes,Yes,No,No,Yes,Yes,One year,Yes,Mailed check,69.26,1012.15,No
CUST-04316,Male,0,No,Yes,35,Yes,No,No,No,No,Yes,Month-to-month,Yes,Bank transfer,71.78,2530.51,No
CUST-04317,Female,1,Yes,Yes,65,Yes,No,Fiber optic,Yes,No,No internet service,Month-to-month,No,Electronic check,113.3,7411.69,No
CUST-04318,Female,1,No,No,55,Yes,No phone service,Fiber optic,No internet service,Yes,Yes,Month-to-month,Yes,Credit card,112.41,6183.52,Yes
CUST-04319,Male,0,No,Yes,16,Yes,Yes,No,No,No internet service,No,Two year,Yes,Credit card,24.35,371.49,No
CUST-04320,Male,0,Yes,Yes,19,No,No,No,Yes,Yes,No,Month-to-month,Yes,Credit card,119.92,2266.28,Yes
CUST-04321,Male,0,Yes,Yes,7,Yes,No,Fiber optic,No,No,No internet service,One year,Yes,Mailed check,98.24,676.07,Yes
CUST-04322,Female,1,No,No,17,No,Yes,No,No,No internet service,No,Month-to-month,Yes,Credit card,56.3,919.63,Yes
CUST-04323,Female,1,No,No,17,No,No,Fiber optic,No internet service,Yes,No,Month-to-month,No,Bank transfer,93.81,1626.65,Yes
CUST-04324,Female,0,Yes,No,17,Yes,Yes,DSL,No internet service,No,No internet service,Month-to-month,Yes,Electronic check,56.42,947.06,No
CUST-04325,Male,0,Yes,No,1,Yes,No,DSL,Yes,No,Yes,One year,No,Credit card,113.5,135.29,Yes
CUST-04326,Male,0,Yes,No,71,Yes,No,Fiber optic,No,No,No internet service,Two year,No,Mailed check,56.57,3993.51,No
CUST-04327,Female,0,No,No,50,Yes,No phone service,Fiber optic,No internet service,No internet service,Yes,One year,Yes,Mailed check,96.14,4792.64,Yes
CUST-04328,Male,0,No,Yes,9,Yes,No phone service,Fiber optic,No,No,No internet service,Month-to-month,Yes,Electronic check,33.84,343.25,Yes
CUST-04329,Female,0,Yes,Yes,13,Yes,Yes,Fiber optic,No,No,Yes,One year,Yes,Electronic check,104.94,1356.72,Yes
CUST-04330,Male,1,No,Yes,25,Yes,Yes,Fiber optic,No,No internet service,Yes,Month-to-month,Yes,Mailed check,81.29,2017.57,No
CUST-04331,Male,0,No,Yes,46,Yes,No,DSL,No,No internet service,Yes,One year,Yes,Electronic check,100.38,4598.85,No
CUST-04332,Male,0,Yes,Yes,29,Yes,No,Fiber optic,No,No,Yes,Month-to-month,No,Bank transfer,60.63,1797.56,Yes
CUST-04333,Male,1,No,Yes,55,Yes,No,No,No internet service,No,No,One year,Yes,Bank transfer,53.32,2924.88,No
CUST-04334,Female,1,Yes,No,41,Yes,Yes,Fiber optic,Yes,No,No,Month-to-month,No,Credit card,72.33,3003.24,Yes
CUST-04335,Male,0,Yes,No,3,Yes,No,DSL,No,No internet service,No internet service,Month-to-month,Yes,Credit card,57.6,152.83,Yes
CUST-04336,Female,0,No,No,10,Yes,No,Fiber optic,No internet service,No,Yes,Two year,No,Mailed check,70.44,752.23,Yes
CUST-04337,Female,0,No,No,23,Yes,Yes,No,Yes,Yes,Yes,Month-to-month,No,Mailed check,61.93,1424.67,Yes
CUST-04338,Female,0,Yes,No,66,Yes,Yes,Fiber optic,No,No,No internet service,Month-to-month,No,Bank transfer,38.06,2478.42,Yes
CUST-04339,Male,1,Yes,No,36,Yes,No,Fiber optic,No,No,No,Two year,Yes,Electronic check,117.62,4226.73,Yes
CUST-04340,Female,1,Yes,No,1,Yes,No,DSL,No,No,No,Month-to-month,No,Credit card,19.64,37.82,Yes
CUST-04341,Female,0,No,Yes,11,Yes,No phone service,DSL,Yes,No,No,Month-to-month,Yes,Electronic check,112.42,1275.4,Yes
CUST-04342,Female,0,Yes,Yes,20,Yes,No,DSL,Yes,No,Yes,One year,No,Credit card,102.39,2010.51,No
CUST-04343,Male,0,Yes,No,68,Yes,Yes,DSL,No,Yes,Yes,Two year,Yes,Credit card,60.93,4149.08,No
CUST-04344,Male,1,Yes,No,70,Yes,No,Fiber optic,No,Yes,Yes,One year,Yes,Mailed check,50.85,3562.76,Yes
CUST-04345,Female,0,Yes,Yes,63,Yes,Yes,Fiber optic,No,No,No,Month-to-month,Yes,Electronic check,34.8,2175.24,Yes
CUST-04346,Male,0,No,Yes,67,No,No,Fiber optic,Yes,Yes,No,Two year,Yes,Mailed check,31.57,2106.05,No
CUST-04347,Female,0,No,No,42,No,Yes,DSL,No,No internet service,Yes,Month-to-month,No,Electronic check,74.19,3096.44,No
CUST-04348,Female,0,Yes,Yes,53,Yes,No,Fiber optic,No internet service,Yes,No internet service,One year,No,Electronic check,28.75,1503.99,Yes
CUST-04349,Male,0,No,No,61,Yes,No,Fiber optic,No,No,No internet service,Month-to-month,Yes,Credit card,66.6,4065.94,Yes
CUST-04350,Female,0,No,Yes,72,Yes,Yes,No,No,Yes,No internet service,Month-to-month,Yes,Electronic check,101.1,7235.21,No
CUST-04351,Male,1,No,No,11,Yes,Yes,Fiber optic,Yes,Yes,Yes,Two year,No,Credit card,95.22,1045.55,Yes
CUST-04352,Male,1,Yes,Yes,0,Yes,Yes,DSL,No,Yes,Yes,Two year,No,Credit card,31.52,0.0,No
CUST-04353,Female,0,No,No,71,Yes,No phone service,Fiber optic,No,No,No,Month-to-month,No,Credit card,116.03,8234.57,No
CUST-04354,Male,0,No,Yes,32,No,No,Fiber optic,No,No,No,Month-to-month,Yes,Bank transfer,47.19,1557.58,Yes
CUST-04355,Male,0,Yes,No,63,Yes,No,No,No,Yes,No,Two year,Yes,Credit card,89.98,5692.87,No
CUST-04356,Female,0,Yes,No,67,Yes,Yes,Fiber optic,No,No,Yes,Month-to-month,No,Mailed check,48.65,3295.7,No
CUST-04357,Female,0,No,No,13,No,Yes,No,Yes,No,No,Month-to-month,No,Electronic check,80.98,1039.89,Yes
CUST-04358,Male,1,No,No,13,No,No,Fiber optic,No,No,No,Month-to-month,Yes,Electronic check,76.39,1013.65,Yes
CUST-04359,Male,0,Yes,No,8,Yes,No,DSL,No,Yes,Yes,Month-to-month,Yes,Bank transfer,36.19,285.83,Yes
CUST-04360,Female,0,Yes,No,72,Yes,No,No,No,No internet service,No,Month-to-month,Yes,Bank transfer,84.56,6098.03,No
CUST-04361,Male,1,Yes,No,25,Yes,No,DSL,No,Yes,No,Two year,Yes,Bank transfer,51.25,1275.05,No
CUST-04362,Male,1,Yes,No,48,Yes,No,DSL,No,No internet service,No,Month-to-month,Yes,Mailed check,80.34,3819.49,Yes
CUST-04363,Male,0,No,No,16,Yes,Yes,No,Yes,Yes,Yes,Month-to-month,Yes,Credit card,73.22,1216.25,No
CUST-04364,Male,0,Yes,Yes,67,Yes,Yes,Fiber optic,No internet service,No,No internet service,Month-to-month,Yes,Bank transfer,103.95,6985.29,Yes
CUST-04365,Male,0,No,No,59,Yes,Yes,DSL,No,No,Yes,Month-to-month,No,Bank transfer,39.79,,No
CUST-04366,Male,0,No,No,2,Yes,Yes,DSL,No,No,No internet service,Month-to-month,No,Electronic check,33.44,72.96,Yes
CUST-04367,Male,0,No,No,24,Yes,No phone service,Fiber optic,No,No,No internet service,Two year,Yes,Electronic check,105.2,2547.09,No
CUST-04368,Female,0,Yes,No,20,Yes,No,DSL,No internet service,Yes,Yes,Month-to-month,Yes,Bank transfer,63.34,1270.05,Yes
CUST-04369,Female,1,Yes,No,11,No,No,Fiber optic,No internet service,No,No,Two year,No,Electronic check,97.75,1046.84,Yes
CUST-04370,Female,0,No,No,53,Yes,No phone service,Fiber optic,No,Yes,Yes,One year,Yes,Electronic check,115.88,6092.37,No
CUST-04371,Female,0,No,No,0,Yes,No phone service,No,No,No,No,One year,Yes,Credit card,73.52,0.0,Yes
CUST-04372,Female,0,No,No,0,Yes,Yes,Fiber optic,No internet service,No internet service,No internet service,Month-to-month,No,Bank transfer,48.67,6.36,Yes
CUST-04373,Male,0,No,No,44,Yes,No,Fiber optic,No,No,No,Month-to-month,No,Bank transfer,99.01,4343.62,Yes
CUST-04374,Male,1,No,No,45,No,Yes,Fiber optic,No internet service,No,Yes,Month-to-month,No,Credit card,112.96,5086.53,Yes
CUST-04375,Male,0,Yes,No,47,Yes,No,DSL,No,Yes,Yes,One year,Yes,Bank transfer,43.01,2037.96,Yes
CUST-04376,Male,0,Yes,No,6,Yes,Yes,Fiber optic,Yes,No,Yes,Month-to-month,Yes,Bank transfer,88.21,560.25,Yes
CUST-04377,Female,0,Yes,No,9,Yes,No,Fiber optic,No internet service,Yes,No,One year,Yes,Credit card,97.62,858.44,Yes
CUST-04378,Male,0,No,No,14,Yes,Yes,Fiber optic,No,Yes,No internet service,One year,Yes,Credit card,20.71,303.26,No
CUST-04379,Male,0,No,Yes,39,Yes,No phone service,Fiber optic,No,Yes,No,One year,Yes,Bank transfer,78.41,3097.17,Yes
CUST-04380,Female,0,Yes,No,10,Yes,Yes,DSL,No internet service,No internet service,No,Month-to-month,Yes,Electronic check,82.58,791.04,Yes
CUST-04381,Male,0,Yes,No,55,Yes,No,DSL,No internet service,No internet service,Yes,Month-to-month,Yes,Credit card,82.93,4580.2,Yes
CUST-04382,Male,0,No,Yes,45,Yes,No,Fiber optic,Yes,No internet service,No,Two year,No,Credit card,26.58,1237.55,No
CUST-04383,Female,0,Yes,Yes,44,Yes,No,Fiber optic,No,No internet service,Yes,Month-to-month,No,Mailed check,20.21,906.37,Yes
CUST-04384,Male,1,Yes,No,12,Yes,No,Fiber optic,No,No,No internet service,Month-to-month,No,Electronic check,47.96,534.78,Yes
CUST-04385,Male,1,Yes,No,26,Yes,No,Fiber optic,No,Yes,Yes,Month-to-month,No,Bank transfer,54.5,1395.31,No
CUST-04386,Male,0,No,No,49,Yes,No,No,No,No,No,One year,Yes,Mailed check,32.75,1573.7,No
CUST-04387,Male,0,No,No,60,Yes,Yes,No,Yes,No,No,Month-to-month,Yes,Mailed check,69.98,4240.04,Yes
CUST-04388,Male,0,Yes,No,12,Yes,Yes,Fiber optic,Yes,No,No,Month-to-month,No,Mailed check,41.21,543.72,Yes
CUST-04389,Female,0,No,No,11,Yes,Yes,Fiber optic,Yes,No,Yes,One year,No,Electronic check,52.43,570.01,Yes
CUST-04390,Female,0,Yes,Yes,28,Yes,No phone service,DSL,No,No,No,One year,No,Credit card,47.87,1379.98,No
CUST-04391,Female,1,Yes,No,19,Yes,Yes,Fiber optic,No,No,No,One year,No,Bank transfer,96.75,1801.76,Yes
CUST-04392,Female,1,No,Yes,30,Yes,Yes,Fiber optic,No,No,No internet service,One year,No,Electronic check,107.46,3174.14,Yes
CUST-04393,Female,0,No,No,7,Yes,No,No,Yes,No,No,Month-to-month,No,Mailed check,48.44,345.92,Yes
CUST-04394,Female,0,No,No,23,Yes,No,DSL,No,Yes,Yes,Month-to-month,No,Electronic check,56.42,1346.4,No
CUST-04395,Male,1,Yes,No,38,Yes,Yes,No,No,Yes,No,Month-to-month,Yes,Bank transfer,101.16,3850.32,No
CUST-04396,Female,0,Yes,No,32,Yes,No,No,No,No internet service,No,One year,Yes,Electronic check,95.43,3101.81,Yes
CUST-04397,Female,0,Yes,Yes,41,Yes,Yes,No,No,No,No internet service,Month-to-month,No,Mailed check,90.3,3697.37,Yes
CUST-04398,Male,0,No,No,14,Yes,No,Fiber optic,Yes,No internet service,No,Month-to-month,Yes,Mailed check,90.2,1251.0,Yes
CUST-04399,Male,0,Yes,Yes,67,Yes,No,DSL,No,No,Yes,Month-to-month,No,Credit card,48.31,3279.73,No
CUST-04400,Female,0,Yes,Yes,64,Yes,Yes,DSL,No,No,No internet service,Month-to-month,Yes,Electronic check,113.53,7220.8,Yes
CUST-04401,Male,0,Yes,No,31,Yes,No phone service,DSL,Yes,No internet service,Yes,Month-to-month,Yes,Bank transfer,100.54,3099.42,No
CUST-04402,Female,0,Yes,Yes,10,Yes,Yes,No,No,Yes,Yes,Month-to-month,No,Credit card,39.62,390.55,Yes
CUST-04403,Male,0,No,No,36,Yes,Yes,DSL,No internet service,No internet service,Yes,Month-to-month,No,Credit card,85.54,3038.13,Yes
CUST-04404,Female,0,No,No,18,No,No,DSL,No,No,No internet service,One year,Yes,Bank transfer,33.8,610.11,No
CUST-04405,Male,0,No,Yes,50,No,Yes,Fiber optic,No internet service,No internet service,No internet service,One year,Yes,Bank transfer,76.92,3833.53,No
CUST-04406,Male,0,Yes,Yes,33,Yes,Yes,Fiber optic,No internet service,No internet service,Yes,Month-to-month,Yes,Electronic check,47.49,1560.87,Yes
CUST-04407,Female,0,Yes,No,70,No,Yes,Fiber optic,No,No,No,One year,Yes,Mailed check,28.74,2030.43,No
CUST-04408,Female,1,Yes,No,59,No,No,No,No,No internet service,No,Month-to-month,No,Credit card,79.52,4648.72,Yes
CUST-04409,Female,0,No,No,52,Yes,Yes,DSL,Yes,No,No,Month-to-month,Yes,Credit card,108.2,5672.58,Yes
CUST-04410,Female,0,No,No,11,Yes,No,Fiber optic,Yes,Yes,Yes,Month-to-month,No,Electronic check,32.35,358.09,Yes
CUST-04411,Female,1,No,No,61,Yes,Yes,Fiber optic,No internet service,No internet service,Yes,Month-to-month,Yes,Mailed check,109.7,6725.58,Yes
CUST-04412,Male,0,No,No,65,Yes,Yes,DSL,No,No internet service,No,One year,No,Electronic check,31.04,1999.45,No
CUST-04413,Female,0,No,Yes,47,Yes,No,Fiber optic,Yes,Yes,No internet service,Month-to-month,No,Mailed check,93.67,4383.84,Yes
CUST-04414,Female,0,Yes,No,39,Yes,Yes,Fiber optic,No internet service,No internet service,Yes,One year,Yes,Bank transfer,118.94,4679.04,No
CUST-04415,Male,0,No,No,23,Yes,No,Fiber optic,Yes,No,Yes,Month-to-month,No,Electronic check,27.56,595.63,Yes
CUST-04416,Male,0,No,No,49,Yes,No,DSL,No,Yes,Yes,Two year,Yes,Bank transfer,39.69,1905.19,No
CUST-04417,Female,1,No,No,67,Yes,No phone service,No,Yes,No,No,Month-to-month,Yes,Electronic check,65.28,4393.47,Yes
CUST-04418,Male,0,Yes,No,42,Yes,Yes,No,No,No internet service,Yes,Two year,Yes,Bank transfer,93.23,3912.26,No
CUST-04419,Male,0,No,Yes,16,Yes,No,DSL,No,No,No internet service,Month-to-month,Yes,Mailed check,109.59,1775.17,Yes
CUST-04420,Female,1,No,No,54,Yes,Yes,Fiber optic,No,No,No,One year,Yes,Mailed check,92.37,4981.27,No
CUST-04421,Male,0,No,No,33,Yes,No,Fiber optic,No internet service,No internet service,No,Month-to-month,No,Mailed check,96.66,3160.95,Yes
CUST-04422,Male,0,Yes,No,69,Yes,No phone service,DSL,No,No internet service,Yes,Month-to-month,Yes,Credit card,64.12,4445.8,Yes
CUST-04423,Female,0,Yes,Yes,59,Yes,No phone service,Fiber optic,Yes,Yes,Yes,One year,No,Mailed check,54.29,3157.02,No
CUST-04424,Female,0,No,No,50,Yes,Yes,DSL,No internet service,No,Yes,Month-to-month,Yes,Electronic check,69.79,3484.3,Yes
CUST-04425,Male,0,No,No,72,Yes,Yes,No,No,Yes,No internet service,Month-to-month,No,Mailed check,84.25,6061.87,No
CUST-04426,Male,0,No,No,34,Yes,No,Fiber optic,No,No,Yes,Two year,Yes,Credit card,69.24,2311.95,No
CUST-04427,Female,0,No,Yes,33,Yes,Yes,No,Yes,No internet service,Yes,Month-to-month,No,Bank transfer,98.61,3228.29,No
CUST-04428,Male,0,Yes,No,15,Yes,No,DSL,Yes,Yes,Yes,Month-to-month,Yes,Credit card,34.02,486.3,No
CUST-04429,Male,0,No,Yes,17,Yes,Yes,DSL,No,No,No,Two year,Yes,Credit card,58.41,1032.27,No
CUST-04430,Male,0,Yes,No,37,Yes,No,Fiber optic,No,No internet service,Yes,Two year,Yes,Bank transfer,24.78,918.12,No
CUST-04431,Female,0,No,No,42,Yes,No phone service,No,Yes,No,Yes,Month-to-month,Yes,Electronic check,86.49,3649.66,Yes
CUST-04432,Male,0,Yes,Yes,31,Yes,Yes,Fiber optic,Yes,Yes,No,Two year,Yes,Electronic check,95.22,2907.31,No
CUST-04433,Male,0,Yes,No,6,Yes,No,Fiber optic,Yes,No,No,Month-to-month,Yes,Mailed check,86.07,476.77,Yes
CUST-04434,Female,1,No,No,45,Yes,Yes,Fiber optic,Yes,No internet service,Yes,Two year,Yes,Credit card,115.43,5200.69,No
CUST-04435,Male,0,Yes,No,60,Yes,Yes,DSL,Yes,No,No,Month-to-month,Yes,Electronic check,113.08,6818.31,Yes
CUST-04436,Male,0,No,No,17,Yes,Yes,Fiber optic,No,No,Yes,One year,Yes,Mailed check,45.58,730.16,No
CUST-04437,Female,0,Yes,No,70,Yes,Yes,Fiber optic,No internet service,No,Yes,Month-to-month,Yes,Credit card,42.8,3044.35,Yes
CUST-04438,Female,0,Yes,No,39,Yes,Yes,DSL,No,No,No,One year,Yes,Credit card,20.58,841.16,No
CUST-04439,Female,0,No,No,49,Yes,No,DSL,No,No,No,Month-to-month,Yes,Electronic check,69.26,3431.05,Yes
CUST-04440,Female,0,No,No,4,Yes,No,Fiber optic,Yes,Yes,No internet service,Two year,Yes,Mailed check,105.83,374.19,Yes
CUST-04441,Male,1,Yes,No,53,Yes,Yes,Fiber optic,Yes,No,No internet service,One year,No,Bank transfer,34.07,1796.35,No
CUST-04442,Male,0,Yes,Yes,57,Yes,No,Fiber optic,No,No internet service,No,Two year,Yes,Credit card,78.52,4505.22,No
CUST-04443,Female,0,No,No,21,Yes,No,Fiber optic,No,No internet service,No,One year,No,Mailed check,91.48,1946.94,Yes
CUST-04444,Female,0,No,No,37,Yes,No,Fiber optic,No internet service,No,No,One year,Yes,Bank transfer,55.5,2038.06,No
CUST-04445,Male,0,No,No,48,Yes,No,Fiber optic,Yes,No,No,One year,Yes,Bank transfer,89.7,4343.36,Yes
CUST-04446,Female,0,Yes,No,0,Yes,Yes,Fiber optic,No,No,Yes,Month-to-month,Yes,Electronic check,103.41,13.61,Yes
CUST-04447,Male,0,No,No,35,Yes,No,Fiber optic,No,Yes,No,One year,Yes,Bank transfer,19.07,716.85,Yes
CUST-04448,Female,1,No,No,27,Yes,No,No,No internet service,No internet service,No internet service,Two year,No,Credit card,92.99,2494.2,No
CUST-04449,Male,0,Yes,No,34,Yes,Yes,Fiber optic,No,Yes,No,Two year,No,Credit card,79.18,2706.47,No
CUST-04450,Female,0,No,No,59,No,No,No,No internet service,Yes,Yes,Month-to-month,Yes,Mailed check,104.17,,No
CUST-04451,Female,0,No,Yes,61,Yes,Yes,Fiber optic,No,No,No,Month-to-month,Yes,Credit card,32.14,1975.3,No
CUST-04452,Male,0,No,No,45,Yes,No,DSL,No,No,No,One year,Yes,Electronic check,100.32,4490.38,Yes
CUST-04453,Female,0,No,No,60,Yes,Yes,DSL,No internet service,No,No,One year,No,Electronic check,32.4,1932.25,No
CUST-04454,Male,0,Yes,No,64,Yes,No,DSL,No,No,No,Month-to-month,No,Credit card,77.66,5013.46,Yes
CUST-04455,Male,0,No,No,25,Yes,No,DSL,No internet service,No,No,Month-to-month,No,Mailed check,45.63,1119.66,Yes
CUST-04456,Male,0,No,Yes,34,Yes,Yes,Fiber optic,Yes,Yes,No internet service,One year,Yes,Electronic check,42.48,1456.39,Yes
CUST-04457,Male,0,No,Yes,56,Yes,Yes,Fiber optic,Yes,No internet service,No,Month-to-month,No,Mailed check,68.87,3898.58,No
CUST-04458,Male,0,No,No,62,Yes,No phone service,Fiber optic,No,No internet service,No,One year,Yes,Credit card,95.25,5903.6,No
CUST-04459,Female,1,No,No,3,Yes,No,Fiber optic,No,No,No,Two year,No,Bank transfer,83.81,270.94,No
CUST-04460,Female,0,No,No,41,Yes,No,Fiber optic,No,No,No,One year,Yes,Electronic check,118.83,4896.83,Yes
CUST-04461,Male,0,Yes,No,44,Yes,No,DSL,Yes,No,No internet service,Two year,Yes,Bank transfer,30.14,1330.57,No
CUST-04462,Female,1,Yes,Yes,38,Yes,No,DSL,No,No,Yes,Month-to-month,No,Electronic check,91.62,3469.45,Yes
CUST-04463,Male,0,Yes,Yes,64,Yes,Yes,Fiber optic,Yes,No,No,Month-to-month,Yes,Credit card,23.66,1545.08,Yes
CUST-04464,Female,0,No,No,21,Yes,No,DSL,No internet service,Yes,No,Month-to-month,No,Mailed check,54.46,1149.07,Yes
CUST-04465,Female,0,No,No,10,Yes,Yes,DSL,No,No,No,Two year,Yes,Mailed check,53.04,492.01,No
CUST-04466,Female,1,No,No,36,Yes,Yes,DSL,Yes,No,No internet service,Month-to-month,No,Mailed check,44.13,1626.13,Yes
CUST-04467,Female,0,Yes,No,50,Yes,No,DSL,No,No internet service,Yes,Month-to-month,Yes,Credit card,72.31,3595.24,No
CUST-04468,Male,0,No,No,57,Yes,No phone service,DSL,No internet service,No,No,One year,No,Mailed check,42.85,2441.79,No
CUST-04469,Male,0,Yes,Yes,6,Yes,Yes,Fiber optic,No,No,No internet service,Month-to-month,No,Electronic check,55.49,304.32,Yes
CUST-04470,Female,0,No,No,7,Yes,No,DSL,No,No,Yes,One year,Yes,Bank transfer,105.67,738.96,Yes
CUST-04471,Female,0,No,No,50,Yes,No,DSL,No,Yes,Yes,Month-to-month,Yes,Credit card,51.02,2513.93,No
CUST-04472,Male,0,Yes,Yes,22,Yes,Yes,No,No internet service,No,Yes,Month-to-month,Yes,Bank transfer,118.57,2615.17,Yes
CUST-04473,Female,0,Yes,No,8,Yes,No phone service,DSL,No,No,No internet service,One year,No,Electronic check,46.16,371.56,No
CUST-04474,Male,0,Yes,No,45,Yes,No,Fiber optic,Yes,No,Yes,Month-to-month,No,Electronic check,110.11,4986.79,No
CUST-04475,Male,0,Yes,No,37,Yes,No,DSL,No,No,Yes,One year,Yes,Bank transfer,61.99,2299.62,Yes
CUST-04476,Male,0,Yes,No,12,Yes,Yes,No,No,No internet service,Yes,Two year,Yes,Bank transfer,110.57,1317.71,No
CUST-04477,Female,0,Yes,No,6,Yes,Yes,Fiber optic,Yes,No,No,Month-to-month,No,Electronic check,61.53,365.81,Yes
CUST-04478,Male,0,No,Yes,10,Yes,No,Fiber optic,No,No internet service,No,Two year,Yes,Electronic check,96.58,976.27,No
CUST-04479,Female,0,Yes,Yes,49,Yes,No,DSL,No,No,Yes,Two year,Yes,Electronic check,58.8,2915.16,No
CUST-04480,Male,0,No,Yes,66,Yes,No,DSL,No,No internet service,No internet service,Month-to-month,No,Electronic check,81.33,5321.95,No
CUST-04481,Female,0,No,No,40,Yes,Yes,Fiber optic,No internet service,No,Yes,Month-to-month,Yes,Electronic check,23.25,972.66,No
CUST-04482,Female,1,No,Yes,28,Yes,No,Fiber optic,No,Yes,Yes,Two year,Yes,Bank transfer,79.1,2173.19,No
CUST-04483,Female,0,No,No,36,Yes,No,DSL,No,Yes,No,Month-to-month,No,Bank transfer,50.23,1792.75,No
CUST-04484,Male,1,No,Yes,55,Yes,No,No,Yes,No,No,Month-to-month,Yes,Credit card,119.62,6562.72,Yes
CUST-04485,Male,0,Yes,No,15,Yes,Yes,Fiber optic,No internet service,Yes,No,Month-to-month,No,Mailed check,100.68,1513.37,Yes
CUST-04486,Female,0,Yes,Yes,43,Yes,No,Fiber optic,Yes,No,No internet service,Two year,Yes,Mailed check,26.12,1108.63,Yes
CUST-04487,Female,0,Yes,No,49,Yes,No,No,No internet service,No,No,Month-to-month,Yes,Bank transfer,38.22,1844.71,Yes
CUST-04488,Female,0,No,Yes,70,Yes,No,No,No,No,No internet service,Month-to-month,Yes,Bank transfer,80.84,5633.14,No
CUST-04489,Male,0,Yes,No,5,Yes,Yes,Fiber optic,No,No,Yes,Month-to-month,Yes,Mailed check,48.64,291.73,Yes
CUST-04490,Male,1,No,No,17,Yes,No,No,No,No,No internet service,Month-to-month,Yes,Mailed check,39.72,708.9,No
CUST-04491,Male,0,No,No,18,Yes,No,No,No internet service,No internet service,Yes,Month-to-month,No,Mailed check,54.28,1007.59,No
CUST-04492,Male,0,No,Yes,50,Yes,Yes,No,No internet service,No internet service,Yes,Month-to-month,Yes,Credit card,28.83,1433.43,No
CUST-04493,Female,0,No,Yes,65,Yes,Yes,Fiber optic,No internet service,Yes,Yes,One year,Yes,Electronic check,74.56,4890.02,Yes
CUST-04494,Female,1,Yes,No,2,Yes,Yes,Fiber optic,No,No internet service,Yes,Month-to-month,Yes,Mailed check,46.87,50.01,No
CUST-04495,Male,0,Yes,No,53,Yes,Yes,DSL,Yes,No,No internet service,Month-to-month,Yes,Electronic check,106.44,5603.85,Yes
CUST-04496,Male,0,Yes,No,48,Yes,No,No,No,No,No,Two year,Yes,Credit card,21.34,998.99,No
CUST-04497,Female,1,Yes,No,27,Yes,Yes,DSL,Yes,No internet service,Yes,Month-to-month,No,Electronic check,53.8,1466.77,Yes
CUST-04498,Male,0,Yes,No,37,Yes,Yes,Fiber optic,No,No,Yes,One year,No,Mailed check,74.06,2706.91,Yes
CUST-04499,Male,0,No,No,27,Yes,No,DSL,No,No internet service,No internet service,Month-to-month,Yes,Bank transfer,41.99,1117.33,Yes
CUST-04500,Male,0,Yes,No,31,Yes,No,Fiber optic,No,No internet service,No,One year,Yes,Credit card,23.85,707.07,Yes
CUST-04501,Male,0,No,No,40,Yes,Yes,Fiber optic,Yes,No internet service,No,Month-to-month,No,Mailed check,25.39,1045.57,No
CUST-04502,Male,0,No,Yes,35,No,No,DSL,No internet service,No,No internet service,Two year,Yes,Mailed check,34.25,1239.67,No
CUST-04503,Male,0,No,No,35,No,Yes,Fiber optic,No internet service,No internet service,No internet service,Two year,Yes,Mailed check,45.73,1635.59,No
CUST-04504,Female,0,Yes,Yes,65,Yes,Yes,Fiber optic,No,Yes,No,Month-to-month,Yes,Mailed check,89.98,5801.43,Yes
CUST-04505,Male,0,No,No,9,Yes,No,DSL,No internet service,No,No,Month-to-month,Yes,Credit card,66.41,,Yes
CUST-04506,Male,0,No,No,69,Yes,No,No,No,No,Yes,Two year,No,Mailed check,21.36,1487.6,No
CUST-04507,Female,0,Yes,No,71,No,No,Fiber optic,Yes,No internet service,No,Month-to-month,No,Electronic check,33.81,2350.58,Yes
CUST-04508,Female,0,No,No,62,Yes,No,DSL,No internet service,Yes,No internet service,Month-to-month,Yes,Mailed check,55.53,3467.5,No
CUST-04509,Female,0,No,No,21,Yes,No phone service,No,Yes,No internet service,No internet service,One year,Yes,Credit card,60.82,1314.1,Yes
CUST-04510,Male,0,No,No,19,Yes,No phone service,Fiber optic,Yes,No internet service,No,Month-to-month,Yes,Bank transfer,24.44,422.12,Yes
CUST-04511,Female,0,Yes,No,32,Yes,No,Fiber optic,Yes,No internet service,No,Month-to-month,No,Bank transfer,30.35,964.32,Yes
CUST-04512,Male,0,No,Yes,14,Yes,No,Fiber optic,No,Yes,No,Month-to-month,Yes,Electronic check,44.74,606.64,Yes
CUST-04513,Male,0,No,Yes,6,Yes,No,Fiber optic,No,No internet service,No internet service,Month-to-month,Yes,Electronic check,103.34,664.73,Yes
CUST-04514,Male,0,Yes,No,49,No,Yes,Fiber optic,Yes,No,Yes,Month-to-month,Yes,Mailed check,39.34,1910.13,Yes
CUST-04515,Female,1,Yes,Yes,9,Yes,Yes,DSL,No internet service,Yes,No,Month-to-month,Yes,Mailed check,41.13,378.26,Yes
CUST-04516,Female,0,No,No,36,Yes,Yes,Fiber optic,No internet service,No internet service,Yes,Month-to-month,No,Electronic check,68.44,2414.75,Yes
CUST-04517,Female,0,Yes,No,58,Yes,No phone service,DSL,Yes,Yes,No internet service,Month-to-month,No,Bank transfer,108.93,6351.6,Yes
CUST-04518,Female,0,Yes,No,62,Yes,No,Fiber optic,No,No,Yes,Month-to-month,No,Credit card,71.88,4409.49,Yes
CUST-04519,Female,0,Yes,No,20,Yes,No,Fiber optic,No internet service,Yes,No internet service,Month-to-month,No,Mailed check,26.09,528.72,Yes
CUST-04520,Male,0,Yes,No,36,Yes,Yes,Fiber optic,No,No,Yes,Month-to-month,No,Credit card,37.02,1356.79,Yes
CUST-04521,Male,0,Yes,No,44,No,No,Fiber optic,Yes,No,Yes,Month-to-month,No,Bank transfer,105.29,4622.42,Yes
CUST-04522,Male,1,Yes,No,13,Yes,Yes,DSL,Yes,No internet service,Yes,Month-to-month,No,Electronic check,107.43,1349.76,Yes
CUST-04523,Male,0,Yes,Yes,42,Yes,No,DSL,No internet service,No internet service,No internet service,One year,Yes,Bank transfer,99.14,4203.95,No
CUST-04524,Female,0,No,No,32,Yes,No,DSL,No,No,No,Month-to-month,Yes,Credit card,73.27,2331.25,No
CUST-04525,Female,0,Yes,No,2,Yes,No,No,No,No,Yes,Month-to-month,Yes,Bank transfer,62.79,122.2,Yes
CUST-04526,Male,0,Yes,No,43,Yes,Yes,No,No,Yes,Yes,Month-to-month,Yes,Bank transfer,45.36,1981.79,Yes
CUST-04527,Female,1,Yes,No,34,Yes,Yes,No,No,No,Yes,Two year,No,Mailed check,73.88,2527.99,No
CUST-04528,Female,0,No,No,24,Yes,Yes,DSL,Yes,No internet service,Yes,Month-to-month,No,Electronic check,87.65,2086.14,Yes
CUST-04529,Male,0,Yes,No,7,Yes,Yes,Fiber optic,Yes,Yes,No,One year,No,Credit card,79.12,557.9,Yes
CUST-04530,Male,0,Yes,No,61,Yes,No,Fiber optic,Yes,Yes,No,Month-to-month,Yes,Credit card,41.01,2461.01,Yes
CUST-04531,Female,0,No,No,17,Yes,Yes,Fiber optic,Yes,No internet service,No,Month-to-month,No,Mailed check,110.12,1870.16,Yes
CUST-04532,Female,0,Yes,Yes,27,Yes,No,Fiber optic,Yes,No,Yes,Month-to-month,Yes,Bank transfer,57.82,1553.97,No
CUST-04533,Male,0,No,No,11,Yes,No,Fiber optic,No,No,No internet service,One year,Yes,Credit card,108.26,1216.85,Yes
CUST-04534,Male,0,No,No,63,Yes,No,Fiber optic,Yes,No internet service,No,Month-to-month,No,Mailed check,58.54,3718.02,Yes
CUST-04535,Male,0,Yes,Yes,1,Yes,Yes,No,No,Yes,No,One year,Yes,Credit card,21.92,59.15,Yes
CUST-04536,Female,0,No,No,58,Yes,No phone service,DSL,Yes,No internet service,No,Two year,No,Mailed check,93.27,5445.38,No
CUST-04537,Male,0,Yes,Yes,36,Yes,Yes,No,No,No,Yes,Month-to-month,No,Mailed check,111.85,4076.43,Yes
CUST-04538,Male,0,Yes,No,3,Yes,No,Fiber optic,No,No,Yes,Two year,Yes,Electronic check,43.99,152.72,No
CUST-04539,Female,0,No,No,40,Yes,Yes,Fiber optic,Yes,No,Yes,Month-to-month,Yes,Electronic check,73.33,2945.27,Yes
CUST-04540,Female,0,No,No,44,Yes,No,Fiber optic,No,Yes,No,Month-to-month,No,Bank transfer,100.38,4381.44,No
CUST-04541,Female,0,Yes,No,33,Yes,Yes,Fiber optic,No,No,Yes,Two year,Yes,Mailed check,50.75,1671.57,No
CUST-04542,Female,0,Yes,Yes,12,Yes,No,DSL,No,Yes,No,One year,No,Credit card,47.19,559.33,No
CUST-04543,Female,0,No,Yes,6,Yes,No,Fiber optic,Yes,Yes,No,Month-to-month,Yes,Bank transfer,59.93,383.04,Yes
CUST-04544,Male,1,Yes,No,31,Yes,Yes,DSL,No,No,No,Month-to-month,Yes,Mailed check,74.16,2276.43,No
CUST-04545,Male,0,Yes,No,22,Yes,Yes,No,Yes,No,No,Month-to-month,Yes,Bank transfer,74.36,1673.0,No
CUST-04546,Female,0,Yes,No,48,Yes,No phone service,DSL,No,No,Yes,Month-to-month,Yes,Credit card,67.61,3217.26,Yes
CUST-04547,Female,0,No,No,71,Yes,Yes,DSL,Yes,No,No internet service,Month-to-month,Yes,Credit card,101.67,7216.93,Yes
CUST-04548,Female,0,Yes,No,46,Yes,No,No,No,No,No,Month-to-month,Yes,Electronic check,33.6,1590.03,No
CUST-04549,Female,0,Yes,No,36,Yes,No,DSL,No,No,No,Month-to-month,No,Bank transfer,26.69,945.24,Yes
CUST-04550,Female,1,Yes,No,47,Yes,Yes,DSL,No internet service,No internet service,No,Month-to-month,No,Electronic check,35.19,1676.73,Yes
CUST-04551,Male,0,No,Yes,28,Yes,Yes,No,No internet service,Yes,No,One year,Yes,Mailed check,89.81,2498.24,Yes
CUST-04552,Male,1,No,No,36,Yes,Yes,DSL,No,No,No,Month-to-month,Yes,Mailed check,32.81,1182.6,Yes
CUST-04553,Male,0,No,No,22,Yes,No,DSL,No internet service,No,No,Month-to-month,Yes,Credit card,50.93,1148.02,No
CUST-04554,Male,0,Yes,Yes,37,Yes,No,DSL,No,No,No internet service,Month-to-month,Yes,Mailed check,107.73,4017.47,Yes
CUST-04555,Female,0,No,No,43,Yes,No,No,No,No,No,Month-to-month,Yes,Bank transfer,32.3,1423.15,No
CUST-04556,Male,0,Yes,No,4,Yes,No,DSL,No internet service,No internet service,No internet service,Two year,Yes,Credit card,71.87,247.43,No
CUST-04557,Female,0,No,No,51,Yes,No,Fiber optic,No,No,No,Month-to-month,Yes,Credit card,69.62,3586.11,No
CUST-04558,Female,1,Yes,No,39,Yes,Yes,Fiber optic,No,No,No,Two year,No,Bank transfer,21.47,801.97,No
CUST-04559,Female,1,No,Yes,10,Yes,No,DSL,Yes,No,Yes,One year,No,Bank transfer,29.77,274.98,No
CUST-04560,Male,1,Yes,No,1,No,Yes,DSL,No,No,No,Two year,No,Electronic check,114.94,162.05,Yes
CUST-04561,Female,0,Yes,Yes,34,Yes,Yes,No,Yes,No,Yes,One year,Yes,Mailed check,116.02,3909.1,Yes
CUST-04562,Male,0,No,No,44,Yes,No,Fiber optic,Yes,Yes,No,Two year,No,Credit card,107.22,4692.79,Yes
CUST-04563,Male,0,Yes,No,48,Yes,No,DSL,No internet service,No,Yes,Month-to-month,Yes,Mailed check,62.05,2961.98,Yes
CUST-04564,Female,0,No,No,34,Yes,Yes,DSL,Yes,No,No,Two year,Yes,Electronic check,78.48,2698.94,No
CUST-04565,Female,0,No,Yes,71,Yes,No,Fiber optic,No,No,Yes,Month-to-month,Yes,Electronic check,102.06,7228.35,No
CUST-04566,Female,0,Yes,No,31,Yes,No,Fiber optic,No internet service,No,No internet service,Month-to-month,Yes,Credit card,86.97,2728.67,Yes
CUST-04567,Male,0,Yes,No,67,Yes,No,DSL,No,No internet service,Yes,Month-to-month,Yes,Mailed check,109.3,7293.66,No
CUST-04568,Female,0,No,No,70,Yes,Yes,DSL,No,No,No internet service,Month-to-month,Yes,Mailed check,50.21,3524.8,No
CUST-04569,Male,0,No,No,38,Yes,Yes,No,No,No,No,One year,No,Credit card,81.66,3149.05,Yes
CUST-04570,Female,0,No,Yes,47,No,No,Fiber optic,Yes,No,No internet service,One year,No,Credit card,75.84,3518.58,No
CUST-04571,Female,0,Yes,No,36,Yes,No,DSL,No internet service,No,Yes,Month-to-month,No,Electronic check,118.43,4304.34,No
CUST-04572,Male,0,No,No,59,Yes,No,DSL,Yes,Yes,No,Month-to-month,Yes,Credit card,107.56,6312.52,No
CUST-04573,Male,0,Yes,No,3,Yes,No,Fiber optic,No internet service,Yes,No,Month-to-month,Yes,Electronic check,34.85,112.65,No
CUST-04574,Male,0,Yes,No,22,Yes,No phone service,DSL,Yes,No,Yes,Month-to-month,Yes,Mailed check,24.01,483.1,No
CUST-04575,Male,0,No,No,13,Yes,No,DSL,Yes,No internet service,No,Month-to-month,Yes,Mailed check,63.53,833.02,No
CUST-04576,Male,0,No,No,4,Yes,No,Fiber optic,Yes,No,Yes,Month-to-month,Yes,Electronic check,73.64,306.06,No
CUST-04577,Male,0,Yes,No,65,Yes,No,Fiber optic,Yes,No,No,One year,Yes,Mailed check,98.57,6437.82,Yes
CUST-04578,Female,0,Yes,Yes,23,Yes,No,Fiber optic,No,Yes,Yes,Month-to-month,Yes,Credit card,34.29,780.28,Yes
CUST-04579,Female,0,Yes,Yes,17,Yes,Yes,Fiber optic,No,No,Yes,Month-to-month,Yes,Electronic check,111.83,1942.68,Yes
CUST-04580,Male,0,Yes,No,26,Yes,No,No,No internet service,No internet service,Yes,Two year,No,Mailed check,76.3,1970.84,No
CUST-04581,Female,0,No,Yes,23,Yes,No,DSL,Yes,Yes,No internet service,Month-to-month,No,Bank transfer,103.96,2350.24,No
CUST-04582,Male,0,Yes,No,28,No,Yes,DSL,No,No internet service,No,One year,No,Bank transfer,103.32,2881.64,No
CUST-04583,Female,0,No,No,10,Yes,No,DSL,Yes,Yes,No internet service,Month-to-month,Yes,Mailed check,115.09,1131.53,Yes
CUST-04584,Female,0,No,No,17,Yes,Yes,No,No,No internet service,No internet service,One year,Yes,Credit card,85.19,1442.87,No
CUST-04585,Male,0,No,No,3,Yes,Yes,Fiber optic,No,No,Yes,Month-to-month,Yes,Electronic check,97.95,263.81,Yes
CUST-04586,Male,0,Yes,No,32,Yes,No phone service,DSL,No,Yes,Yes,One year,Yes,Bank transfer,101.69,3241.11,No
CUST-04587,Male,0,Yes,Yes,41,Yes,Yes,DSL,No,Yes,No internet service,One year,Yes,Credit card,65.75,2734.37,No
CUST-04588,Female,0,No,No,31,No,No,Fiber optic,No,No,No,Month-to-month,Yes,Electronic check,62.09,1940.04,Yes
CUST-04589,Male,0,No,Yes,50,Yes,Yes,DSL,No,No,No internet service,Month-to-month,Yes,Bank transfer,114.55,5697.31,No
CUST-04590,Female,0,No,No,3,Yes,No,Fiber optic,No,No,No,Month-to-month,No,Bank transfer,24.83,29.78,Yes
CUST-04591,Male,1,No,No,19,Yes,Yes,No,Yes,No,No,Two year,Yes,Bank transfer,115.2,2160.47,No
CUST-04592,Female,0,Yes,No,66,Yes,No,DSL,No,No,Yes,Month-to-month,No,Mailed check,77.01,5073.58,No
CUST-04593,Female,0,No,No,67,Yes,No,DSL,No internet service,No internet service,Yes,One year,Yes,Mailed check,48.06,3206.73,No
CUST-04594,Male,0,Yes,No,61,Yes,Yes,DSL,Yes,No internet service,No,Month-to-month,Yes,Credit card,74.83,4599.48,No
CUST-04595,Female,0,Yes,No,57,Yes,Yes,DSL,No,No,Yes,Month-to-month,Yes,Electronic check,83.05,4742.45,No
CUST-04596,Female,0,Yes,No,46,Yes,No,Fiber optic,No,No,Yes,One year,Yes,Mailed check,29.3,1382.05,No
CUST-04597,Male,0,Yes,No,58,Yes,Yes,DSL,No,Yes,Yes,One year,No,Electronic check,86.33,5057.03,No
CUST-04598,Female,0,No,No,5,Yes,Yes,Fiber optic,No internet service,No,No,One year,Yes,Bank transfer,110.06,529.33,No
CUST-04599,Male,1,Yes,No,39,Yes,Yes,Fiber optic,No internet service,No internet service,No,Two year,Yes,Mailed check,117.07,4563.48,No
CUST-04600,Male,0,No,Yes,22,Yes,No,No,Yes,No,No internet service,Two year,No,Bank transfer,79.18,1762.52,No
CUST-04601,Male,0,Yes,Yes,51,Yes,No,Fiber optic,No internet service,No,No internet service,Two year,Yes,Electronic check,51.36,2620.54,No
CUST-04602,Male,1,No,Yes,3,Yes,No,DSL,No,No internet service,No internet service,Month-to-month,No,Mailed check,75.47,209.09,Yes
CUST-04603,Female,0,No,Yes,36,Yes,No,DSL,No,Yes,No,Month-to-month,Yes,Mailed check,18.29,690.06,Yes
CUST-04604,Female,0,No,No,41,Yes,Yes,Fiber optic,No,No internet service,No,Month-to-month,Yes,Bank transfer,111.76,4621.4,No
CUST-04605,Female,0,No,No,43,Yes,No,DSL,No internet service,Yes,No internet service,One year,No,Credit card,98.03,4193.11,Yes
CUST-04606,Male,0,No,No,41,Yes,Yes,DSL,No,Yes,Yes,Month-to-month,No,Mailed check,34.98,1412.33,No
CUST-04607,Female,0,Yes,No,28,Yes,No phone service,No,No internet service,No,Yes,Two year,Yes,Electronic check,80.16,2251.22,No
CUST-04608,Female,1,No,No,18,Yes,Yes,DSL,No,No internet service,Yes,Month-to-month,No,Mailed check,20.1,393.44,No
CUST-04609,Male,0,Yes,No,31,Yes,No phone service,DSL,No,No internet service,No internet service,Month-to-month,No,Bank transfer,40.04,1243.23,No
CUST-04610,Male,0,No,No,43,Yes,No,No,No,No,Yes,One year,No,Electronic check,35.34,1475.62,No
CUST-04611,Female,1,Yes,No,54,No,Yes,DSL,No,No,No,Month-to-month,No,Mailed check,33.93,1811.72,No
CUST-04612,Male,0,Yes,No,4,Yes,No phone service,DSL,No,No,No internet service,Month-to-month,Yes,Bank transfer,74.31,297.52,Yes
CUST-04613,Male,0,Yes,No,45,No,Yes,DSL,No,No,Yes,One year,No,Bank transfer,116.37,5260.32,No
CUST-04614,Male,0,No,No,44,Yes,No,Fiber optic,No,No internet service,No internet service,Month-to-month,No,Credit card,31.29,1404.25,Yes
CUST-04615,Male,1,Yes,No,20,Yes,No,No,No internet service,No internet service,Yes,One year,No,Bank transfer,107.03,2165.83,Yes
CUST-04616,Female,0,No,Yes,21,Yes,Yes,Fiber optic,No,No internet service,No,Month-to-month,Yes,Bank transfer,26.39,513.67,Yes
CUST-04617,Male,0,No,No,29,Yes,Yes,DSL,Yes,No,No,One year,Yes,Credit card,26.45,778.65,No
CUST-04618,Male,0,Yes,No,22,Yes,No,DSL,No,No,Yes,One year,No,Credit card,82.06,1797.86,No
CUST-04619,Male,0,Yes,No,4,Yes,No,Fiber optic,No,Yes,Yes,One year,Yes,Credit card,76.6,287.75,Yes
CUST-04620,Male,1,No,No,62,Yes,No,Fiber optic,Yes,No,Yes,Two year,No,Credit card,53.11,3325.58,No
CUST-04621,Male,0,No,No,58,Yes,No,Fiber optic,No,No,No,Month-to-month,Yes,Bank transfer,72.41,4185.62,Yes
CUST-04622,Male,0,No,No,51,Yes,Yes,Fiber optic,No internet service,Yes,Yes,One year,No,Electronic check,95.0,4813.25,No
CUST-04623,Male,1,No,No,64,Yes,No,No,No,No,No,Month-to-month,No,Bank transfer,96.88,6219.89,Yes
CUST-04624,Male,0,No,No,38,Yes,No phone service,DSL,No internet service,No,No internet service,Two year,No,Bank transfer,19.22,693.91,No
CUST-04625,Female,0,No,No,2,Yes,Yes,DSL,No internet service,No,Yes,Two year,Yes,Mailed check,25.96,31.31,Yes
CUST-04626,Male,0,Yes,No,41,Yes,Yes,No,Yes,Yes,No,One year,No,Electronic check,18.35,746.79,No
CUST-04627,Female,0,No,Yes,70,Yes,No,DSL,No internet service,No,Yes,Month-to-month,Yes,Bank transfer,19.6,1336.17,No
CUST-04628,Male,0,No,No,26,Yes,No,DSL,No,No,No internet service,Month-to-month,Yes,Mailed check,103.64,2673.37,No
CUST-04629,Male,1,Yes,Yes,27,Yes,Yes,Fiber optic,No internet service,No internet service,Yes,Month-to-month,No,Electronic check,26.52,730.2,No
CUST-04630,Male,0,Yes,No,53,Yes,No,Fiber optic,Yes,Yes,No,Month-to-month,Yes,Electronic check,90.52,4803.3,Yes
CUST-04631,Male,0,Yes,No,14,Yes,No phone service,DSL,Yes,No,No internet service,Month-to-month,Yes,Bank transfer,117.96,1685.87,Yes
CUST-04632,Female,0,No,Yes,52,Yes,Yes,No,Yes,Yes,No internet service,Month-to-month,No,Electronic check,101.73,5254.05,Yes
CUST-04633,Male,0,Yes,No,71,Yes,No,DSL,Yes,Yes,No,Month-to-month,Yes,Mailed check,24.77,1795.06,No
CUST-04634,Male,0,Yes,No,69,Yes,Yes,Fiber optic,No,Yes,Yes,Two year,No,Electronic check,109.18,7490.98,Yes
CUST-04635,Female,0,No,Yes,3,Yes,Yes,DSL,Yes,No,No,Two year,Yes,Bank transfer,115.73,371.53,Yes
CUST-04636,Female,1,No,Yes,16,Yes,No,No,No,No internet service,No,Two year,Yes,Credit card,90.05,1411.49,No
CUST-04637,Male,0,No,No,33,Yes,No,DSL,No,No internet service,Yes,Month-to-month,No,Bank transfer,80.86,2708.69,Yes
CUST-04638,Female,0,No,No,5,Yes,No,Fiber optic,Yes,No,No internet service,Month-to-month,Yes,Credit card,79.38,351.06,Yes
CUST-04639,Female,0,Yes,No,35,Yes,No phone service,DSL,No,No,No internet service,Month-to-month,Yes,Mailed check,101.67,3566.47,Yes
CUST-04640,Female,1,No,No,38,Yes,Yes,Fiber optic,Yes,Yes,No,One year,No,Electronic check,74.45,2780.38,Yes
CUST-04641,Male,0,Yes,No,65,Yes,No,Fiber optic,Yes,No,No,Two year,Yes,Mailed check,52.05,3406.85,No
CUST-04642,Male,0,No,No,7,Yes,No,DSL,No,Yes,Yes,One year,Yes,Electronic check,116.98,772.23,No
CUST-04643,Male,0,Yes,No,14,Yes,Yes,DSL,Yes,Yes,Yes,Month-to-month,No,Electronic check,22.94,343.88,Yes
CUST-04644,Female,1,No,No,62,Yes,No,Fiber optic,No,Yes,No,One year,No,Electronic check,85.87,5354.79,Yes
CUST-04645,Male,0,No,No,64,No,No,DSL,Yes,No,Yes,Month-to-month,No,Credit card,77.73,5014.27,Yes
CUST-04646,Female,0,No,No,58,Yes,No,No,No internet service,Yes,No internet service,Month-to-month,Yes,Electronic check,83.19,4810.96,Yes
CUST-04647,Male,0,Yes,No,9,Yes,Yes,DSL,No internet service,No,No internet service,Month-to-month,Yes,Credit card,83.51,755.84,Yes
CUST-04648,Male,0,Yes,No,6,Yes,No,Fiber optic,Yes,Yes,No,Month-to-month,Yes,Bank transfer,30.6,206.95,Yes
CUST-04649,Female,0,Yes,No,11,Yes,No phone service,No,No,No internet service,No internet service,Two year,Yes,Credit card,31.62,379.89,No
CUST-04650,Male,0,No,Yes,45,Yes,Yes,Fiber optic,No,Yes,Yes,Two year,Yes,Bank transfer,24.87,1147.43,No
CUST-04651,Female,0,Yes,No,31,No,No,DSL,Yes,Yes,No internet service,Month-to-month,No,Credit card,113.72,3560.1,Yes
CUST-04652,Female,1,No,No,31,Yes,No,DSL,No,No,Yes,Month-to-month,Yes,Mailed check,80.21,2526.27,Yes
CUST-04653,Male,1,No,No,60,Yes,Yes,No,No internet service,No internet service,No,Month-to-month,No,Electronic check,25.87,1567.23,No
CUST-04654,Female,0,No,No,68,Yes,No,Fiber optic,Yes,No internet service,No,Two year,No,Mailed check,62.23,4199.04,No
CUST-04655,Male,0,Yes,No,60,Yes,Yes,Fiber optic,No,No,No,Month-to-month,Yes,Mailed check,54.65,3312.35,Yes
CUST-04656,Male,0,No,No,45,No,No,DSL,No internet service,Yes,No,Two year,Yes,Credit card,33.12,1486.73,No
CUST-04657,Female,0,Yes,No,67,Yes,No,DSL,No,Yes,Yes,Month-to-month,No,Credit card,101.85,6779.01,Yes
CUST-04658,Male,0,No,Yes,54,Yes,Yes,Fiber optic,No internet service,No internet service,No,Two year,Yes,Bank transfer,97.11,5256.55,No
CUST-04659,Female,0,No,No,0,Yes,Yes,No,No internet service,No internet service,Yes,Two year,No,Mailed check,65.34,22.75,No
CUST-04660,Male,0,No,No,66,Yes,No,DSL,No,No,No,Two year,Yes,Mailed check,71.29,4700.93,No
CUST-04661,Male,0,Yes,No,48,Yes,Yes,Fiber optic,No,No,No,Two year,Yes,Credit card,62.52,3001.63,No
CUST-04662,Male,0,Yes,No,24,Yes,No,DSL,No,No,Yes,Month-to-month,No,Mailed check,74.2,1785.8,No
CUST-04663,Male,0,No,No,15,Yes,Yes,No,No internet service,No,Yes,One year,Yes,Electronic check,92.72,1366.05,Yes
CUST-04664,Male,0,Yes,Yes,12,Yes,Yes,Fiber optic,No,No,Yes,One year,No,Electronic check,107.35,1275.6,No
CUST-04665,Female,0,Yes,No,51,Yes,Yes,Fiber optic,Yes,Yes,No,Two year,No,Credit card,78.42,4030.11,No
CUST-04666,Female,1,No,Yes,35,Yes,Yes,No,No internet service,Yes,No,Month-to-month,Yes,Mailed check,30.83,1032.04,No
CUST-04667,Female,0,No,No,71,Yes,No,Fiber optic,No internet service,No,No internet service,Month-to-month,No,Mailed check,96.75,6874.94,Yes
CUST-04668,Female,0,Yes,No,43,Yes,No,No,No,No internet service,No,One year,No,Electronic check,55.97,2359.89,Yes
CUST-04669,Female,0,No,No,46,Yes,No,DSL,No,No,Yes,Month-to-month,No,Credit card,82.25,3753.66,Yes
CUST-04670,Female,0,No,No,19,Yes,No,No,No,No,No internet service,Two year,Yes,Electronic check,38.26,714.23,Yes
CUST-04671,Male,1,Yes,No,17,Yes,No,No,Yes,No internet service,No internet service,Month-to-month,Yes,Mailed check,34.67,558.03,No
CUST-04672,Male,0,Yes,Yes,53,Yes,Yes,DSL,No,No,Yes,Month-to-month,Yes,Credit card,23.37,1273.46,No
CUST-04673,Female,0,No,No,11,Yes,Yes,Fiber optic,Yes,Yes,No internet service,One year,Yes,Mailed check,50.07,587.79,Yes
CUST-04674,Female,0,Yes,Yes,24,Yes,Yes,No,No,Yes,No,Two year,Yes,Credit card,78.91,1859.14,No
CUST-04675,Male,0,Yes,Yes,59,Yes,No,DSL,No,No internet service,No,One year,No,Electronic check,50.52,3019.91,No
CUST-04676,Male,1,No,Yes,33,Yes,No,Fiber optic,Yes,No,No,Two year,No,Electronic check,42.57,1377.81,No
CUST-04677,Male,0,No,No,12,Yes,No,Fiber optic,Yes,No internet service,No,Month-to-month,Yes,Credit card,119.48,1384.97,Yes
CUST-04678,Female,0,No,No,37,Yes,No,DSL,Yes,No,No internet service,Month-to-month,No,Credit card,119.88,4459.24,Yes
CUST-04679,Female,0,No,No,11,Yes,Yes,Fiber optic,No,No,Yes,Month-to-month,No,Electronic check,79.7,878.52,Yes
CUST-04680,Female,0,Yes,No,35,Yes,No,Fiber optic,Yes,Yes,Yes,Month-to-month,Yes,Electronic check,51.01,1785.19,No
CUST-04681,Male,0,Yes,Yes,27,Yes,No,DSL,Yes,No internet service,No,Month-to-month,Yes,Mailed check,105.89,2809.3,Yes
CUST-04682,Male,0,No,No,38,Yes,Yes,Fiber optic,No internet service,Yes,Yes,Month-to-month,No,Credit card,93.15,3587.55,Yes
CUST-04683,Female,0,No,Yes,42,Yes,No,Fiber optic,No,No internet service,No,Month-to-month,Yes,Credit card,80.83,3428.12,Yes
CUST-04684,Female,0,No,No,30,No,No,No,No,Yes,No internet service,Two year,Yes,Credit card,110.64,3365.94,No
CUST-04685,Male,1,No,Yes,1,Yes,No,Fiber optic,No,Yes,No,One year,No,Electronic check,63.42,37.79,Yes
CUST-04686,Male,0,Yes,No,41,Yes,No phone service,Fiber optic,No,Yes,No internet service,Month-to-month,No,Electronic check,44.06,1816.83,Yes
CUST-04687,Male,0,Yes,No,30,Yes,No,Fiber optic,Yes,No internet service,No,Month-to-month,Yes,Electronic check,116.64,3523.87,Yes
CUST-04688,Male,0,No,No,60,Yes,No,Fiber optic,No,Yes,Yes,Month-to-month,No,Bank transfer,105.74,6374.73,Yes
CUST-04689,Female,0,No,No,55,Yes,No,No,No,No,No internet service,Month-to-month,Yes,Bank transfer,111.03,6134.82,Yes
CUST-04690,Male,0,Yes,No,13,No,Yes,Fiber optic,No,Yes,Yes,Month-to-month,No,Electronic check,111.66,1458.81,No
CUST-04691,Male,0,Yes,Yes,13,Yes,Yes,Fiber optic,No,Yes,No internet service,Month-to-month,Yes,Credit card,57.03,694.55,Yes
CUST-04692,Male,0,Yes,No,28,Yes,Yes,Fiber optic,No,No,No,Month-to-month,Yes,Credit card,105.8,3011.8,Yes
CUST-04693,Female,0,Yes,No,49,Yes,Yes,No,Yes,No internet service,No internet service,Two year,No,Credit card,108.71,5288.28,Yes
CUST-04694,Female,0,No,Yes,49,Yes,No phone service,No,No internet service,No internet service,Yes,Month-to-month,Yes,Mailed check,73.85,3586.73,No
CUST-04695,Male,0,Yes,No,62,Yes,Yes,DSL,No,Yes,No internet service,Month-to-month,No,Electronic check,81.78,5102.8,Yes
CUST-04696,Male,0,Yes,Yes,72,Yes,No,Fiber optic,No internet service,No internet service,No,Month-to-month,No,Credit card,76.9,5496.86,No
CUST-04697,Male,0,Yes,No,64,Yes,No,Fiber optic,No internet service,No,Yes,Month-to-month,Yes,Credit card,19.63,1227.66,Yes
CUST-04698,Female,1,No,Yes,67,Yes,No,DSL,Yes,Yes,No internet service,Month-to-month,Yes,Electronic check,72.62,4817.57,Yes
CUST-04699,Female,1,No,No,70,Yes,Yes,Fiber optic,No internet service,No,No internet service,Month-to-month,Yes,Electronic check,21.86,1495.87,No
CUST-04700,Female,0,Yes,No,10,Yes,No,DSL,No internet service,Yes,No,Month-to-month,No,Electronic check,64.01,656.0,Yes
CUST-04701,Male,0,Yes,Yes,13,Yes,Yes,Fiber optic,No internet service,No internet service,No,Month-to-month,Yes,Bank transfer,22.66,280.63,Yes
CUST-04702,Female,0,No,No,2,Yes,No phone service,DSL,No,No,No,Month-to-month,No,Electronic check,64.45,92.41,Yes
CUST-04703,Male,0,No,No,7,Yes,No,DSL,No internet service,Yes,No,Month-to-month,Yes,Electronic check,49.08,319.96,Yes
CUST-04704,Male,1,Yes,No,42,No,Yes,DSL,No,No,No internet service,Two year,Yes,Bank transfer,96.94,4096.85,No
CUST-04705,Male,0,No,No,8,Yes,Yes,Fiber optic,No internet service,No,No,Month-to-month,No,Electronic check,66.87,540.64,Yes
CUST-04706,Female,0,Yes,No,18,Yes,No,DSL,No,No,Yes,One year,No,Credit card,70.23,1261.74,No
CUST-04707,Male,0,No,No,11,No,Yes,No,No internet service,No,Yes,Month-to-month,No,Credit card,110.18,1166.65,Yes
CUST-04708,Female,0,Yes,Yes,26,Yes,No,DSL,No,No,No,Month-to-month,No,Credit card,67.19,1748.11,Yes
CUST-04709,Female,0,Yes,Yes,57,Yes,No,No,No,No,No,Month-to-month,Yes,Credit card,33.95,1933.3,Yes
CUST-04710,Male,0,No,No,24,Yes,No,Fiber optic,No internet service,No,No,Month-to-month,Yes,Credit card,29.48,701.81,Yes
CUST-04711,Male,0,Yes,Yes,44,Yes,No,No,No,No internet service,Yes,Two year,Yes,Mailed check,49.19,2163.11,Yes
CUST-04712,Female,0,No,No,47,Yes,No,DSL,Yes,Yes,Yes,Month-to-month,No,Bank transfer,45.07,2075.72,Yes
CUST-04713,Male,0,No,No,49,Yes,Yes,DSL,Yes,No,No,Month-to-month,No,Electronic check,101.49,5016.31,No
CUST-04714,Female,0,No,No,43,Yes,No,Fiber optic,No internet service,No,No,One year,Yes,Credit card,95.41,4083.24,Yes
CUST-04715,Male,0,Yes,Yes,58,Yes,No,Fiber optic,No internet service,Yes,Yes,Month-to-month,No,Credit card,23.98,1406.09,No
CUST-04716,Female,0,Yes,No,32,Yes,Yes,Fiber optic,No,No internet service,No internet service,Month-to-month,No,Credit card,38.5,1217.9,No
CUST-04717,Female,0,Yes,No,27,Yes,Yes,DSL,No internet service,Yes,No,One year,No,Mailed check,63.78,1704.85,Yes
CUST-04718,Female,1,No,Yes,17,Yes,Yes,Fiber optic,Yes,No internet service,No,Month-to-month,No,Electronic check,26.89,479.63,No
CUST-04719,Female,1,Yes,No,54,Yes,No,DSL,Yes,No,No,Two year,No,Electronic check,34.95,1879.18,No
CUST-04720,Male,1,Yes,No,32,Yes,Yes,Fiber optic,No,No,No,Month-to-month,Yes,Credit card,110.66,3552.71,No
CUST-04721,Male,0,Yes,Yes,14,Yes,No,Fiber optic,No,No internet service,Yes,One year,Yes,Mailed check,73.2,1002.22,Yes
CUST-04722,Female,0,Yes,No,60,Yes,Yes,Fiber optic,No,No internet service,No internet service,Two year,Yes,Mailed check,99.26,5932.15,No
CUST-04723,Female,0,No,Yes,10,Yes,No,No,No,No internet service,Yes,Two year,Yes,Credit card,51.72,487.11,No
CUST-04724,Male,1,Yes,No,35,Yes,No,DSL,Yes,No,No,Two year,Yes,Credit card,56.23,1948.14,No
CUST-04725,Male,1,No,No,14,No,Yes,Fiber optic,No,No,No,Month-to-month,Yes,Mailed check,105.55,1434.19,No
CUST-04726,Male,1,No,No,52,Yes,Yes,DSL,No,No internet service,Yes,Month-to-month,Yes,Electronic check,85.03,4379.34,No
CUST-04727,Male,0,No,No,61,Yes,Yes,DSL,No internet service,No,No internet service,Two year,Yes,Mailed check,87.19,5353.88,No
CUST-04728,Male,1,No,No,47,Yes,No,Fiber optic,No internet service,No,Yes,Month-to-month,Yes,Mailed check,83.17,3886.98,Yes
CUST-04729,Male,0,Yes,No,14,Yes,No,Fiber optic,No,No internet service,Yes,Two year,Yes,Electronic check,73.2,1028.63,No
CUST-04730,Female,0,Yes,No,62,Yes,Yes,No,Yes,No,No,One year,Yes,Electronic check,119.1,7383.84,No
CUST-04731,Male,0,Yes,Yes,42,Yes,No,Fiber optic,No internet service,No,No internet service,Two year,Yes,Electronic check,109.21,4600.24,Yes
CUST-04732,Male,0,No,Yes,49,Yes,Yes,DSL,Yes,No,Yes,Month-to-month,Yes,Electronic check,90.51,4449.78,Yes
CUST-04733,Female,0,Yes,No,59,Yes,No,DSL,Yes,No internet service,No,Month-to-month,No,Bank transfer,87.17,5129.71,No
CUST-04734,Male,0,No,No,58,Yes,Yes,Fiber optic,Yes,No,Yes,One year,Yes,Electronic check,26.6,1506.14,No
CUST-04735,Male,0,Yes,Yes,14,Yes,No,Fiber optic,No internet service,Yes,No,Two year,Yes,Mailed check,67.49,912.6,No
CUST-04736,Male,0,Yes,Yes,28,Yes,No,DSL,No internet service,No,No,Two year,Yes,Mailed check,68.59,1906.45,No
CUST-04737,Male,1,Yes,No,39,Yes,No,Fiber optic,No internet service,No internet service,Yes,Two year,Yes,Electronic check,23.3,914.71,No
CUST-04738,Male,0,No,No,30,No,Yes,No,No,No,Yes,One year,Yes,Mailed check,95.07,2863.52,No
CUST-04739,Female,0,Yes,No,72,Yes,Yes,Fiber optic,Yes,No internet service,Yes,Month-to-month,Yes,Mailed check,18.2,1353.64,Yes
CUST-04740,Male,0,No,No,10,Yes,No,Fiber optic,No internet service,Yes,No internet service,Two year,No,Bank transfer,61.37,594.22,No
CUST-04741,Female,1,No,No,61,Yes,No,No,No,No,No internet service,Month-to-month,Yes,Bank transfer,110.13,6678.86,Yes
CUST-04742,Female,0,No,No,7,Yes,Yes,No,No,Yes,No,Month-to-month,No,Credit card,52.72,372.81,Yes
CUST-04743,Male,0,Yes,No,50,Yes,No,DSL,Yes,No,No internet service,One year,No,Credit card,77.43,3828.16,No
CUST-04744,Female,0,Yes,Yes,56,Yes,Yes,DSL,Yes,No,No,One year,Yes,Electronic check,49.41,2733.52,No
CUST-04745,Male,0,No,No,3,No,Yes,Fiber optic,No internet service,No internet service,No,Month-to-month,Yes,Bank transfer,36.26,114.19,Yes
CUST-04746,Female,0,No,No,35,Yes,No,Fiber optic,Yes,Yes,No,Month-to-month,Yes,Credit card,92.46,3278.55,Yes
CUST-04747,Female,1,No,No,18,Yes,No phone service,No,Yes,Yes,No internet service,Two year,Yes,Mailed check,38.87,669.21,Yes
CUST-04748,Male,0,No,Yes,23,Yes,Yes,No,No,Yes,Yes,Two year,Yes,Credit card,25.36,569.53,No
CUST-04749,Male,0,No,No,40,No,No,DSL,Yes,Yes,Yes,Month-to-month,Yes,Electronic check,62.38,2489.49,No
CUST-04750,Male,1,Yes,Yes,48,Yes,No,Fiber optic,Yes,Yes,No internet service,One year,No,Credit card,90.31,4380.23,Yes
CUST-04751,Male,1,Yes,Yes,45,Yes,No phone service,Fiber optic,No internet service,No internet service,No internet service,Month-to-month,No,Electronic check,77.16,3495.76,Yes
CUST-04752,Male,0,Yes,No,35,Yes,Yes,Fiber optic,No,No,Yes,Month-to-month,No,Credit card,42.93,1485.77,Yes
CUST-04753,Female,1,No,No,9,Yes,No phone service,No,No,No internet service,No,Two year,Yes,Credit card,101.41,889.83,No
CUST-04754,Female,0,No,No,6,No,Yes,Fiber optic,No,Yes,Yes,Month-to-month,Yes,Mailed check,27.9,169.25,Yes
CUST-04755,Female,0,Yes,No,11,Yes,Yes,Fiber optic,Yes,No internet service,Yes,One year,No,Mailed check,86.37,938.21,Yes
CUST-04756,Female,0,Yes,No,47,Yes,Yes,DSL,No,Yes,Yes,One year,No,Mailed check,79.88,3766.04,No
CUST-04757,Female,0,No,No,36,Yes,Yes,Fiber optic,Yes,No internet service,No,One year,Yes,Mailed check,109.69,3952.32,Yes
CUST-04758,Female,0,No,No,35,Yes,No,DSL,Yes,No,Yes,Month-to-month,No,Bank transfer,71.75,2464.63,No
CUST-04759,Female,0,No,Yes,59,Yes,No,Fiber optic,Yes,No,Yes,Month-to-month,No,Credit card,101.54,5948.31,No
CUST-04760,Male,0,Yes,No,7,Yes,Yes,DSL,Yes,No,Yes,Two year,Yes,Mailed check,39.96,243.12,No
CUST-04761,Male,0,No,No,6,Yes,Yes,Fiber optic,No,No internet service,No,Month-to-month,No,Electronic check,73.62,456.79,Yes
CUST-04762,Female,0,No,Yes,42,Yes,Yes,DSL,Yes,No,Yes,One year,No,Bank transfer,72.33,3085.59,No
CUST-04763,Female,0,No,No,57,Yes,Yes,DSL,Yes,Yes,Yes,Month-to-month,Yes,Electronic check,48.12,2738.1,No
CUST-04764,Male,0,Yes,No,45,Yes,Yes,DSL,No internet service,No,No internet service,Month-to-month,No,Mailed check,18.52,798.34,Yes
CUST-04765,Male,0,No,No,33,Yes,Yes,No,Yes,No internet service,No,Two year,No,Credit card,93.91,3110.03,No
CUST-04766,Male,0,Yes,No,71,Yes,Yes,DSL,No,No internet service,No,Month-to-month,No,Credit card,58.46,4163.2,No
CUST-04767,Male,0,No,No,21,Yes,No,Fiber optic,No,No,No,One year,Yes,Credit card,48.61,1046.39,Yes
CUST-04768,Female,0,No,Yes,20,Yes,No,DSL,No internet service,Yes,Yes,One year,Yes,Mailed check,37.8,776.98,No
CUST-04769,Male,0,Yes,Yes,14,Yes,Yes,Fiber optic,Yes,No,No,Two year,No,Electronic check,104.88,1487.1,Yes
CUST-04770,Female,0,No,No,4,Yes,Yes,Fiber optic,Yes,No internet service,No internet service,Month-to-month,No,Credit card,52.06,230.72,Yes
CUST-04771,Female,1,Yes,No,16,Yes,No,DSL,No,No,Yes,One year,Yes,Electronic check,38.8,652.72,No
CUST-04772,Female,0,No,No,71,No,Yes,DSL,No,No,No internet service,One year,Yes,Mailed check,71.39,5108.24,Yes
CUST-04773,Male,0,Yes,No,18,Yes,No,DSL,Yes,No,No,Month-to-month,No,Credit card,97.75,1709.84,Yes
CUST-04774,Male,0,No,No,4,Yes,No phone service,Fiber optic,Yes,Yes,No internet service,Month-to-month,Yes,Bank transfer,79.45,334.42,No
CUST-04775,Female,1,Yes,No,22,Yes,No,DSL,Yes,No internet service,No internet service,Month-to-month,Yes,Mailed check,115.94,2594.8,No
CUST-04776,Female,0,Yes,Yes,13,Yes,No,Fiber optic,Yes,No internet service,No internet service,Month-to-month,Yes,Bank transfer,115.59,1528.46,No
CUST-04777,Female,0,No,Yes,9,Yes,Yes,DSL,Yes,Yes,Yes,Two year,No,Mailed check,110.04,948.5,No
CUST-04778,Male,0,Yes,No,30,Yes,Yes,Fiber optic,No,No internet service,Yes,One year,Yes,Bank transfer,75.65,2293.13,No
CUST-04779,Female,0,No,No,12,Yes,No,Fiber optic,No,No internet service,Yes,Month-to-month,Yes,Mailed check,96.36,1131.58,No
CUST-04780,Male,0,Yes,No,21,Yes,No,DSL,No,No,No,Month-to-month,Yes,Electronic check,47.43,964.44,No
CUST-04781,Female,0,No,No,36,Yes,No,No,No,No,No,Month-to-month,Yes,Electronic check,76.69,2731.16,No
CUST-04782,Female,0,No,No,38,No,No,No,Yes,Yes,Yes,Month-to-month,Yes,Credit card,24.78,988.85,No
CUST-04783,Female,0,No,No,9,Yes,Yes,DSL,No internet service,Yes,No,Two year,Yes,Credit card,44.87,419.74,No
CUST-04784,Male,0,No,No,30,Yes,Yes,Fiber optic,No internet service,No,Yes,One year,Yes,Credit card,51.18,1583.19,Yes
CUST-04785,Male,0,Yes,No,42,Yes,Yes,DSL,Yes,Yes,No,Two year,No,Mailed check,54.85,2338.42,No
CUST-04786,Female,0,No,No,35,Yes,No,Fiber optic,No,No internet service,No,One year,Yes,Credit card,34.42,1247.19,Yes
CUST-04787,Male,0,No,No,34,Yes,Yes,DSL,No,No internet service,No internet service,Month-to-month,Yes,Mailed check,26.49,906.15,No
CUST-04788,Female,1,No,Yes,67,No,Yes,No,Yes,Yes,No,Month-to-month,No,Bank transfer,76.99,5143.2,No
CUST-04789,Male,1,No,No,54,Yes,No,Fiber optic,No internet service,Yes,No internet service,Two year,Yes,Bank transfer,68.11,3701.79,No
CUST-04790,Male,0,No,No,67,Yes,Yes,No,Yes,Yes,No internet service,Month-to-month,No,Mailed check,77.62,5152.35,No
CUST-04791,Male,0,Yes,No,46,Yes,No,Fiber optic,No,No internet service,No,Two year,Yes,Bank transfer,31.19,1449.11,No
CUST-04792,Female,0,No,No,5,Yes,Yes,DSL,No,No,Yes,One year,Yes,Electronic check,114.66,618.95,No
CUST-04793,Male,0,Yes,No,27,Yes,No,DSL,No,No,Yes,Two year,No,Electronic check,60.16,1658.91,No
CUST-04794,Male,0,Yes,Yes,29,Yes,Yes,Fiber optic,Yes,No,No internet service,Month-to-month,Yes,Mailed check,63.85,1820.6,Yes
CUST-04795,Female,1,No,No,26,No,No,Fiber optic,No,Yes,No,One year,No,Electronic check,73.79,1881.34,No
CUST-04796,Female,0,No,Yes,68,Yes,No,No,No internet service,Yes,Yes,One year,Yes,Bank transfer,88.39,6043.17,Yes
CUST-04797,Female,0,Yes,Yes,38,Yes,No,No,No internet service,No,Yes,One year,Yes,Credit card,57.26,2131.22,No
CUST-04798,Female,0,Yes,No,34,Yes,No,Fiber optic,No,No,Yes,Two year,Yes,Credit card,32.6,1157.93,Yes
CUST-04799,Male,0,Yes,No,43,Yes,No,Fiber optic,No,No,Yes,Two year,No,Mailed check,97.88,4205.58,No
CUST-04800,Male,0,No,No,14,Yes,Yes,DSL,No,Yes,Yes,Month-to-month,No,Electronic check,44.58,666.88,Yes
CUST-04801,Male,0,Yes,No,31,Yes,No,No,No,No,No,Month-to-month,No,Credit card,63.17,1989.4,Yes
CUST-04802,Male,0,Yes,No,28,Yes,Yes,DSL,Yes,No,No,One year,No,Credit card,82.5,2329.74,No
CUST-04803,Male,1,No,Yes,62,Yes,Yes,Fiber optic,No,No,No internet service,One year,Yes,Credit card,116.47,7191.72,No
CUST-04804,Female,0,Yes,Yes,5,Yes,Yes,DSL,No internet service,Yes,No,Month-to-month,No,Mailed check,21.43,65.72,Yes
CUST-04805,Male,1,No,No,26,Yes,Yes,No,No internet service,Yes,No internet service,Two year,Yes,Electronic check,70.92,1859.49,No
CUST-04806,Male,0,Yes,Yes,27,Yes,No phone service,DSL,No,Yes,Yes,One year,Yes,Electronic check,113.48,3032.93,No
CUST-04807,Male,0,No,No,4,Yes,Yes,No,Yes,No,No,Month-to-month,Yes,Credit card,44.02,208.95,No
CUST-04808,Female,0,Yes,No,40,Yes,Yes,Fiber optic,No internet service,Yes,Yes,Month-to-month,No,Electronic check,29.45,1134.71,Yes
CUST-04809,Female,0,No,No,55,Yes,No,DSL,No internet service,No internet service,No internet service,Month-to-month,Yes,Electronic check,78.88,4340.79,No
CUST-04810,Male,1,No,Yes,53,Yes,Yes,Fiber optic,No,Yes,Yes,Two year,No,Credit card,33.52,1768.76,Yes
CUST-04811,Female,0,Yes,No,17,Yes,No,DSL,No internet service,No,No internet service,Two year,Yes,Mailed check,107.64,1872.37,No
CUST-04812,Female,0,No,No,42,No,No phone service,DSL,No internet service,No internet service,No internet service,One year,No,Credit card,91.76,3893.77,No
CUST-04813,Female,0,Yes,Yes,28,Yes,Yes,No,No,Yes,No,Two year,No,Electronic check,30.34,871.55,No
CUST-04814,Female,0,No,No,9,No,Yes,DSL,No,No,No,Month-to-month,Yes,Electronic check,76.9,717.63,Yes
CUST-04815,Female,1,No,No,5,No,Yes,DSL,No,No,No,Month-to-month,Yes,Electronic check,20.77,124.5,No
CUST-04816,Female,0,No,No,3,Yes,No,Fiber optic,No,No,No,Two year,Yes,Mailed check,104.21,330.11,No
CUST-04817,Female,0,No,No,33,Yes,Yes,Fiber optic,Yes,No,No,Month-to-month,Yes,Electronic check,38.95,1335.04,Yes
CUST-04818,Male,0,No,Yes,32,Yes,No,No,No,Yes,Yes,One year,Yes,Electronic check,92.65,2988.41,Yes
CUST-04819,Male,1,No,No,3,Yes,No,DSL,Yes,Yes,No internet service,Two year,No,Electronic check,28.84,131.08,No
CUST-04820,Female,0,No,No,43,Yes,No,DSL,No,No internet service,Yes,Month-to-month,Yes,Mailed check,66.19,2839.89,No
CUST-04821,Male,0,Yes,Yes,30,Yes,Yes,DSL,No internet service,No,No,Month-to-month,Yes,Credit card,112.78,3433.21,Yes
CUST-04822,Male,0,Yes,No,65,Yes,Yes,Fiber optic,No,Yes,Yes,Month-to-month,Yes,Electronic check,25.6,1675.45,Yes
CUST-04823,Female,0,No,Yes,57,Yes,No,Fiber optic,Yes,No,No internet service,Two year,Yes,Electronic check,48.13,2783.9,No
CUST-04824,Male,0,No,No,59,Yes,No,DSL,No internet service,Yes,No,Two year,Yes,Mailed check,97.83,5731.06,No
CUST-04825,Female,0,No,Yes,1,No,Yes,No,Yes,Yes,No,Month-to-month,No,Bank transfer,65.26,76.31,Yes
CUST-04826,Female,0,Yes,No,35,Yes,No,No,No internet service,Yes,Yes,Two year,No,Mailed check,84.33,3000.83,No
CUST-04827,Female,0,No,No,69,Yes,No,No,No,No,No internet service,One year,No,Bank transfer,100.82,,No
CUST-04828,Male,0,Yes,No,59,Yes,Yes,DSL,No,No,Yes,Month-to-month,Yes,Bank transfer,97.97,5824.93,No
CUST-04829,Male,0,No,No,22,Yes,No phone service,Fiber optic,No,No internet service,No,Month-to-month,No,Bank transfer,58.33,1247.85,Yes
CUST-04830,Male,0,No,No,46,Yes,No,No,Yes,No,No internet service,Month-to-month,No,Bank transfer,61.92,2897.93,Yes
CUST-04831,Male,1,No,No,45,Yes,No,Fiber optic,No,No,Yes,Month-to-month,No,Bank transfer,76.25,3410.14,Yes
CUST-04832,Female,1,No,No,43,Yes,No,No,Yes,Yes,No,One year,No,Mailed check,30.52,1341.72,No
CUST-04833,Female,0,No,No,18,Yes,No,No,No,No,Yes,Month-to-month,Yes,Electronic check,106.69,1873.19,Yes
CUST-04834,Male,0,Yes,No,48,Yes,No,DSL,No,No,No,Two year,Yes,Mailed check,27.54,1300.6,No
CUST-04835,Female,0,No,No,57,Yes,Yes,Fiber optic,No,Yes,No,Month-to-month,Yes,Credit card,36.85,2110.77,Yes
CUST-04836,Female,0,Yes,No,6,Yes,No,DSL,No internet service,No internet service,No internet service,One year,Yes,Mailed check,114.37,658.95,Yes
CUST-04837,Male,0,Yes,No,40,Yes,Yes,DSL,No,Yes,Yes,Month-to-month,Yes,Electronic check,46.75,1896.07,Yes
CUST-04838,Female,0,No,Yes,14,Yes,Yes,No,No,No internet service,Yes,Month-to-month,No,Electronic check,42.91,618.31,Yes
CUST-04839,Male,0,No,No,52,Yes,Yes,No,No internet service,No internet service,No internet service,Two year,No,Credit card,61.39,3241.37,No
CUST-04840,Female,1,No,Yes,22,Yes,No,No,Yes,No,No internet service,Month-to-month,Yes,Credit card,91.88,2029.79,No
CUST-04841,Male,0,Yes,No,72,Yes,No,DSL,No internet service,No internet service,Yes,Two year,Yes,Mailed check,55.35,4012.01,No
CUST-04842,Female,0,Yes,Yes,64,Yes,No,No,Yes,Yes,Yes,Two year,No,Mailed check,107.22,6819.53,No
CUST-04843,Female,0,Yes,No,59,Yes,No,No,No,No,No,Two year,Yes,Credit card,33.23,1914.87,No
CUST-04844,Male,0,No,No,9,Yes,Yes,No,No internet service,No internet service,No,Month-to-month,No,Credit card,30.03,278.43,Yes
CUST-04845,Male,0,Yes,No,57,Yes,Yes,No,No internet service,No internet service,Yes,Two year,Yes,Mailed check,25.89,1524.27,No
CUST-04846,Male,0,Yes,No,46,No,Yes,Fiber optic,No,Yes,No internet service,Month-to-month,No,Credit card,48.43,2204.66,Yes
CUST-04847,Male,0,Yes,No,14,Yes,Yes,DSL,Yes,No,No,Two year,No,Credit card,38.35,487.07,No
CUST-04848,Female,0,No,No,8,Yes,No,DSL,No internet service,No,Yes,One year,Yes,Mailed check,65.06,504.57,Yes
CUST-04849,Female,1,Yes,No,12,Yes,No,DSL,No internet service,No,No,Month-to-month,No,Electronic check,119.56,1458.63,Yes
CUST-04850,Male,0,Yes,No,22,Yes,Yes,Fiber optic,No,Yes,No,One year,Yes,Credit card,106.59,2375.21,Yes
CUST-04851,Female,0,No,No,32,Yes,No,DSL,Yes,No,No,Month-to-month,Yes,Bank transfer,109.29,3525.39,Yes
CUST-04852,Male,0,No,No,8,No,No,Fiber optic,No,Yes,No,Two year,No,Credit card,102.74,780.01,No
CUST-04853,Male,0,No,Yes,2,Yes,Yes,DSL,Yes,No,Yes,Month-to-month,No,Mailed check,45.71,118.5,Yes
CUST-04854,Female,0,Yes,No,72,Yes,No,No,No internet service,No,No,Month-to-month,No,Bank transfer,41.09,2916.65,Yes
CUST-04855,Female,0,Yes,No,24,Yes,Yes,DSL,No,No,No internet service,Month-to-month,Yes,Bank transfer,92.68,2273.04,No
CUST-04856,Male,1,Yes,No,70,Yes,No,Fiber optic,No,No,No,Month-to-month,Yes,Credit card,79.09,5523.35,No
CUST-04857,Male,1,No,No,35,Yes,Yes,Fiber optic,Yes,No,No,Month-to-month,Yes,Mailed check,39.02,1385.05,Yes
CUST-04858,Male,0,Yes,No,19,No,No,DSL,No,No,No internet service,Month-to-month,Yes,Mailed check,116.67,2215.18,Yes
CUST-04859,Female,1,No,No,53,Yes,No,Fiber optic,No,No,Yes,One year,No,Credit card,61.27,3221.37,Yes
CUST-04860,Female,0,No,Yes,18,Yes,No phone service,Fiber optic,No,Yes,Yes,Month-to-month,Yes,Electronic check,101.07,1830.35,Yes
CUST-04861,Female,0,Yes,No,59,Yes,No,Fiber optic,No internet service,No,No internet service,One year,Yes,Bank transfer,25.53,1457.86,No
CUST-04862,Female,0,Yes,Yes,36,Yes,Yes,No,No,No,No,Month-to-month,No,Mailed check,21.59,777.76,Yes
CUST-04863,Male,1,Yes,No,2,Yes,No,DSL,Yes,Yes,No internet service,Two year,Yes,Mailed check,64.49,82.88,No
CUST-04864,Male,0,No,No,18,Yes,No,No,No,No,Yes,Two year,Yes,Credit card,30.18,550.02,No
CUST-04865,Male,0,No,Yes,52,Yes,No,No,No,No,No,Two year,No,Credit card,117.88,6125.49,No
CUST-04866,Male,0,Yes,No,45,Yes,No phone service,No,No,No,No internet service,Month-to-month,No,Electronic check,100.83,4576.82,Yes
CUST-04867,Male,0,No,No,55,Yes,No,Fiber optic,No,No,Yes,Month-to-month,Yes,Credit card,64.32,3584.2,No
CUST-04868,Male,0,Yes,Yes,69,Yes,No,DSL,Yes,No,No internet service,Month-to-month,No,Mailed check,117.91,8150.9,Yes
CUST-04869,Female,1,Yes,No,30,Yes,Yes,Fiber optic,No,No internet service,Yes,Two year,No,Bank transfer,42.3,1237.52,No
CUST-04870,Female,0,Yes,Yes,52,No,Yes,DSL,No,No,No internet service,One year,Yes,Mailed check,87.26,4539.88,No
CUST-04871,Male,0,No,No,33,No,No phone service,DSL,No internet service,No,No internet service,Month-to-month,No,Mailed check,19.79,603.23,Yes
CUST-04872,Male,0,No,No,30,Yes,No phone service,DSL,No,No internet service,No,One year,No,Credit card,55.97,1705.91,Yes
CUST-04873,Female,0,Yes,No,59,Yes,Yes,Fiber optic,No,Yes,No,One year,Yes,Electronic check,26.09,1493.43,No
CUST-04874,Female,0,Yes,No,10,Yes,No,DSL,No,Yes,No,One year,Yes,Bank transfer,55.47,585.46,Yes
CUST-04875,Female,0,No,No,5,Yes,No,No,No,No,No internet service,Month-to-month,Yes,Credit card,56.82,260.57,No
CUST-04876,Female,0,Yes,Yes,26,Yes,No,Fiber optic,No,No internet service,No,Month-to-month,Yes,Bank transfer,56.27,1438.02,Yes
CUST-04877,Male,0,No,No,6,Yes,No,DSL,Yes,Yes,No internet service,One year,Yes,Credit card,60.27,320.59,Yes
CUST-04878,Male,0,Yes,No,48,Yes,Yes,No,No internet service,Yes,Yes,One year,Yes,Bank transfer,80.92,3902.74,Yes
CUST-04879,Male,0,No,Yes,71,Yes,No,No,Yes,Yes,No,Month-to-month,Yes,Mailed check,37.32,2636.32,Yes
CUST-04880,Male,0,Yes,No,59,Yes,Yes,DSL,No internet service,No,Yes,Month-to-month,No,Mailed check,41.91,2431.68,No
CUST-04881,Male,0,No,Yes,32,Yes,No,DSL,No,No internet service,Yes,Month-to-month,No,Credit card,83.83,2664.66,Yes
CUST-04882,Female,1,Yes,No,46,Yes,No,DSL,No,No internet service,No,Two year,No,Credit card,65.56,3057.97,No
CUST-04883,Male,0,No,No,43,No,No,No,No,Yes,Yes,Month-to-month,Yes,Mailed check,34.52,1437.85,No
CUST-04884,Female,0,No,No,26,Yes,No,DSL,Yes,Yes,Yes,Two year,Yes,Credit card,98.3,2572.71,No
CUST-04885,Male,0,No,No,21,Yes,No,Fiber optic,No,No internet service,No,Two year,No,Bank transfer,112.95,2372.05,No
CUST-04886,Male,0,No,No,46,Yes,No,Fiber optic,No,Yes,No internet service,Two year,Yes,Bank transfer,65.46,3020.92,No
CUST-04887,Male,1,Yes,Yes,47,Yes,No,Fiber optic,No internet service,No,No,Month-to-month,Yes,Credit card,80.63,3778.77,Yes
CUST-04888,Male,0,No,No,29,Yes,Yes,Fiber optic,No,Yes,Yes,Month-to-month,No,Bank transfer,101.17,2932.08,Yes
CUST-04889,Male,0,No,No,1,Yes,No phone service,Fiber optic,No internet service,Yes,No internet service,Month-to-month,Yes,Bank transfer,116.3,142.23,Yes
CUST-04890,Female,0,Yes,No,14,Yes,Yes,DSL,Yes,No,No,One year,Yes,Mailed check,116.85,1634.22,No
CUST-04891,Female,0,No,No,46,Yes,No,Fiber optic,Yes,No,Yes,Month-to-month,No,Electronic check,112.13,5145.61,Yes
CUST-04892,Female,0,Yes,Yes,26,Yes,Yes,Fiber optic,No,No,No internet service,Month-to-month,No,Bank transfer,101.23,2609.56,No
CUST-04893,Male,0,No,No,70,Yes,No,No,No,No,Yes,One year,Yes,Credit card,61.43,4295.15,No
CUST-04894,Male,0,No,Yes,26,Yes,Yes,No,No,No,Yes,Month-to-month,No,Electronic check,86.3,2251.37,Yes
CUST-04895,Female,0,No,Yes,12,Yes,No phone service,DSL,No,No internet service,Yes,One year,Yes,Bank transfer,95.87,1137.89,No
CUST-04896,Male,0,No,No,54,Yes,Yes,DSL,No internet service,No internet service,No,Two year,No,Electronic check,27.37,1518.08,No
CUST-04897,Male,1,No,Yes,16,Yes,Yes,No,Yes,Yes,No,Two year,Yes,Electronic check,29.87,527.51,No
CUST-04898,Female,0,No,Yes,58,Yes,No,No,Yes,No,No,Month-to-month,Yes,Electronic check,89.95,5187.51,No
CUST-04899,Male,0,Yes,No,9,Yes,Yes,DSL,No internet service,No internet service,No,Month-to-month,Yes,Mailed check,86.03,788.7,Yes
CUST-04900,Female,0,Yes,Yes,32,Yes,No,Fiber optic,Yes,No internet service,No,Month-to-month,Yes,Electronic check,99.99,3170.3,Yes
CUST-04901,Male,0,No,Yes,36,Yes,No,Fiber optic,No,Yes,Yes,Month-to-month,Yes,Mailed check,36.83,1329.99,Yes
CUST-04902,Female,0,No,Yes,7,Yes,No,Fiber optic,No,No,Yes,Month-to-month,Yes,Credit card,113.54,784.11,Yes
CUST-04903,Male,0,Yes,Yes,32,Yes,Yes,Fiber optic,Yes,No,Yes,Two year,No,Credit card,42.31,1328.46,No
CUST-04904,Male,0,Yes,No,6,Yes,Yes,No,Yes,No,No,Two year,Yes,Electronic check,31.78,174.89,Yes
CUST-04905,Female,0,No,No,33,Yes,Yes,DSL,No,No,No internet service,Month-to-month,No,Mailed check,51.08,1647.97,No
CUST-04906,Male,0,No,No,70,Yes,Yes,Fiber optic,Yes,No,Yes,Two year,Yes,Bank transfer,100.47,6990.85,No
CUST-04907,Male,1,No,No,6,Yes,Yes,Fiber optic,No,No,No internet service,Month-to-month,Yes,Credit card,20.88,120.29,Yes
CUST-04908,Female,0,No,Yes,40,Yes,No,Fiber optic,Yes,No,Yes,Month-to-month,No,Bank transfer,41.14,1677.13,Yes
CUST-04909,Male,0,No,Yes,54,Yes,No,Fiber optic,Yes,Yes,No internet service,One year,Yes,Electronic check,115.47,6253.67,No
CUST-04910,Female,0,No,Yes,6,Yes,Yes,DSL,No,No internet service,No internet service,One year,Yes,Mailed check,19.73,127.91,Yes
CUST-04911,Male,0,Yes,No,17,Yes,Yes,DSL,No internet service,Yes,No,Two year,No,Bank transfer,46.38,780.51,Yes
CUST-04912,Male,0,No,No,42,Yes,No,Fiber optic,No internet service,Yes,Yes,Two year,Yes,Mailed check,51.23,2148.52,No
CUST-04913,Male,0,No,No,39,No,Yes,Fiber optic,No internet service,No internet service,No,Month-to-month,No,Credit card,112.24,4329.51,Yes
CUST-04914,Male,0,Yes,No,52,Yes,No,DSL,No,No,Yes,Two year,Yes,Credit card,104.82,5494.65,No
CUST-04915,Female,0,Yes,Yes,13,Yes,Yes,Fiber optic,No,No,No,Month-to-month,No,Mailed check,64.93,825.18,Yes
CUST-04916,Male,0,Yes,No,20,Yes,No,Fiber optic,No,No,No,Month-to-month,Yes,Credit card,50.39,1049.25,Yes
CUST-04917,Female,0,Yes,No,56,Yes,No,Fiber optic,No,Yes,No,Month-to-month,No,Credit card,114.33,6424.11,Yes
CUST-04918,Male,0,No,No,45,Yes,No phone service,Fiber optic,No,Yes,No,Two year,No,Credit card,37.21,1680.62,No
CUST-04919,Male,0,Yes,No,25,Yes,Yes,Fiber optic,Yes,Yes,Yes,One year,Yes,Bank transfer,66.64,1660.52,Yes
CUST-04920,Male,0,Yes,No,23,Yes,Yes,DSL,No,No,No internet service,Two year,Yes,Credit card,60.68,1377.94,No
CUST-04921,Male,0,No,No,4,Yes,No,Fiber optic,No,No internet service,Yes,Month-to-month,No,Mailed check,113.39,467.39,Yes
CUST-04922,Female,0,Yes,No,41,Yes,No phone service,DSL,Yes,No internet service,No internet service,Month-to-month,No,Credit card,95.09,3945.71,Yes
CUST-04923,Female,0,Yes,No,42,Yes,No,Fiber optic,No,No,No,Month-to-month,No,Mailed check,65.26,2771.35,Yes
CUST-04924,Female,0,No,No,31,Yes,No,Fiber optic,No,Yes,Yes,Month-to-month,Yes,Mailed check,79.92,2466.63,Yes
CUST-04925,Female,0,No,Yes,5,Yes,Yes,DSL,Yes,Yes,Yes,Month-to-month,No,Bank transfer,110.57,551.07,Yes
CUST-04926,Male,0,No,No,66,No,Yes,DSL,No internet service,No,Yes,Month-to-month,No,Mailed check,102.79,6780.99,No
CUST-04927,Female,0,No,No,6,No,Yes,DSL,No,No internet service,Yes,Month-to-month,Yes,Bank transfer,80.78,460.63,Yes
CUST-04928,Female,0,No,Yes,28,Yes,No,Fiber optic,No internet service,No internet service,No,Month-to-month,No,Mailed check,111.36,3152.81,Yes
CUST-04929,Male,0,No,No,33,Yes,Yes,DSL,No,Yes,Yes,Month-to-month,Yes,Mailed check,56.79,1893.35,Yes
CUST-04930,Male,0,No,Yes,6,Yes,Yes,DSL,No,Yes,Yes,Month-to-month,No,Bank transfer,92.78,566.43,Yes
CUST-04931,Male,0,Yes,No,57,Yes,No,Fiber optic,No internet service,Yes,Yes,One year,Yes,Bank transfer,19.64,1112.81,No
CUST-04932,Male,0,Yes,No,30,Yes,No phone service,DSL,No internet service,No internet service,No,Two year,No,Mailed check,77.46,2297.7,No
CUST-04933,Female,0,No,No,72,Yes,No,Fiber optic,Yes,No,No,One year,Yes,Mailed check,31.97,2315.82,No
CUST-04934,Female,0,Yes,Yes,44,Yes,No,No,Yes,No,No internet service,Two year,No,Electronic check,71.48,3118.8,No
CUST-04935,Male,1,No,No,46,No,No phone service,No,No,No internet service,Yes,Month-to-month,Yes,Mailed check,43.14,1935.32,No
CUST-04936,Male,0,Yes,No,71,Yes,Yes,DSL,No,No internet service,No internet service,Month-to-month,No,Bank transfer,56.83,3991.59,Yes
CUST-04937,Male,0,No,No,72,Yes,Yes,Fiber optic,No,No,Yes,Month-to-month,No,Mailed check,98.8,7133.0,Yes
CUST-04938,Female,0,Yes,No,72,Yes,No,Fiber optic,No,Yes,Yes,Month-to-month,No,Electronic check,23.98,1714.31,No
CUST-04939,Female,0,No,No,39,Yes,No,No,No,Yes,No,One year,No,Mailed check,72.81,2810.23,No
CUST-04940,Male,0,Yes,No,29,No,No,Fiber optic,No,Yes,No,Two year,Yes,Credit card,32.78,924.41,No
CUST-04941,Male,0,No,Yes,61,Yes,Yes,Fiber optic,No,No,Yes,Month-to-month,Yes,Electronic check,76.47,4664.12,Yes
CUST-04942,Female,0,Yes,Yes,70,Yes,No,No,No,No,Yes,Month-to-month,Yes,Bank transfer,82.63,5824.64,No
CUST-04943,Male,0,Yes,No,16,No,No,DSL,No,No,No,One year,Yes,Credit card,36.57,562.0,No
CUST-04944,Male,0,No,Yes,4,Yes,Yes,Fiber optic,No,Yes,No,Month-to-month,Yes,Bank transfer,18.61,89.99,No
CUST-04945,Female,0,Yes,No,0,No,No,Fiber optic,No,No internet service,Yes,One year,Yes,Mailed check,26.72,32.56,Yes
CUST-04946,Male,0,Yes,Yes,30,Yes,Yes,No,No internet service,No,No internet service,Two year,Yes,Electronic check,88.34,2649.07,Yes
CUST-04947,Female,0,Yes,No,34,Yes,No phone service,No,No,Yes,Yes,Month-to-month,No,Bank transfer,56.77,1882.88,Yes
CUST-04948,Male,0,Yes,No,71,Yes,No phone service,DSL,No,No,Yes,Two year,No,Mailed check,56.04,4008.46,No
CUST-04949,Male,0,Yes,No,29,No,No,DSL,No,No internet service,No,Month-to-month,Yes,Bank transfer,88.57,2606.47,Yes
CUST-04950,Female,0,No,No,14,Yes,No phone service,DSL,No,No,Yes,Month-to-month,Yes,Credit card,68.71,915.04,Yes
CUST-04951,Female,0,No,Yes,55,Yes,Yes,DSL,No internet service,Yes,Yes,One year,Yes,Mailed check,82.98,4525.52,Yes
CUST-04952,Male,0,Yes,No,59,Yes,No,Fiber optic,No,Yes,No internet service,Two year,No,Electronic check,111.77,6553.13,No
CUST-04953,Female,0,No,No,26,Yes,Yes,Fiber optic,No internet service,Yes,Yes,Two year,Yes,Mailed check,69.7,1784.32,No
CUST-04954,Male,1,Yes,No,1,Yes,No,Fiber optic,No internet service,No,No,Month-to-month,No,Bank transfer,83.08,82.68,Yes
CUST-04955,Male,1,No,No,63,Yes,Yes,Fiber optic,Yes,No,Yes,One year,Yes,Mailed check,83.25,5198.08,No
CUST-04956,Female,0,Yes,No,4,Yes,No,DSL,No internet service,No,Yes,Month-to-month,No,Bank transfer,72.54,257.06,Yes
CUST-04957,Male,0,Yes,No,67,Yes,Yes,Fiber optic,Yes,No,Yes,One year,No,Electronic check,85.77,5737.32,Yes
CUST-04958,Male,0,Yes,No,12,No,Yes,No,Yes,No internet service,No,One year,No,Bank transfer,103.1,1250.51,No
CUST-04959,Female,0,Yes,No,22,Yes,No,Fiber optic,No,No,No,Two year,No,Credit card,100.4,2249.76,Yes
CUST-04960,Female,0,No,No,49,Yes,No,DSL,No,No,Yes,Month-to-month,No,Bank transfer,23.84,1201.15,No
CUST-04961,Male,0,No,No,72,Yes,No,DSL,No internet service,No,No,Two year,Yes,Electronic check,115.08,8241.15,No
CUST-04962,Female,1,No,No,36,Yes,No,DSL,No,No,No,Two year,No,Credit card,104.41,3805.45,No
CUST-04963,Female,0,Yes,Yes,29,Yes,Yes,Fiber optic,No,No internet service,No,Month-to-month,Yes,Electronic check,117.0,3369.7,Yes
CUST-04964,Female,0,No,No,22,Yes,No,DSL,Yes,No,Yes,Month-to-month,Yes,Mailed check,37.8,817.95,No
CUST-04965,Female,0,No,No,33,Yes,Yes,No,No,Yes,Yes,Month-to-month,Yes,Electronic check,72.71,2356.88,Yes
CUST-04966,Male,0,Yes,No,63,Yes,No,No,Yes,No,No internet service,Month-to-month,Yes,Credit card,62.87,4004.41,No
CUST-04967,Male,0,Yes,No,54,Yes,No,Fiber optic,Yes,No internet service,No,One year,No,Bank transfer,56.45,3052.89,No
CUST-04968,Male,0,Yes,No,70,Yes,No phone service,DSL,No,No internet service,Yes,Month-to-month,Yes,Mailed check,59.46,4163.83,No
CUST-04969,Female,0,No,No,8,Yes,No,Fiber optic,No internet service,No,No,Month-to-month,Yes,Electronic check,110.17,832.88,Yes
CUST-04970,Female,0,No,No,3,Yes,No,No,No,No,Yes,Month-to-month,Yes,Bank transfer,89.24,218.06,Yes
CUST-04971,Female,0,Yes,No,65,Yes,No,DSL,No,Yes,Yes,Month-to-month,No,Electronic check,51.12,3341.02,No
CUST-04972,Female,1,No,Yes,32,Yes,Yes,No,Yes,No,Yes,Month-to-month,Yes,Bank transfer,56.65,1811.03,Yes
CUST-04973,Female,0,Yes,Yes,31,Yes,Yes,Fiber optic,Yes,No,No,Month-to-month,Yes,Electronic check,65.79,2040.25,Yes
CUST-04974,Female,0,No,Yes,43,Yes,No,Fiber optic,Yes,Yes,No,One year,Yes,Mailed check,55.43,2398.51,Yes
CUST-04975,Female,0,Yes,No,36,Yes,Yes,Fiber optic,No,Yes,Yes,Month-to-month,No,Mailed check,39.43,1384.07,Yes
CUST-04976,Male,0,No,No,66,Yes,No,Fiber optic,No,No,No internet service,Two year,Yes,Mailed check,62.41,4168.89,Yes
CUST-04977,Male,0,No,Yes,59,Yes,Yes,Fiber optic,Yes,No,No,Month-to-month,Yes,Bank transfer,26.11,1498.57,Yes
CUST-04978,Female,1,No,No,58,Yes,Yes,Fiber optic,Yes,No,No internet service,One year,No,Mailed check,105.15,6075.49,No
CUST-04979,Female,0,Yes,No,35,No,No,DSL,No internet service,No internet service,Yes,Month-to-month,Yes,Mailed check,102.14,3594.28,Yes
CUST-04980,Female,0,Yes,Yes,48,Yes,No,DSL,No internet service,No,No internet service,One year,No,Mailed check,108.98,5232.63,No
CUST-04981,Male,0,Yes,No,50,Yes,No,DSL,Yes,Yes,No,Month-to-month,Yes,Bank transfer,63.48,3133.66,Yes
CUST-04982,Male,0,No,No,7,Yes,Yes,Fiber optic,No,No internet service,No,Month-to-month,No,Mailed check,84.43,618.49,Yes
CUST-04983,Female,0,Yes,No,49,Yes,Yes,Fiber optic,No,No,No internet service,Month-to-month,No,Credit card,100.62,4977.42,No
CUST-04984,Female,0,No,No,40,Yes,No,Fiber optic,No,Yes,No,Month-to-month,Yes,Mailed check,50.12,2002.11,No
CUST-04985,Male,0,Yes,No,37,Yes,No,DSL,No internet service,No,No,Month-to-month,Yes,Electronic check,82.61,3031.88,Yes
CUST-04986,Male,0,Yes,No,54,No,No phone service,DSL,No,Yes,No internet service,Month-to-month,No,Bank transfer,62.7,3346.48,Yes
CUST-04987,Male,1,No,No,67,Yes,Yes,DSL,No,No,Yes,Month-to-month,Yes,Mailed check,56.12,3730.56,No
CUST-04988,Male,0,No,No,17,Yes,No phone service,DSL,No internet service,No,Yes,Two year,Yes,Mailed check,105.67,1777.51,No
CUST-04989,Female,0,Yes,No,64,Yes,No,DSL,No,No internet service,No internet service,Month-to-month,No,Mailed check,81.66,5195.04,No
CUST-04990,Male,0,Yes,No,63,Yes,No,No,No internet service,No,No,One year,Yes,Electronic check,81.59,5158.62,Yes
CUST-04991,Male,0,No,No,11,Yes,Yes,Fiber optic,No,Yes,Yes,Month-to-month,No,Electronic check,34.0,326.29,Yes
CUST-04992,Female,0,No,Yes,40,Yes,No,No,No internet service,Yes,Yes,Two year,Yes,Electronic check,53.39,2126.51,No
CUST-04993,Male,0,Yes,No,41,Yes,No,DSL,No internet service,No,Yes,One year,No,Mailed check,103.81,4243.62,No
CUST-04994,Male,1,No,No,59,Yes,No,No,No,Yes,Yes,Month-to-month,Yes,Bank transfer,39.78,2384.82,No
CUST-04995,Male,0,Yes,No,49,Yes,No,Fiber optic,Yes,No,Yes,One year,No,Bank transfer,116.99,5709.79,No
CUST-04996,Female,0,Yes,Yes,35,Yes,No,Fiber optic,No internet service,No,Yes,One year,No,Electronic check,102.85,3607.99,Yes
CUST-04997,Male,1,Yes,Yes,47,Yes,No phone service,Fiber optic,No internet service,No,No,Month-to-month,Yes,Mailed check,45.3,2079.57,No
CUST-04998,Female,0,No,No,70,Yes,No,Fiber optic,No,No internet service,Yes,One year,Yes,Bank transfer,29.04,2074.49,No
CUST-04999,Female,0,Yes,Yes,72,Yes,No,No,Yes,No,No,Two year,Yes,Mailed check,35.29,2554.55,No